ANNO;CODI_CONTRATTO;CODI_MACROCATEGORIA;DESC_MACROCATEGORIA;CODI_CATEGORIA;DESC_CATEGORIA;CODI_QUALIFICA;DESC_QUALIFICA
2024;ERIC;AP;ALTRO PERSONALE;RC;ASSEGNISTA DI RICERCA;;
2024;UNIV;AP;ALTRO PERSONALE;RC;ASSEGNISTA DI RICERCA;;
2024;REFR;ND;PERSONALE NON DIRIGENTE;CD;CATEGORIA D;0D0I96;RESPONSABILE DEI SERVIZI O DEGLI UFFICI IN D.O.
2024;SCLA;CO;PERSONALE DEL COMPARTO;SO;PERSONALE ATA T.D. CON CONTR. NON ANNUALE;0ASTMA;TEMP. ASSISTENTI
2024;CNEL;AP;ALTRO PERSONALE;PC;PERSONALE CONTRATTISTA;000061;CONTRATTISTI
2024;SCLA;CO;PERSONALE DEL COMPARTO;SA;PERSONALE A.T.A. A TEMPO INDETERMINATO;0OP000;OPERATORI
2024;SCBZ;AT;PERSONALE DOCENTE E PERSONALE TECNICO AMMINISTRATIVO;BA;PERSONALE ATA;0F1ATA;AMMINISTRATIVO QUALIFICA FUNZIONALE I
2024;SCAL;CO;PERSONALE DEL COMPARTO;SL;INSEGNANTI A T.D. CON CONTRATTO NON ANNUALE;014ZO6;DOC. DI REL.INC. A T.DET.SC.DELL'INF. E PRIM.DA 28 A 34 ANNI
2024;ERIC;AP;ALTRO PERSONALE;DB;DIRETTORI;0D0IST;DIRETTORE DI ISTITUTO
2024;ELAL;AP;ALTRO PERSONALE;DF;DIRIGENTI E ALTE SPECIALIZ. FUORI DOTAZIONE ORG.;0D0098;DIRIGENTE FUORI D.O. ART.110 C.2 TUEL
2024;SCAL;CO;PERSONALE DEL COMPARTO;SL;INSEGNANTI A T.D. CON CONTRATTO NON ANNUALE;014ZO7;DOC. DI REL.INC. A T.DET.SC.DELL'INF. E PRIM.DA 35 ANNI
2024;AFAM;AT;PERSONALE DOCENTE E PERSONALE TECNICO AMMINISTRATIVO;PD;PROFESSORI A TEMPO DET. CONTRATTO ANNUALE;0D0RDA;RICERCATORI TEMPO DET.ANNUALE
2024;SCLA;CO;PERSONALE DEL COMPARTO;SA;PERSONALE A.T.A. A TEMPO INDETERMINATO;0EQ000;FUNZIONARI ED ELEVATA QUALIF.
2024;ENAC;AP;ALTRO PERSONALE;PC;PERSONALE CONTRATTISTA;000061;CONTRATTISTI
2024;SCAL;CO;PERSONALE DEL COMPARTO;SL;INSEGNANTI A T.D. CON CONTRATTO NON ANNUALE;016ZN5;DOC. DI RELIGIONE  INC. A T.DET.SCUOLA MEDIA DA 21 A 27 ANNI
2024;ELAL;AP;ALTRO PERSONALE;DG;DIRETTORI GENERALI;0D0104;SEGRETARIO GENERALE CCIAA
2024;RESI;AP;ALTRO PERSONALE;DF;DIRIGENTI E ALTE SPECIALIZ. FUORI DOTAZIONE ORG.;0D0095;ALTE SPECIALIZZ. FUORI D.O.
2024;AFAM;AT;PERSONALE DOCENTE E PERSONALE TECNICO AMMINISTRATIVO;PA;PERSONALE DELLE AREE;0OP000;AFAM - OPERATORE
2024;EPNE;PR;PROFESSIONISTI;AP;PROFESSIONISTI;0D0PR2;PROFESSIONISTI II LIVELLO
2024;PRTN;AP;ALTRO PERSONALE;PC;PERSONALE CONTRATTISTA;000061;PERS. CONTRATTISTA  A T. INDETERMINATO
2024;EN60;NF;DIRIGENTI;DI;DIRIGENTI ;0D00NF;PERSONALE DIRIGENTE
2024;SCAL;CO;PERSONALE DEL COMPARTO;SL;INSEGNANTI A T.D. CON CONTRATTO NON ANNUALE;014ZO4;DOC. DI REL.INC. A T.DET.SC.DELL'INF. E PRIM.DA 15 A 20 ANNI
2024;SCBZ;AT;PERSONALE DOCENTE E PERSONALE TECNICO AMMINISTRATIVO;BD;INSEGNANTI;016132;INSEGNANTI SCUOLE SUPERIORI
2024;ERIC;AP;ALTRO PERSONALE;DG;DIRETTORI GENERALI;0D0097;DIRETTORE  GENERALE
2024;RESI;AP;ALTRO PERSONALE;DG;DIRETTORI GENERALI;0D0097;DIRETTORE  GENERALE
2024;SCAL;CO;PERSONALE DEL COMPARTO;SR;DOCENTI DI RELIGIONE A TEMPO INDETERMINATO;016ZJ3;DOC. DI RELIGIONE T. IND. SCUOLA SUPERIORE DA 9 A 14  ANNI
2024;SCLA;CO;PERSONALE DEL COMPARTO;SB;PERSONALE A.T.A. T. D. CON CONTRATTO ANNUALE;0ASSPA;SUPPL. ASSISTENTI
2024;RESA;AP;ALTRO PERSONALE;PC;PERSONALE CONTRATTISTA;000061;CONTRATTISTI
2024;MNST;AP;ALTRO PERSONALE;PC;PERSONALE CONTRATTISTA;000061;CONTRATTISTI
2024;ERIC;AP;ALTRO PERSONALE;PC;PERSONALE CONTRATTISTA;000061;CONTRATTISTI
2024;LS13;ND;PERSONALE NON DIRIGENTE;LI;PERSONALE NON DIRIGENTE;0000ND;PERSONALE NON DIRIGENTE
2024;ESAE;2F;DIRIGENTI DI 2^ FASCIA;D2;DIRIGENTI DI 2^ FASCIA;HD0079;DIRIGENTE II FASCIA
2024;ELAL;AP;ALTRO PERSONALE;RP;RESTANTE PERSONALE;000096;COLLABORATORE A T.D. ART. 90 TUEL
2024;AFAM;AT;PERSONALE DOCENTE E PERSONALE TECNICO AMMINISTRATIVO;PO;PROFESSORI E RICERCATORI;0D0093;RICERCATORI
2024;SCBZ;AT;PERSONALE DOCENTE E PERSONALE TECNICO AMMINISTRATIVO;BA;PERSONALE ATA;0F5ATA;AMMINISTRATIVO QUALIFICA FUNZIONALE V
2024;PRBZ;SC;SEGRETARI;FP;SEGRETARI COMUNALI E PROVINCIALI;0D0103;SEGRETARIO B
2024;SCAL;CO;PERSONALE DEL COMPARTO;SR;DOCENTI DI RELIGIONE A TEMPO INDETERMINATO;016ZJ4;DOC. DI RELIGIONE T. IND. SCUOLA SUPERIORE DA 15 A 20 ANNI
2024;CPOR;AL;ALLIEVI;AV;ALLIEVI;000ASP;ASPIRANTE
2024;SCLA;CO;PERSONALE DEL COMPARTO;SB;PERSONALE A.T.A. T. D. CON CONTRATTO ANNUALE;0CLSPC;SUPPL. COLLABORATORI
2024;RALN;ND;PERSONALE NON DIRIGENTE;RU;ALTE SPECIALIZZAZIONI E RESP. SERVIZI E UFFICI IN D.O.;0D0I95;ALTE SPECIALIZZ. IN D.O.
2024;SSNA;AP;ALTRO PERSONALE;DG;DIRETTORI GENERALI;0D0484;DIRETTORE DEI SERVIZI SOCIALI
2024;SSNA;AP;ALTRO PERSONALE;DG;DIRETTORI GENERALI;0D0163;DIRETTORE AMMINISTRATIVO
2024;SCLA;CO;PERSONALE DEL COMPARTO;SA;PERSONALE A.T.A. A TEMPO INDETERMINATO;0AS000;ASSISTENTI
2024;ELAL;AP;ALTRO PERSONALE;PC;PERSONALE CONTRATTISTA;000061;CONTRATTISTI
2024;RESI;AP;ALTRO PERSONALE;DF;DIRIGENTI E ALTE SPECIALIZ. FUORI DOTAZIONE ORG.;0D0098;DIRIGENTE FUORI D.O.
2024;RETN;AP;ALTRO PERSONALE;RP;RESTANTE PERSONALE;000096;COLLABORATORE A TEMPO DETERMINATO
2024;SCLA;CO;PERSONALE DEL COMPARTO;SO;PERSONALE ATA T.D. CON CONTR. NON ANNUALE;0CLTMC;TEMP. COLLABORATORI
2024;SCAL;CO;PERSONALE DEL COMPARTO;SR;DOCENTI DI RELIGIONE A TEMPO INDETERMINATO;016ZM7;DOC. DI RELIGIONE T. INDET. SCUOLA MEDIA DA 35 ANNI
2024;SSNA;AP;ALTRO PERSONALE;DG;DIRETTORI GENERALI;0D0097;DIRETTORE GENERALE
2024;PRBZ;SC;SEGRETARI;FP;SEGRETARI COMUNALI E PROVINCIALI;0D0485;SEGRETARIO C
2024;SCBZ;AP;ALTRO PERSONALE;PC;PERSONALE CONTRATTISTA;000061;PERSONALE CONTRATTISTA
2024;EPNE;PR;PROFESSIONISTI;AP;PROFESSIONISTI;0D0PR1;PROFESSIONISTI I LIVELLO
2024;SCAL;CO;PERSONALE DEL COMPARTO;SR;DOCENTI DI RELIGIONE A TEMPO INDETERMINATO;016ZJ7;DOC. DI RELIGIONE T. IND. SCUOLA SUPERIORE DA 35 ANNI
2024;SCAL;CO;PERSONALE DEL COMPARTO;SL;INSEGNANTI A T.D. CON CONTRATTO NON ANNUALE;014ZO3;DOC. DI REL.INC. A T.DET.SC.DELL'INF. E PRIM.DA 9 A 14 ANNI
2024;UNIV;AP;ALTRO PERSONALE;PC;PERSONALE CONTRATTISTA;000061;CONTRATTISTI
2024;AFAM;AT;PERSONALE DOCENTE E PERSONALE TECNICO AMMINISTRATIVO;AR;PERSONALE DELLE AREE A TEMPO DET. CONTRATTO ANNUALE;0FZSLZ;AFAM SUPPL. FUNZIONARIO
2024;UNIV;AP;ALTRO PERSONALE;DG;DIRETTORI GENERALI;0D0097;DIRETTORE GENERALE
2024;AUIN;NF;DIRIGENTI;DI;DIRIGENTI ;0D00NF;PERSONALE DIRIGENTE
2024;ESAE;1F;DIRIGENTI DI 1^ FASCIA;D1;DIRIGENTI DI 1^ FASCIA;HD0078;DIRIGENTE I FASCIA A TEMPO DETERM.
2024;SSNA;AP;ALTRO PERSONALE;PC;PERSONALE CONTRATTISTA;000061;CONTRATTISTI
2024;SCBZ;NF;DIRIGENTI;DI;DIRIGENTI ;0D0164;ALTRI DIRIGENTI
2024;PRTN;AP;ALTRO PERSONALE;RP;RESTANTE PERSONALE;000096;COLLABORATORE A TEMPO DETERMINATO
2024;PRBZ;AP;ALTRO PERSONALE;RP;RESTANTE PERSONALE;000000;ALTRE QUALIFICHE
2024;SCAL;CO;PERSONALE DEL COMPARTO;SR;DOCENTI DI RELIGIONE A TEMPO INDETERMINATO;014ZK7;DOC. DI REL. T. IND. SCUOLA DELL'INF.E PRIM. DA 35 ANNI
2024;ERIC;AP;ALTRO PERSONALE;DB;DIRETTORI;0D0DDD;DIRETTORE DI DIPARTIMENTO
2024;SCAL;CO;PERSONALE DEL COMPARTO;SL;INSEGNANTI A T.D. CON CONTRATTO NON ANNUALE;016ZL4;DOC. DI RELIGIONE INC. A T. DET. SCUOLA SUP. DA 15 A 20 ANNI
2024;SCAL;CO;PERSONALE DEL COMPARTO;SL;INSEGNANTI A T.D. CON CONTRATTO NON ANNUALE;016ZN3;DOC. DI RELIGIONE  INC. A T.DET. SCUOLA MEDIA DA 9 A 14 ANNI
2024;LS13;NF;DIRIGENTI;DI;DIRIGENTI ;0D00NF;PERSONALE DIRIGENTE
2024;EN60;AP;ALTRO PERSONALE;PC;PERSONALE CONTRATTISTA;000061;CONTRATTISTI
2024;RESA;AP;ALTRO PERSONALE;RP;RESTANTE PERSONALE;000096;COLLABORATORE A  TEMPO DETERMINATO
2024;ESAE;2F;DIRIGENTI DI 2^ FASCIA;D2;DIRIGENTI DI 2^ FASCIA;HD0080;DIRIGENTE II FASCIA A TEMPO DETERM.
2024;PRBZ;AP;ALTRO PERSONALE;PC;PERSONALE CONTRATTISTA;000061;PERS. CONTRATTISTA A T. INDETERMINATO
2024;AFAM;AT;PERSONALE DOCENTE E PERSONALE TECNICO AMMINISTRATIVO;AR;PERSONALE DELLE AREE A TEMPO DET. CONTRATTO ANNUALE;0ASSPA;AFAM - SUPPL. ASSISTENTE
2024;SCBZ;AT;PERSONALE DOCENTE E PERSONALE TECNICO AMMINISTRATIVO;BD;INSEGNANTI;016135;INSEGNANTI SCUOLE MEDIE
2024;SCAL;CO;PERSONALE DEL COMPARTO;SL;INSEGNANTI A T.D. CON CONTRATTO NON ANNUALE;016ZL3;DOC. DI RELIGIONE INC. A T. DET. SCUOLA SUP. DA 9 A 14 ANNI
2024;RETN;AP;ALTRO PERSONALE;DG;DIRETTORI GENERALI;0D0097;DIRETTORE  GENERALE
2024;SCAL;CO;PERSONALE DEL COMPARTO;SR;DOCENTI DI RELIGIONE A TEMPO INDETERMINATO;016ZM5;DOC. DI RELIGIONE T. INDET. SCUOLA MEDIA DA 21 A 27 ANNI
2024;SCBZ;AT;PERSONALE DOCENTE E PERSONALE TECNICO AMMINISTRATIVO;BA;PERSONALE ATA;0F9ATA;AMMINISTRATIVO QUALIFICA FUNZIONALE IX 
2024;RALN;AP;ALTRO PERSONALE;RP;RESTANTE PERSONALE;000096;COLLABORATORE A T.D. ART. 90 TUEL
2024;SCAL;CO;PERSONALE DEL COMPARTO;SR;DOCENTI DI RELIGIONE A TEMPO INDETERMINATO;016ZM6;DOC. DI RELIGIONE T. INDET. SCUOLA MEDIA DA 28 A 34 ANNI
2024;AFAM;AT;PERSONALE DOCENTE E PERSONALE TECNICO AMMINISTRATIVO;PA;PERSONALE DELLE AREE;0AS000;AFAM - ASSISTENTE
2024;SCBZ;AT;PERSONALE DOCENTE E PERSONALE TECNICO AMMINISTRATIVO;BA;PERSONALE ATA;0F4ATA;AMMINISTRATIVO QUALIFICA FUNZIONALE IV
2024;AGFI;AP;ALTRO PERSONALE;DG;DIRETTORI GENERALI;0D0097;DIRETTORE GENERALE
2024;RALN;NF;DIRIGENTI;DI;DIRIGENTI ;0D0104;SEGRETARIO GENERALE CCIAA
2024;REFR;AP;ALTRO PERSONALE;PC;PERSONALE CONTRATTISTA;000061;CONTRATTISTI
2024;SCAL;CO;PERSONALE DEL COMPARTO;SL;INSEGNANTI A T.D. CON CONTRATTO NON ANNUALE;016ZN6;DOC. DI RELIGIONE  INC. A T.DET.SCUOLA MEDIA DA 28 A 34 ANNI
2024;SCBZ;AT;PERSONALE DOCENTE E PERSONALE TECNICO AMMINISTRATIVO;BD;INSEGNANTI;000EAH;PERS. EDUC.E ASSIST. SOGG.PORT.HANDICAP
2024;SCBZ;AT;PERSONALE DOCENTE E PERSONALE TECNICO AMMINISTRATIVO;BA;PERSONALE ATA;0F3ATA;AMMINISTRATIVO QUALIFICA FUNZIONALE III
2024;CDES;CD;PERSONALE CARR. DIPLOMATICA;E1;CARRIERA DIPLOMATICA;HD0109;MINISTRO PLENIPOTENZIARIO
2024;ELAL;AP;ALTRO PERSONALE;DF;DIRIGENTI E ALTE SPECIALIZ. FUORI DOTAZIONE ORG.;0D0095;ALTE SPECIALIZZ. FUORI D.O.ART.110 C.2 TUEL
2024;RALN;AP;ALTRO PERSONALE;DF;DIRIGENTI E ALTE SPECIALIZ. FUORI DOTAZIONE ORG.;0D0098;DIRIGENTE A TEMPO DETERMINATO FUORI D.O.
2024;SCBZ;NF;DIRIGENTI;DI;DIRIGENTI ;0D0158;DIRIGENTE SCOLASTICO
2024;RALN;ND;PERSONALE NON DIRIGENTE;RU;ALTE SPECIALIZZAZIONI E RESP. SERVIZI E UFFICI IN D.O.;0D0I96;RESPONSABILE DEI SERVIZI O DEGLI UFFICI IN D.O
2024;ELAL;AP;ALTRO PERSONALE;DG;DIRETTORI GENERALI;0D0097;DIRETTORE  GENERALE
2024;EPNE;AP;ALTRO PERSONALE;DG;DIRETTORI GENERALI;0D0097;DIRETTORE GENERALE
2024;ESAE;1F;DIRIGENTI DI 1^ FASCIA;D1;DIRIGENTI DI 1^ FASCIA;HD0077;DIRIGENTE I FASCIA
2024;SCAL;CO;PERSONALE DEL COMPARTO;SR;DOCENTI DI RELIGIONE A TEMPO INDETERMINATO;014ZK3;DOC. DI REL. T. IND. SCUOLA DELL'INF. E PRIM. DA 9 A 14 ANNI
2024;SCBZ;AT;PERSONALE DOCENTE E PERSONALE TECNICO AMMINISTRATIVO;BA;PERSONALE ATA;0F6ATA;AMMINISTRATIVO QUALIFICA FUNZIONALE VI
2024;SCBZ;AT;PERSONALE DOCENTE E PERSONALE TECNICO AMMINISTRATIVO;BD;INSEGNANTI;014155;PERSONALE SCUOLE MATERNE 
2024;REVA;AP;ALTRO PERSONALE;RP;RESTANTE PERSONALE;000096;COLLABORATORE A TEMPO DETERMINATO
2024;SSNA;AP;ALTRO PERSONALE;DG;DIRETTORI GENERALI;0D0482;DIRETTORE SANITARIO
2024;RESI;NF;DIRIGENTI;DI;DIRIGENTI ;0D0104;SEGRETARIO GENERALE CCIAA
2024;REFR;AP;ALTRO PERSONALE;DF;DIRIGENTI E ALTE SPECIALIZ. FUORI DOTAZIONE ORG.;0D0098;DIRIGENTE FUORI D.O.
2024;REVA;AP;ALTRO PERSONALE;RP;RESTANTE PERSONALE;0D0104;SEGRETARIO GENERALE CCIAA
2024;SCAL;CO;PERSONALE DEL COMPARTO;SL;INSEGNANTI A T.D. CON CONTRATTO NON ANNUALE;014ZO5;DOC. DI REL.INC. A T.DET.SC.DELL'INF. E PRIM.DA 21 A 27 ANNI
2024;SCAL;CO;PERSONALE DEL COMPARTO;SL;INSEGNANTI A T.D. CON CONTRATTO NON ANNUALE;016ZL5;DOC. DI RELIGIONE INC. A T. DET. SCUOLA SUP. DA 21 A 27 ANNI
2024;AFAM;AT;PERSONALE DOCENTE E PERSONALE TECNICO AMMINISTRATIVO;PA;PERSONALE DELLE AREE;0EQ000;AFAM ELEVATA QUALIFICAZIONE
2024;RALN;AP;ALTRO PERSONALE;DF;DIRIGENTI E ALTE SPECIALIZ. FUORI DOTAZIONE ORG.;0D0095;ALTE SPECIALIZZ. FUORI D.O.
2024;SCAL;CO;PERSONALE DEL COMPARTO;SR;DOCENTI DI RELIGIONE A TEMPO INDETERMINATO;016ZJ6;DOC. DI RELIGIONE T. IND. SCUOLA SUPERIORE DA 28 A 34 ANNI
2024;RESI;NF;DIRIGENTI;DI;DIRIGENTI ;0D0099;QUALIFICA DIRIGENZIALE TEMPO DETER.
2024;AFAM;AT;PERSONALE DOCENTE E PERSONALE TECNICO AMMINISTRATIVO;AR;PERSONALE DELLE AREE A TEMPO DET. CONTRATTO ANNUALE;0OPSPO;AFAM -SUPPL. OPERATORE
2024;SCBZ;AT;PERSONALE DOCENTE E PERSONALE TECNICO AMMINISTRATIVO;BD;INSEGNANTI;014154;INSEGNANTI SCUOLE ELEMENTARI
2024;SCAL;CO;PERSONALE DEL COMPARTO;SR;DOCENTI DI RELIGIONE A TEMPO INDETERMINATO;014ZK6;DOC. DI REL. T. IND. SCUOLA DELL'INF.E PRIM. DA 28 A 34 ANNI
2024;SCLA;CO;PERSONALE DEL COMPARTO;SA;PERSONALE A.T.A. A TEMPO INDETERMINATO;0CL000;COLLABORATORI
2024;SCLA;CO;PERSONALE DEL COMPARTO;SO;PERSONALE ATA T.D. CON CONTR. NON ANNUALE;0OPTMO;TEMP. OPERATORI
2024;EPNE;AP;ALTRO PERSONALE;PC;PERSONALE CONTRATTISTA;000061;CONTRATTISTI
2024;SCTN;NF;DIRIGENTI;SD;DIRIGENTI SCOLASTICI;0D0158;DIRIGENTE SCOLASTICO
2024;AUIN;AP;ALTRO PERSONALE;PC;PERSONALE CONTRATTISTA;000061;CONTRATTISTI
2024;ESAE;AP;ALTRO PERSONALE;PC;PERSONALE CONTRATTISTA;000061;CONTRATTISTI
2024;SCAL;CO;PERSONALE DEL COMPARTO;SR;DOCENTI DI RELIGIONE A TEMPO INDETERMINATO;014ZK5;DOC. DI REL. T. IND. SCUOLA DELL'INF.E PRIM. DA 21 A 27 ANNI
2024;SCBZ;AT;PERSONALE DOCENTE E PERSONALE TECNICO AMMINISTRATIVO;BD;INSEGNANTI;000AGR;PERSONALE FORMAZIONE PROF.AGRICOLA 
2024;SCBZ;AT;PERSONALE DOCENTE E PERSONALE TECNICO AMMINISTRATIVO;BA;PERSONALE ATA;0F7ATA;AMMINISTRATIVO QUALIFICA FUNZIONALE VII 
2024;SCAL;CO;PERSONALE DEL COMPARTO;SR;DOCENTI DI RELIGIONE A TEMPO INDETERMINATO;016ZJ5;DOC. DI RELIGIONE T. IND. SCUOLA SUPERIORE DA 21 A 27 ANNI
2024;CDES;CD;PERSONALE CARR. DIPLOMATICA;E1;CARRIERA DIPLOMATICA;HD0106;AMBASCIATORE
2024;SCLA;CO;PERSONALE DEL COMPARTO;SB;PERSONALE A.T.A. T. D. CON CONTRATTO ANNUALE;0OPSPO;SUPPL. OPERATORI
2024;AFAM;AT;PERSONALE DOCENTE E PERSONALE TECNICO AMMINISTRATIVO;PA;PERSONALE DELLE AREE;0FZ000;AFAM FUNZIONARIO
2024;ELAL;NF;DIRIGENTI;SP;ALTE SPECIALIZZAZIONI IN D.O.;0D0I95;ALTE SPECIALIZZ. IN D.O. ART.110 C.1 TUEL
2024;SCBZ;AT;PERSONALE DOCENTE E PERSONALE TECNICO AMMINISTRATIVO;BD;INSEGNANTI;000IEM;PERSONALE ISTIT. EDUC. MUSICALE 
2024;UCAM;AP;ALTRO PERSONALE;PC;PERSONALE CONTRATTISTA;000061;CONTRATTISTI
2024;SCAL;CO;PERSONALE DEL COMPARTO;SR;DOCENTI DI RELIGIONE A TEMPO INDETERMINATO;016ZM4;DOC. DI RELIGIONE T. INDET. SCUOLA MEDIA DA 15 A 20 ANNI
2024;REFR;AP;ALTRO PERSONALE;DF;DIRIGENTI E ALTE SPECIALIZ. FUORI DOTAZIONE ORG.;0D0095;ALTE SPECIALIZZ. FUORI D.O.
2024;RESI;AP;ALTRO PERSONALE;PC;PERSONALE CONTRATTISTA;000061;CONTRATTISTI
2024;REFR;AP;ALTRO PERSONALE;DG;DIRETTORI GENERALI;0D0097;DIRETTORE  GENERALE
2024;SCAL;CO;PERSONALE DEL COMPARTO;SR;DOCENTI DI RELIGIONE A TEMPO INDETERMINATO;014ZK4;DOC. DI REL. T. IND. SCUOLA DELL'INF.E PRIM. DA 15 A 20 ANNI
2024;SCLA;CO;PERSONALE DEL COMPARTO;SO;PERSONALE ATA T.D. CON CONTR. NON ANNUALE;0EQTEQ;TEMP. FUNZ. ED ELEVATA QUALIF.
2024;REFR;AP;ALTRO PERSONALE;RP;RESTANTE PERSONALE;000096;COLLABORATORE A TEMPO DETERMINATO
2024;CDES;CD;PERSONALE CARR. DIPLOMATICA;E1;CARRIERA DIPLOMATICA;HD0107;CONSIGLIERE AMBASCIATA
2024;SCBZ;AT;PERSONALE DOCENTE E PERSONALE TECNICO AMMINISTRATIVO;BA;PERSONALE ATA;0F2ATA;AMMINISTRATIVO QUALIFICA FUNZIONALE II
2024;SCBZ;AT;PERSONALE DOCENTE E PERSONALE TECNICO AMMINISTRATIVO;BD;INSEGNANTI;000DFP;PERSONALE FORM.PROFESS. 
2024;PRBZ;SC;SEGRETARI;FP;SEGRETARI COMUNALI E PROVINCIALI;0D0102;SEGRETARIO A
2024;SCBZ;AT;PERSONALE DOCENTE E PERSONALE TECNICO AMMINISTRATIVO;BD;INSEGNANTI;014143;DIPLOMATI SCUOLE SUPERIORI
2024;CDES;CD;PERSONALE CARR. DIPLOMATICA;E1;CARRIERA DIPLOMATICA;HD0108;CONSIGLIERE LEGAZIONE
2024;UCAM;NF;DIRIGENTI;DI;DIRIGENTI ;0D0164;DIRIGENTE
2024;AFAM;AT;PERSONALE DOCENTE E PERSONALE TECNICO AMMINISTRATIVO;AR;PERSONALE DELLE AREE A TEMPO DET. CONTRATTO ANNUALE;0EQAEQ;AFAM ANNUALE ELEVATA QUALIF.
2024;SCAL;CO;PERSONALE DEL COMPARTO;SR;DOCENTI DI RELIGIONE A TEMPO INDETERMINATO;016ZM3;DOC. DI RELIGIONE T. INDET. SCUOLA MEDIA DA 9 A 14 ANNI
2024;REVA;AP;ALTRO PERSONALE;PC;PERSONALE CONTRATTISTA;000061;CONTRATTISTI
2024;RESI;AP;ALTRO PERSONALE;RP;RESTANTE PERSONALE;000096;COLLABORATORE A TEMPO DETERMINATO - ART. 2 D.P. REG. N. 8/20
2024;SCBZ;AT;PERSONALE DOCENTE E PERSONALE TECNICO AMMINISTRATIVO;BA;PERSONALE ATA;0F8ATA;AMMINISTRATIVO QUALIFICA FUNZIONALE VIII
2024;EN60;ND;PERSONALE NON DIRIGENTE;LI;PERSONALE NON DIRIGENTE;0000ND;PERSONALE NON DIRIGENTE
2024;RETN;AP;ALTRO PERSONALE;PC;PERSONALE CONTRATTISTA;000061;CONTRATTISTI
2024;RALN;AP;ALTRO PERSONALE;PC;PERSONALE CONTRATTISTA;000061;CONTRATTISTI
2024;SCLA;CO;PERSONALE DEL COMPARTO;SB;PERSONALE A.T.A. T. D. CON CONTRATTO ANNUALE;0EQSEQ;SUPPL. FUNZ.ED ELEVATA QUALIF.
2024;RALN;AP;ALTRO PERSONALE;DG;DIRETTORI GENERALI;0D0097;DIRETTORE  GENERALE
2024;SCAL;CO;PERSONALE DEL COMPARTO;SL;INSEGNANTI A T.D. CON CONTRATTO NON ANNUALE;016ZN4;DOC. DI RELIGIONE  INC. A T.DET.SCUOLA MEDIA DA 15 A 20 ANNI
2024;SCAL;CO;PERSONALE DEL COMPARTO;SL;INSEGNANTI A T.D. CON CONTRATTO NON ANNUALE;016ZL6;DOC. DI RELIGIONE INC. A T. DET. SCUOLA SUP. DA 28 A 34 ANNI
2024;SCAL;CO;PERSONALE DEL COMPARTO;SL;INSEGNANTI A T.D. CON CONTRATTO NON ANNUALE;016ZL7;DOC. DI RELIGIONE INC. A T. DET. SCUOLA SUP. DA 35 ANNI
2024;CDES;CD;PERSONALE CARR. DIPLOMATICA;E1;CARRIERA DIPLOMATICA;HD0110;SEGRETARIO LEGAZIONE
2024;SCAL;CO;PERSONALE DEL COMPARTO;SL;INSEGNANTI A T.D. CON CONTRATTO NON ANNUALE;016ZN7;DOC. DI RELIGIONE  INC. A T.DET.SCUOLA MEDIA DA 35 ANNI
2024;AUIN;ND;PERSONALE NON DIRIGENTE;LI;PERSONALE NON DIRIGENTE;0000ND;PERSONALE NON DIRIGENTE
2024;SCAL;CO;PERSONALE DEL COMPARTO;SA;PERSONALE A.T.A. A TEMPO INDETERMINATO;011ZI7;COLLABORATORE SCOLASTICO  DA 35 ANNI
2024;SCAL;CO;PERSONALE DEL COMPARTO;SL;INSEGNANTI A T.D. CON CONTRATTO NON ANNUALE;016ZBN;DOC. SCUOLA MEDIA ANNUALE E NON ANNUALE
2024;SCAL;CO;PERSONALE DEL COMPARTO;SL;INSEGNANTI A T.D. CON CONTRATTO NON ANNUALE;016ZAN;DOC. LAUR. IST. SEC. II GRADO ANNUALE E NON ANNUALE
2024;SCAL;NF;DIRIGENTI;SD;DIRIGENTI SCOLASTICI;0D0158;DIRIGENTE SCOLASTICO
2024;SCAL;CO;PERSONALE DEL COMPARTO;DO;DOCENTI A TEMPO INDETERMINATO;016ZA3;DOC. LAUR. IST. SEC. II GRADO DA 9 A 14 ANNI
2024;SCAL;CO;PERSONALE DEL COMPARTO;DO;DOCENTI A TEMPO INDETERMINATO;016ZA4;DOC. LAUR. IST. SEC. II GRADO DA 15 A 20 ANNI
2024;SCAL;CO;PERSONALE DEL COMPARTO;DO;DOCENTI A TEMPO INDETERMINATO;016ZA5;DOC. LAUR. IST. SEC. II GRADO DA 21 A 27 ANNI
2024;SCAL;CO;PERSONALE DEL COMPARTO;DO;DOCENTI A TEMPO INDETERMINATO;016ZA6;DOC. LAUR. IST. SEC. II GRADO DA 28 A 34 ANNI
2024;SCAL;CO;PERSONALE DEL COMPARTO;DO;DOCENTI A TEMPO INDETERMINATO;016ZA7;DOC. LAUR. IST. SEC. II GRADO DA 35 ANNI
2024;SCAL;CO;PERSONALE DEL COMPARTO;DO;DOCENTI A TEMPO INDETERMINATO;016ZB3;DOC. SCUOLA MEDIA DA 9 A 14 ANNI
2024;SCAL;CO;PERSONALE DEL COMPARTO;DO;DOCENTI A TEMPO INDETERMINATO;016ZB4;DOC. SCUOLA MEDIA DA 15  A 20 ANNI
2024;SCAL;CO;PERSONALE DEL COMPARTO;DO;DOCENTI A TEMPO INDETERMINATO;016ZB5;DOC. SCUOLA MEDIA DA 21  A 27 ANNI
2024;SCAL;CO;PERSONALE DEL COMPARTO;DO;DOCENTI A TEMPO INDETERMINATO;016ZB6;DOC. SCUOLA MEDIA DA 28  A 34 ANNI
2024;SCAL;CO;PERSONALE DEL COMPARTO;DO;DOCENTI A TEMPO INDETERMINATO;016ZB7;DOC. SCUOLA MEDIA DA 35 ANNI
2024;SCAL;CO;PERSONALE DEL COMPARTO;DO;DOCENTI A TEMPO INDETERMINATO;014ZC3;DOC. DIPLOMATO ISTITUTI SEC. II GRADO  DA 9 A 14 ANNI
2024;SCAL;CO;PERSONALE DEL COMPARTO;DO;DOCENTI A TEMPO INDETERMINATO;014ZC4;DOC. DIPLOMATO ISTITUTI SEC. II GRADO  DA 15 A 20 ANNI
2024;SCAL;CO;PERSONALE DEL COMPARTO;DO;DOCENTI A TEMPO INDETERMINATO;014ZC5;DOC. DIPLOMATO ISTITUTI SEC. II GRADO  DA 21 A 27 ANNI
2024;SCAL;CO;PERSONALE DEL COMPARTO;DO;DOCENTI A TEMPO INDETERMINATO;014ZC6;DOC. DIPLOMATO ISTITUTI SEC. II GRADO  DA 28 A 34 ANNI
2024;SCAL;CO;PERSONALE DEL COMPARTO;DO;DOCENTI A TEMPO INDETERMINATO;014ZC7;DOC. DIPLOMATO ISTITUTI SEC. II GRADO  DA 35 ANNI
2024;SCAL;CO;PERSONALE DEL COMPARTO;DO;DOCENTI A TEMPO INDETERMINATO;014ZD3;DOC. SCUOLA DELL'INFANZIA E PRIMARIA  DA 9 A 14 ANNI
2024;SCAL;CO;PERSONALE DEL COMPARTO;DO;DOCENTI A TEMPO INDETERMINATO;014ZD4;DOC. SCUOLA DELL'INFANZIA E PRIMARIA  DA 15 A 20 ANNI
2024;SCAL;CO;PERSONALE DEL COMPARTO;DO;DOCENTI A TEMPO INDETERMINATO;014ZD5;DOC. SCUOLA DELL'INFANZIA E PRIMARIA  DA 21 A 27 ANNI
2024;SCAL;CO;PERSONALE DEL COMPARTO;DO;DOCENTI A TEMPO INDETERMINATO;014ZD6;DOC. SCUOLA DELL'INFANZIA E PRIMARIA  DA 28 A 34 ANNI
2024;SCAL;CO;PERSONALE DEL COMPARTO;DO;DOCENTI A TEMPO INDETERMINATO;014ZD7;DOC. SCUOLA DELL'INFANZIA E PRIMARIA  DA 35 ANNI
2024;SCAL;CO;PERSONALE DEL COMPARTO;SA;PERSONALE A.T.A. A TEMPO INDETERMINATO;013ZE3;DIRETTORI DEI SERVIZI GENERALI E AMM.VI  DA 9 A 14 ANNI
2024;SCAL;CO;PERSONALE DEL COMPARTO;SA;PERSONALE A.T.A. A TEMPO INDETERMINATO;013ZE4;DIRETTORI DEI SERVIZI GENERALI E AMM.VI  DA 15 A 20 ANNI
2024;SCAL;CO;PERSONALE DEL COMPARTO;SA;PERSONALE A.T.A. A TEMPO INDETERMINATO;013ZE5;DIRETTORI DEI SERVIZI GENERALI E AMM.VI  DA 21 A 27 ANNI
2024;SCAL;CO;PERSONALE DEL COMPARTO;SA;PERSONALE A.T.A. A TEMPO INDETERMINATO;013ZE6;DIRETTORI DEI SERVIZI GENERALI E AMM.VI  DA 28 A 34 ANNI
2024;SCAL;CO;PERSONALE DEL COMPARTO;SA;PERSONALE A.T.A. A TEMPO INDETERMINATO;013ZE7;DIRETTORI DEI SERVIZI GENERALI E AMM.VI  DA 35 ANNI
2024;SCAL;CO;PERSONALE DEL COMPARTO;SA;PERSONALE A.T.A. A TEMPO INDETERMINATO;013ZF3;COORDINATORE AMMINISTRATIVO E TECNICO DA 9 A 14 ANNI
2024;SCAL;CO;PERSONALE DEL COMPARTO;SA;PERSONALE A.T.A. A TEMPO INDETERMINATO;013ZF5;COORDINATORE AMMINISTRATIVO E TECNICO DA 21 A 27 ANNI
2024;SCAL;CO;PERSONALE DEL COMPARTO;SA;PERSONALE A.T.A. A TEMPO INDETERMINATO;013ZF6;COORDINATORE AMMINISTRATIVO E TECNICO DA 28 A 34 ANNI
2024;SCAL;CO;PERSONALE DEL COMPARTO;SA;PERSONALE A.T.A. A TEMPO INDETERMINATO;013ZF7;COORDINATORE AMMINISTRATIVO E TECNICO DA 35 ANNI
2024;SCAL;CO;PERSONALE DEL COMPARTO;SA;PERSONALE A.T.A. A TEMPO INDETERMINATO;012ZG3;ASSISTENTI AMMINISTRATIVI DA 9 A 14 ANNI
2024;SCAL;CO;PERSONALE DEL COMPARTO;SA;PERSONALE A.T.A. A TEMPO INDETERMINATO;012ZG4;ASSISTENTI AMMINISTRATIVI DA 15 A 20 ANNI
2024;SCAL;CO;PERSONALE DEL COMPARTO;SA;PERSONALE A.T.A. A TEMPO INDETERMINATO;012ZG5;ASSISTENTI AMMINISTRATIVI DA 21 A 27 ANNI
2024;SCAL;CO;PERSONALE DEL COMPARTO;SA;PERSONALE A.T.A. A TEMPO INDETERMINATO;012ZG6;ASSISTENTI AMMINISTRATIVI DA 28 A 34 ANNI
2024;SCAL;CO;PERSONALE DEL COMPARTO;SA;PERSONALE A.T.A. A TEMPO INDETERMINATO;012ZG7;ASSISTENTI AMMINISTRATIVI DA 35 ANNI
2024;SCAL;CO;PERSONALE DEL COMPARTO;SA;PERSONALE A.T.A. A TEMPO INDETERMINATO;098ZH3;COLLABORATORE SCOLASTICO DEI SERVIZI DA 9 A 14 ANNI
2024;SCAL;CO;PERSONALE DEL COMPARTO;SA;PERSONALE A.T.A. A TEMPO INDETERMINATO;098ZH4;COLLABORATORE SCOLASTICO DEI SERVIZI DA 15 A 20 ANNI
2024;SCAL;CO;PERSONALE DEL COMPARTO;SA;PERSONALE A.T.A. A TEMPO INDETERMINATO;098ZH5;COLLABORATORE SCOLASTICO DEI SERVIZI DA 21 A 27 ANNI
2024;SCAL;CO;PERSONALE DEL COMPARTO;SA;PERSONALE A.T.A. A TEMPO INDETERMINATO;098ZH6;COLLABORATORE SCOLASTICO DEI SERVIZI DA 28 A 34 ANNI
2024;SCAL;CO;PERSONALE DEL COMPARTO;SA;PERSONALE A.T.A. A TEMPO INDETERMINATO;098ZH7;COLLABORATORE SCOLASTICO DEI SERVIZI DA 35 ANNI
2024;SCAL;CO;PERSONALE DEL COMPARTO;SA;PERSONALE A.T.A. A TEMPO INDETERMINATO;011ZI3;COLLABORATORE SCOLASTICO DA 9 A 14 ANNI
2024;SCAL;CO;PERSONALE DEL COMPARTO;SA;PERSONALE A.T.A. A TEMPO INDETERMINATO;011ZI4;COLLABORATORE SCOLASTICO  DA 15 A 20 ANNI
2024;SCAL;CO;PERSONALE DEL COMPARTO;SA;PERSONALE A.T.A. A TEMPO INDETERMINATO;011ZI5;COLLABORATORE SCOLASTICO  DA 21 A 27 ANNI
2024;SCAL;CO;PERSONALE DEL COMPARTO;SA;PERSONALE A.T.A. A TEMPO INDETERMINATO;011ZI6;COLLABORATORE SCOLASTICO  DA 28 A 34 ANNI
2024;SCAL;CO;PERSONALE DEL COMPARTO;SB;PERSONALE A.T.A. T. D. CON CONTRATTO ANNUALE;011ZIN;COLLABORATORE SCOLASTICO ANNUALE E NON ANNUALE
2024;SCAL;CO;PERSONALE DEL COMPARTO;SB;PERSONALE A.T.A. T. D. CON CONTRATTO ANNUALE;098ZHN;COLLABORATORE SCOLASTICO DEI SERVIZI ANNUALE E NON ANNUALE
2024;SCAL;CO;PERSONALE DEL COMPARTO;SB;PERSONALE A.T.A. T. D. CON CONTRATTO ANNUALE;012ZGN;ASSISTENTI AMMINISTRATIVI ANNUALE E NON ANNUALE
2024;SCAL;CO;PERSONALE DEL COMPARTO;SB;PERSONALE A.T.A. T. D. CON CONTRATTO ANNUALE;013ZFN;COORDINATORE AMMINISTRATIVO E TECNICO ANNUALE E NON ANNUALE
2024;SCAL;CO;PERSONALE DEL COMPARTO;SB;PERSONALE A.T.A. T. D. CON CONTRATTO ANNUALE;013ZEN;DIRETTORI DEI SERVIZI GEN. E AMM.VI  ANNUALE E NON ANNUALE
2024;SCAL;CO;PERSONALE DEL COMPARTO;SL;INSEGNANTI A T.D. CON CONTRATTO NON ANNUALE;014ZDN;DOC. SCUOLA DELL'INFANZIA E PRIMARIA ANNUALE E NON ANNUALE
2024;SCAL;CO;PERSONALE DEL COMPARTO;SL;INSEGNANTI A T.D. CON CONTRATTO NON ANNUALE;014ZCN;DOC. DIPLOMATO ISTITUTI SEC. II GRADO  ANNUALE E NON ANNUALE
2024;SCAL;CO;PERSONALE DEL COMPARTO;SA;PERSONALE A.T.A. A TEMPO INDETERMINATO;013ZF4;COORDINATORE AMMINISTRATIVO E TECNICO DA 15 A 20 ANNI
2024;ERIC;2F;DIRIGENTI DI 2^ FASCIA;D2;DIRIGENTI DI 2^ FASCIA;0D0E99;DIRIGENTE A TEMPO DETERMINATO ENEA
2024;ERIC;2F;DIRIGENTI DI 2^ FASCIA;D2;DIRIGENTI DI 2^ FASCIA;0D0E00;DIRIGENTE A TEMPO INDETERMINATO ENEA
2024;PRBZ;ND;PERSONALE NON DIRIGENTE;CD;CATEGORIA D;000734;QUALIFICA FUNZIONALE VII TER INF.
2024;PRBZ;ND;PERSONALE NON DIRIGENTE;CD;CATEGORIA D;000733;QUALIFICA FUNZIONALE VII TER SUP.
2024;PRBZ;ND;PERSONALE NON DIRIGENTE;CD;CATEGORIA D;000718;QUALIFICA FUNZIONALE VIII - LIV. INF.
2024;PRBZ;ND;PERSONALE NON DIRIGENTE;CD;CATEGORIA D;000717;QUALIFICA FUNZIONALE VIII- LIV. SUP.
2024;PRBZ;ND;PERSONALE NON DIRIGENTE;CD;CATEGORIA D;000716;QUALIFICA FUNZIONALE IX INF.
2024;PRBZ;ND;PERSONALE NON DIRIGENTE;CD;CATEGORIA D;000715;QUALIFICA FUNZIONALE IX SUP.
2024;PRBZ;ND;PERSONALE NON DIRIGENTE;CA;CATEGORIA A;0F3CAN;CANTONIERE - Q.F  3
2024;PRBZ;ND;PERSONALE NON DIRIGENTE;CB;CATEGORIA B;0F4CAN;CANTONIERE SPECIALIZZATO - Q.F 4
2024;PRBZ;ND;PERSONALE NON DIRIGENTE;CB;CATEGORIA B;0F5CAN;CAPO CANTONIERE - Q.F  5
2024;PRBZ;ND;PERSONALE NON DIRIGENTE;CD;CATEGORIA D;0F7IS2;ISPETTORE ANTINCENDI - Q.F. 7
2024;PRBZ;ND;PERSONALE NON DIRIGENTE;CD;CATEGORIA D;0F9IS3;ESPERTO ANTINCENDIO - Q.F. 9
2024;PRBZ;ND;PERSONALE NON DIRIGENTE;CB;CATEGORIA B;0F5560;AGENTE ED ASSISTENTE FORESTALE Q.F.5
2024;PRBZ;ND;PERSONALE NON DIRIGENTE;CC;CATEGORIA C;0F6197;SOVRINTENDENTE FORESTALE - Q.F. 6
2024;PRBZ;ND;PERSONALE NON DIRIGENTE;CD;CATEGORIA D;0F7191;ISPETTORE/ISPETTRICE FORESTALE - Q.F. 7
2024;PRBZ;ND;PERSONALE NON DIRIGENTE;CD;CATEGORIA D;0F9582;UFFICIALE FORESTALE - Q.F. 9
2024;PRBZ;ND;PERSONALE NON DIRIGENTE;CA;CATEGORIA A;000732;QUALIFICA FUNZIONALE I - LIV. INF.
2024;PRBZ;ND;PERSONALE NON DIRIGENTE;CA;CATEGORIA A;000731;QUALIFICA FUNZIONALE I - LIV. SUP.
2024;PRBZ;ND;PERSONALE NON DIRIGENTE;CA;CATEGORIA A;000730;QUALIFICA FUNZIONALE II - LIV. INF.
2024;PRBZ;ND;PERSONALE NON DIRIGENTE;CA;CATEGORIA A;000729;QUALIFICA FUNZIONALE II - LIV. SUP..
2024;PRBZ;ND;PERSONALE NON DIRIGENTE;CA;CATEGORIA A;000728;QUALIFICA FUNZIONALE III - LIV. INF.
2024;PRBZ;ND;PERSONALE NON DIRIGENTE;CA;CATEGORIA A;000727;QUALIFICA FUNZIONALE III - LIV. SUP..
2024;PRBZ;ND;PERSONALE NON DIRIGENTE;CB;CATEGORIA B;000726;QUALIFICA FUNZIONALE IV - LIV. INF.
2024;PRBZ;ND;PERSONALE NON DIRIGENTE;CB;CATEGORIA B;000725;QUALIFICA FUNZIONALE IV - LIV. SUP.
2024;PRBZ;ND;PERSONALE NON DIRIGENTE;CB;CATEGORIA B;000724;QUALIFICA FUNZIONALE V - LIV. INF.
2024;PRBZ;ND;PERSONALE NON DIRIGENTE;CB;CATEGORIA B;000723;QUALIFICA FUNZIONALE V - LIV. SUP.
2024;PRBZ;ND;PERSONALE NON DIRIGENTE;CC;CATEGORIA C;000722;QUALIFICA FUNZIONALE VI  - LIV. INF.
2024;PRBZ;ND;PERSONALE NON DIRIGENTE;CC;CATEGORIA C;000721;QUALIFICA FUNZIONALE VI - LIV. SUP.
2024;PRBZ;ND;PERSONALE NON DIRIGENTE;CD;CATEGORIA D;000720;QUALIFICA FUNZIONALE VII - LIV. INF.
2024;PRBZ;ND;PERSONALE NON DIRIGENTE;CD;CATEGORIA D;000719;QUALIFICA FUNZIONALE VII - LIV. SUP.
2024;PRBZ;ND;PERSONALE NON DIRIGENTE;CD;CATEGORIA D;000736;QUALIFICA FUNZIONALE VII BIS INF.
2024;PRBZ;ND;PERSONALE NON DIRIGENTE;CD;CATEGORIA D;000735;QUALIFICA FUNZIONALE VII BIS SUP.
2024;ELAL;ND;PERSONALE NON DIRIGENTE;CA;CATEGORIA A;053000;POSIZIONE ECONOMICA DI ACCESSO A1
2024;ELAL;ND;PERSONALE NON DIRIGENTE;CA;CATEGORIA A;025000;POSIZIONE ECONOMICA A2
2024;ELAL;ND;PERSONALE NON DIRIGENTE;CA;CATEGORIA A;027000;POSIZIONE ECONOMICA A3
2024;ELAL;ND;PERSONALE NON DIRIGENTE;CA;CATEGORIA A;028000;POSIZIONE ECONOMICA A4
2024;ELAL;ND;PERSONALE NON DIRIGENTE;CA;CATEGORIA A;0A5000;POSIZIONE ECONOMICA A5
2024;ELAL;ND;PERSONALE NON DIRIGENTE;CB;CATEGORIA B;054000;POSIZIONE ECONOMICA DI ACCESSO B1
2024;ELAL;ND;PERSONALE NON DIRIGENTE;CB;CATEGORIA B;032000;POSIZIONE ECONOMICA B2
2024;ELAL;ND;PERSONALE NON DIRIGENTE;CB;CATEGORIA B;034000;POSIZIONE ECONOMICA B3
2024;ELAL;ND;PERSONALE NON DIRIGENTE;CB;CATEGORIA B;055000;POSIZIONE ECONOMICA DI ACCESSO B3
2024;ELAL;ND;PERSONALE NON DIRIGENTE;CB;CATEGORIA B;036495;POSIZ.ECON. B4 PROFILI ACCESSO B1
2024;ELAL;ND;PERSONALE NON DIRIGENTE;CB;CATEGORIA B;036494;POSIZ.ECON. B4 PROFILI ACCESSO B3
2024;ELAL;ND;PERSONALE NON DIRIGENTE;CB;CATEGORIA B;037493;POSIZ.ECON. B5 PROFILI ACCESSO B1
2024;ELAL;ND;PERSONALE NON DIRIGENTE;CB;CATEGORIA B;037492;POSIZ.ECON. B5 PROFILI ACCESSO B3
2024;ELAL;ND;PERSONALE NON DIRIGENTE;CB;CATEGORIA B;038491;POSIZ.ECON. B6 PROFILI ACCESSO B1
2024;ELAL;ND;PERSONALE NON DIRIGENTE;CB;CATEGORIA B;038490;POSIZ.ECON. B6 PROFILI ACCESSO B3
2024;ELAL;ND;PERSONALE NON DIRIGENTE;CB;CATEGORIA B;0B7000;POSIZ. ECON. B7 - PROFILO  ACCESSO B1
2024;ELAL;ND;PERSONALE NON DIRIGENTE;CB;CATEGORIA B;0B7A00;POSIZ. ECON. B7 - PROFILO ACCESSO B3
2024;ELAL;ND;PERSONALE NON DIRIGENTE;CC;CATEGORIA C;056000;POSIZIONE ECONOMICA DI ACCESSO C1
2024;ELAL;ND;PERSONALE NON DIRIGENTE;CC;CATEGORIA C;042000;POSIZIONE ECONOMICA C2
2024;ELAL;ND;PERSONALE NON DIRIGENTE;CC;CATEGORIA C;043000;POSIZIONE ECONOMICA C3
2024;ELAL;ND;PERSONALE NON DIRIGENTE;CC;CATEGORIA C;045000;POSIZIONE ECONOMICA C4
2024;ELAL;ND;PERSONALE NON DIRIGENTE;CC;CATEGORIA C;046000;POSIZIONE ECONOMICA C5
2024;ELAL;ND;PERSONALE NON DIRIGENTE;CD;CATEGORIA D;057000;POSIZIONE ECONOMICA DI ACCESSO D1
2024;ELAL;ND;PERSONALE NON DIRIGENTE;CD;CATEGORIA D;049000;POSIZIONE ECONOMICA D2
2024;ELAL;ND;PERSONALE NON DIRIGENTE;CD;CATEGORIA D;050000;POSIZIONE ECONOMICA D3
2024;ELAL;ND;PERSONALE NON DIRIGENTE;CD;CATEGORIA D;058000;POSIZIONE ECONOMICA DI ACCESSO D3
2024;ELAL;ND;PERSONALE NON DIRIGENTE;CD;CATEGORIA D;051489;POSIZ.ECON. D4 PROFILI ACCESSO D1
2024;ELAL;ND;PERSONALE NON DIRIGENTE;CD;CATEGORIA D;051488;POSIZ.ECON. D4 PROFILI ACCESSO D3
2024;ELAL;ND;PERSONALE NON DIRIGENTE;CD;CATEGORIA D;052487;POSIZ.ECON. D5 PROFILI ACCESSO D1
2024;ELAL;ND;PERSONALE NON DIRIGENTE;CD;CATEGORIA D;052486;POSIZ.ECON. D5 PROFILI ACCESSO D3
2024;ELAL;ND;PERSONALE NON DIRIGENTE;CD;CATEGORIA D;0D6000;POSIZ. ECON. D6 - PROFILO ACCESSO D1
2024;ELAL;ND;PERSONALE NON DIRIGENTE;CD;CATEGORIA D;0D6A00;POSIZ. ECON. D6 - PROFILI ACCESSO D3
2024;ELAL;NF;DIRIGENTI;DI;DIRIGENTI ;0D0165;DIRIGENTE A TEMPO DETERMINATO  ART.110 C.1 TUEL
2024;ELAL;NF;DIRIGENTI;DI;DIRIGENTI ;0D0164;DIRIGENTE A TEMPO INDETERMINATO
2024;ELAL;SC;SEGRETARI;FP;SEGRETARI COMUNALI E PROVINCIALI;0D0485;SEGRETARIO C
2024;ELAL;SC;SEGRETARI;FP;SEGRETARI COMUNALI E PROVINCIALI;0D0103;SEGRETARIO B
2024;ELAL;SC;SEGRETARI;FP;SEGRETARI COMUNALI E PROVINCIALI;0D0102;SEGRETARIO A
2024;SCAL;CO;PERSONALE DEL COMPARTO;DO;DOCENTI A TEMPO INDETERMINATO;014ZD8;DOC. SCUOLA DELL'INFANZIA E PRIMARIA  DA 0 A 8 ANNI
2024;SCAL;CO;PERSONALE DEL COMPARTO;SL;INSEGNANTI A T.D. CON CONTRATTO NON ANNUALE;016ZL8;DOC. DI RELIGIONE INC. A  T. DET. SCUOLA SUP. DA 0 A 8 ANNI
2024;SCAL;CO;PERSONALE DEL COMPARTO;DO;DOCENTI A TEMPO INDETERMINATO;016ZB8;DOC. SCUOLA MEDIA DA 0 A 8 ANNI
2024;SCAL;CO;PERSONALE DEL COMPARTO;DO;DOCENTI A TEMPO INDETERMINATO;016ZA8;DOC. LAUR. IST. SEC. II GRADO DA 0 A 8 ANNI
2024;SCAL;CO;PERSONALE DEL COMPARTO;SL;INSEGNANTI A T.D. CON CONTRATTO NON ANNUALE;014ZO8;DOC. DI REL.INC. A T.DET.SC.DELL'INF. E PRIM.DA 0 A 8 ANNI
2024;SCAL;CO;PERSONALE DEL COMPARTO;SR;DOCENTI DI RELIGIONE A TEMPO INDETERMINATO;014ZK8;DOC. DI REL. T. IND. SCUOLA DELL'INF. E PRIM. DA 0 A 8 ANNI
2024;SCAL;CO;PERSONALE DEL COMPARTO;SR;DOCENTI DI RELIGIONE A TEMPO INDETERMINATO;016ZM8;DOC. DI RELIGIONE T. INDET. SCUOLA MEDIA DA 0 A 8 ANNI
2024;SCAL;CO;PERSONALE DEL COMPARTO;SR;DOCENTI DI RELIGIONE A TEMPO INDETERMINATO;016ZJ8;DOC. DI RELIGIONE T. IND. SCUOLA SUPERIORE DA 0 A 8 ANNI
2024;SCAL;CO;PERSONALE DEL COMPARTO;SA;PERSONALE A.T.A. A TEMPO INDETERMINATO;011ZI8;COLLABORATORE SCOLASTICO DA 0 A 8 ANNI
2024;SCAL;CO;PERSONALE DEL COMPARTO;SA;PERSONALE A.T.A. A TEMPO INDETERMINATO;098ZH8;COLLABORATORE SCOLASTICO DEI SERVIZI DA 0 A 8 ANNI
2024;SCAL;CO;PERSONALE DEL COMPARTO;SA;PERSONALE A.T.A. A TEMPO INDETERMINATO;012ZG8;ASSISTENTI AMMINISTRATIVI DA 0 A 8 ANNI
2024;SCAL;CO;PERSONALE DEL COMPARTO;SA;PERSONALE A.T.A. A TEMPO INDETERMINATO;013ZF8;COORDINATORE AMMINISTRATIVO E TECNICO DA 0 A 8 ANNI
2024;SCAL;CO;PERSONALE DEL COMPARTO;SA;PERSONALE A.T.A. A TEMPO INDETERMINATO;013ZE8;DIRETTORI DEI SERVIZI GENERALI E AMM.VI  DA 0 A 8 ANNI
2024;SCAL;CO;PERSONALE DEL COMPARTO;SL;INSEGNANTI A T.D. CON CONTRATTO NON ANNUALE;016ZN8;DOC. DI RELIGIONE  INC. A T. DET. SCUOLA MEDIA DA 0 A 8 ANNI
2024;SCAL;CO;PERSONALE DEL COMPARTO;DO;DOCENTI A TEMPO INDETERMINATO;014ZC8;DOC. DIPLOMATO ISTITUTI SEC. II GRADO  DA 0 A 8 ANNI
2024;PRBZ;ND;PERSONALE NON DIRIGENTE;CB;CATEGORIA B;0F5VF1;VIGILE DEL FUOCO - Q.F.  5
2024;PRBZ;ND;PERSONALE NON DIRIGENTE;CC;CATEGORIA C;0F6CSR;CAPO SQUADRA E REPARTO - Q.F. 6
2024;CDIP;CD;PERSONALE CARR. DIPLOMATICA;E1;CARRIERA DIPLOMATICA;0D0110;SEGRETARIO DI LEGAZIONE
2024;CDIP;CD;PERSONALE CARR. DIPLOMATICA;E1;CARRIERA DIPLOMATICA;0D0108;CONSIGLIERE DI LEGAZIONE
2024;CDIP;CD;PERSONALE CARR. DIPLOMATICA;E1;CARRIERA DIPLOMATICA;0D0107;CONSIGLIERE D'AMBASCIATA
2024;CDIP;CD;PERSONALE CARR. DIPLOMATICA;E1;CARRIERA DIPLOMATICA;0D0109;MINISTRO PLENIPOTENZIARIO
2024;CDIP;CD;PERSONALE CARR. DIPLOMATICA;E1;CARRIERA DIPLOMATICA;0D0106;AMBASCIATORE
2024;GGFF;ND;PERSONALE NON DIRIGENTE;MR;MARESCIALLI;016MC0;MARESCIALLO CAPO CON 10 ANNI
2024;GGFF;ND;PERSONALE NON DIRIGENTE;MR;MARESCIALLI;017237;MARESCIALLO AIUTANTE
2024;GGFF;ND;PERSONALE NON DIRIGENTE;MR;MARESCIALLI;017837;MARESCIALLO AIUTANTE CON 8 ANNI NEL GRADO
2024;GGFF;ND;PERSONALE NON DIRIGENTE;MR;MARESCIALLI;017836;LUOGOTENENTE
2024;GGFF;ND;PERSONALE NON DIRIGENTE;UI;UFFICIALI INFERIORI;017225;SOTTOTENENTE
2024;GGFF;ND;PERSONALE NON DIRIGENTE;MR;MARESCIALLI;017964;LUOGOTENENTE CARICHE SPECIALI
2024;GGFF;ND;PERSONALE NON DIRIGENTE;UI;UFFICIALI INFERIORI;018226;TENENTE
2024;GGFF;ND;PERSONALE NON DIRIGENTE;UI;UFFICIALI INFERIORI;018213;CAPITANO
2024;GGFF;ND;PERSONALE NON DIRIGENTE;UI;UFFICIALI INFERIORI;018937;CAPITANO + 10 ANNI
2024;CM09;ND;PERSONALE NON DIRIGENTE;UI;UFFICIALI INFERIORI;018CPL;CAPPELLANO COMPLEMENTO (S. TENENTE)
2024;CM09;ND;PERSONALE NON DIRIGENTE;UI;UFFICIALI INFERIORI;018281;CAPPELLANO ADDETTO
2024;CM09;ND;PERSONALE NON DIRIGENTE;UI;UFFICIALI INFERIORI;018284;CAPPELLANO CAPO
2024;CM09;ND;PERSONALE NON DIRIGENTE;UI;UFFICIALI INFERIORI;018971;CAPPELLANO  CAPO + 10  (CAP.)
2024;VVFF;DV;PERSONALE DIRETTIVO;VD;DIRETTIVI;D43857;VICE DIRETTORE FUNZIONI OPERATIVE
2024;VVFF;DV;PERSONALE DIRETTIVO;VD;DIRETTIVI;D43856;DIRETTORE FUNZIONI OPERATIVE
2024;VVFF;DV;PERSONALE DIRETTIVO;VD;DIRETTIVI;D43853;DIRETTORE VICEDIRIGENTE FUNZIONI OPERATIVE SCATTO 26 ANNI
2024;VVFF;NF;DIRIGENTI;TP;DIRIGENTI CON FUNZIONI TECNICO - PROFESSIONALI;0D01TP;PRIMO DIRIGENTE FUNZIONI TECNICO-PROFESSIONALI
2024;ENAC;ND;PERSONALE NON DIRIGENTE;AB;AREA B;036000;POSIZIONE ECONOMICA B4
2024;ENAC;ND;PERSONALE NON DIRIGENTE;AC;AREA C;040000;POSIZIONE ECONOMICA C1
2024;ENAC;ND;PERSONALE NON DIRIGENTE;AC;AREA C;042000;POSIZIONE ECONOMICA C2
2024;ENAC;ND;PERSONALE NON DIRIGENTE;AC;AREA C;045000;POSIZIONE ECONOMICA C4
2024;ENAC;ND;PERSONALE NON DIRIGENTE;AC;AREA C;046000;POSIZIONE ECONOMICA C5
2024;ENAC;R2;PROFESSIONISTI DI II QUALIFICA;2P;PROFESSIONISTI DI II QUALIFICA;0P5000;POSIZIONE ECONOMICA PII 1
2024;CPRE;CP;PERSONALE CARR. PREFETTIZIA;I1;CARRIERA PREFETTIZIA;0D0291;CONSIGLIERE DI PREFETTURA
2024;CPRE;CP;PERSONALE CARR. PREFETTIZIA;I1;CARRIERA PREFETTIZIA;0D0113;VICE PREFETTO AGGIUNTO
2024;CPRE;CP;PERSONALE CARR. PREFETTIZIA;I1;CARRIERA PREFETTIZIA;0D0112;VICE PREFETTO
2024;CPRE;CP;PERSONALE CARR. PREFETTIZIA;I1;CARRIERA PREFETTIZIA;0D0111;PREFETTO
2024;ENAC;R2;PROFESSIONISTI DI II QUALIFICA;2P;PROFESSIONISTI DI II QUALIFICA;0P6000;POSIZIONE ECONOMICA PII 2
2024;ENAC;R2;PROFESSIONISTI DI II QUALIFICA;2P;PROFESSIONISTI DI II QUALIFICA;0P7000;POSIZIONE ECONOMICA PII 3
2024;ENAC;R2;PROFESSIONISTI DI II QUALIFICA;2P;PROFESSIONISTI DI II QUALIFICA;0P8000;POSIZIONE ECONOMICA PII 4
2024;ENAC;R2;PROFESSIONISTI DI II QUALIFICA;2P;PROFESSIONISTI DI II QUALIFICA;0P8SUP;POSIZIONE ECONOMICA PII 4SUPER
2024;GGFF;AL;ALLIEVI;AV;ALLIEVI;000180;ALLIEVI
2024;GGFF;ND;PERSONALE NON DIRIGENTE;PP;APPUNTATI;013234;FINANZIERE
2024;GGFF;ND;PERSONALE NON DIRIGENTE;PP;APPUNTATI;013236;FINANZIERE SCELTO
2024;GGFF;ND;PERSONALE NON DIRIGENTE;PP;APPUNTATI;013210;APPUNTATO
2024;GGFF;ND;PERSONALE NON DIRIGENTE;PP;APPUNTATI;013231;APPUNTATO SCELTO
2024;GGFF;ND;PERSONALE NON DIRIGENTE;PP;APPUNTATI;013968;APPUNTATO SCELTO CON 5 ANNI NEL GRADO
2024;GGFF;ND;PERSONALE NON DIRIGENTE;PP;APPUNTATI;013967;APPUNTATO SCELTO QUALIFICA SPECIALE
2024;GGFF;ND;PERSONALE NON DIRIGENTE;BR;BRIGADIERI;014230;VICE BRIGADIERE
2024;GGFF;ND;PERSONALE NON DIRIGENTE;BR;BRIGADIERI;014211;BRIGADIERE
2024;GGFF;ND;PERSONALE NON DIRIGENTE;BR;BRIGADIERI;015212;BRIGADIERE CAPO
2024;GGFF;ND;PERSONALE NON DIRIGENTE;BR;BRIGADIERI;015966;BRIGADIERE CAPO CON 4 ANNI NEL GRADO
2024;GGFF;ND;PERSONALE NON DIRIGENTE;MR;MARESCIALLI;014324;MARESCIALLO
2024;GGFF;ND;PERSONALE NON DIRIGENTE;BR;BRIGADIERI;015965;BRIGADIERE CAPO QUALIFICA SPECIALE
2024;GGFF;ND;PERSONALE NON DIRIGENTE;MR;MARESCIALLI;015238;MARESCIALLO ORDINARIO
2024;GGFF;ND;PERSONALE NON DIRIGENTE;MR;MARESCIALLI;016224;MARESCIALLO CAPO
2024;VVFF;ND;PERSONALE NON DIRIGENTE;IF;ISPETTORI CON FUNZIONI TECNICO - PROFESSIONALI;I42TPE;ISPETTORE FUNZIONI TECNICO-PROFESSIONALI ESPERTO
2024;VVFF;ND;PERSONALE NON DIRIGENTE;IF;ISPETTORI CON FUNZIONI TECNICO - PROFESSIONALI;I42TPS;ISPETTORE FUNZIONI TECNICO-PROFES. ESPERTO SCATTO CONV
2024;VVFF;ND;PERSONALE NON DIRIGENTE;IF;ISPETTORI CON FUNZIONI TECNICO - PROFESSIONALI;I42TCS;ISPETTORE FUNZIONI TECNICO-PROFES COORDINATORE SCATTO CONV
2024;VVFF;ND;PERSONALE NON DIRIGENTE;IA;ISPETTORI E SOSTITUTI DIRETTORI;I42883;ISPETTORE ANTINCENDI ESPERTO  FUNZIONI OPERATIVE
2024;VVFF;ND;PERSONALE NON DIRIGENTE;IA;ISPETTORI E SOSTITUTI DIRETTORI;I42882;ISPETTORE ANTINCENDI ESPERTO FUNZIONI OPER. SCATTO CONV
2024;VVFF;ND;PERSONALE NON DIRIGENTE;IA;ISPETTORI E SOSTITUTI DIRETTORI;I42881;ISPETTORE ANTINCENDI COORDINATORE FUNZIONI OPERATIVE
2024;VVFF;DV;PERSONALE DIRETTIVO;VT;DIRETTIVI CON FUNZIONI TECNICO - PROFESSIONALI;D43FTP;DIRETTORE FUNZIONI TECNICO-PROFESSIONALI
2024;VVFF;DV;PERSONALE DIRETTIVO;VT;DIRETTIVI CON FUNZIONI TECNICO - PROFESSIONALI;D43VTP;DIRETTORE FUNZIONI TECNICO-PROFESSIONALI VICE DIRIGENTE
2024;MNST;ND;PERSONALE NON DIRIGENTE;FU;FUNZIONARI;0FZ000;FUNZIONARI
2024;VVFF;ND;PERSONALE NON DIRIGENTE;OR;ORCHESTRALI;ROR824;ORCHESTRALE
2024;VVFF;ND;PERSONALE NON DIRIGENTE;OR;ORCHESTRALI;ROR823;ORCHESTRALE ESPERTO
2024;VVFF;ND;PERSONALE NON DIRIGENTE;OR;ORCHESTRALI;ROR822;ORCHESTRALE ESPERTO CON SCATTO CONVENZIONALE
2024;VVFF;ND;PERSONALE NON DIRIGENTE;OR;ORCHESTRALI;ROR821;ORCHESTRALE SUPERIORE
2024;VVFF;ND;PERSONALE NON DIRIGENTE;OR;ORCHESTRALI;ROR820;ORCHESTRALE SUPERIORE CON SCATTO CONVENZIONALE
2024;VVFF;ND;PERSONALE NON DIRIGENTE;OR;ORCHESTRALI;ROR829;MAESTRO DIRETTORE
2024;VVFF;ND;PERSONALE NON DIRIGENTE;OR;ORCHESTRALI;ROR828;MAESTRO DIRETTORE CON PRIMO SCATTO CONVENZIONALE
2024;VVFF;ND;PERSONALE NON DIRIGENTE;OR;ORCHESTRALI;ROR827;MAESTRO DIRETTORE CON SECONDO SCATTO CONVENZIONALE
2024;VVFF;ND;PERSONALE NON DIRIGENTE;OR;ORCHESTRALI;ROR826;MAESTRO DIRETTORE CON TERZO SCATTO CONVENZIONALE
2024;VVFF;ND;PERSONALE NON DIRIGENTE;OR;ORCHESTRALI;ROR825;MAESTRO DIRETTORE CON QUARTO SCATTO CONVENZIONALE
2024;VVFF;ND;PERSONALE NON DIRIGENTE;OP;OPERATORI;O25OP1;OPERATORE
2024;VVFF;ND;PERSONALE NON DIRIGENTE;OP;OPERATORI;O25OP4;OPERATORE ESPERTO
2024;VVFF;ND;PERSONALE NON DIRIGENTE;AT;ASSISTENTI;E32AS1;ASSISTENTE
2024;VVFF;ND;PERSONALE NON DIRIGENTE;AT;ASSISTENTI;E32892;ASSISTENTE CAPO CON SCATTO CONVENZIONALE
2024;VVFF;ND;PERSONALE NON DIRIGENTE;CR;VIGILI, CAPI SQUADRA, CAPI REPARTO;V30VF1;VIGILE DEL FUOCO
2024;EPNE;ND;PERSONALE NON DIRIGENTE;AT;ASSISTENTI;0AS000;ASSISTENTI
2024;EPNE;ND;PERSONALE NON DIRIGENTE;FU;FUNZIONARI;0FZ000;FUNZIONARI
2024;EEII;ND;PERSONALE NON DIRIGENTE;SG;SERGENTI;015326;SERGENTE MAGGIORE CAPO
2024;EEII;ND;PERSONALE NON DIRIGENTE;SG;SERGENTI;015943;SERGENTE MAGGIORE CAPO CON 4 ANNI NEL GRADO
2024;EEII;ND;PERSONALE NON DIRIGENTE;MR;MARESCIALLI;014324;MARESCIALLO
2024;EEII;ND;PERSONALE NON DIRIGENTE;MR;MARESCIALLI;015238;MARESCIALLO ORDINARIO
2024;EEII;ND;PERSONALE NON DIRIGENTE;MR;MARESCIALLI;016224;MARESCIALLO CAPO
2024;EEII;ND;PERSONALE NON DIRIGENTE;MR;MARESCIALLI;016MC0;MARESCIALLO CAPO CON 10 ANNI
2024;EEII;ND;PERSONALE NON DIRIGENTE;MR;MARESCIALLI;017556;PRIMO MARESCIALLO
2024;EEII;ND;PERSONALE NON DIRIGENTE;MR;MARESCIALLI;017834;PRIMO MARESCIALLO CON 8 ANNI NEL GRADO
2024;EEII;ND;PERSONALE NON DIRIGENTE;MR;MARESCIALLI;017830;LUOGOTENENTE
2024;EEII;ND;PERSONALE NON DIRIGENTE;UI;UFFICIALI INFERIORI;017225;SOTTOTENENTE
2024;EEII;ND;PERSONALE NON DIRIGENTE;MR;MARESCIALLI;017938;PRIMO LUOGOTENENTE
2024;EEII;ND;PERSONALE NON DIRIGENTE;UI;UFFICIALI INFERIORI;018226;TENENTE
2024;EEII;ND;PERSONALE NON DIRIGENTE;UI;UFFICIALI INFERIORI;018213;CAPITANO
2024;EEII;ND;PERSONALE NON DIRIGENTE;UI;UFFICIALI INFERIORI;018937;CAPITANO + 10 ANNI
2024;PPSS;ND;PERSONALE NON DIRIGENTE;IP;ISPETTORI;016IC0;ISPETTORE CAPO CON 10 ANNI
2024;PPSS;ND;PERSONALE NON DIRIGENTE;IP;ISPETTORI;017951;SOSTITUTO COMMISSARIO COORDINATORE
2024;PPSS;AL;ALLIEVI;AV;ALLIEVI;000180;ALLIEVI
2024;PPSS;ND;PERSONALE NON DIRIGENTE;RS;SOVRINTENDENTI;015952;SOVRINTENDENTE CAPO  COORDINATORE
2024;PPSS;ND;PERSONALE NON DIRIGENTE;AS;ASSISTENTI E AGENTI;013257;AGENTE
2024;PPSS;ND;PERSONALE NON DIRIGENTE;AS;ASSISTENTI E AGENTI;013179;AGENTE SCELTO
2024;PPSS;ND;PERSONALE NON DIRIGENTE;AS;ASSISTENTI E AGENTI;013181;ASSISTENTE
2024;PPSS;ND;PERSONALE NON DIRIGENTE;AS;ASSISTENTI E AGENTI;013259;ASSISTENTE CAPO
2024;PPSS;ND;PERSONALE NON DIRIGENTE;AS;ASSISTENTI E AGENTI;013955;ASSISTENTE CAPO + 5  ANNI QLF
2024;PPSS;ND;PERSONALE NON DIRIGENTE;RS;SOVRINTENDENTI;014280;VICE SOVRINTENDENTE
2024;PPSS;ND;PERSONALE NON DIRIGENTE;RS;SOVRINTENDENTI;014197;SOVRINTENDENTE
2024;PPSS;ND;PERSONALE NON DIRIGENTE;RS;SOVRINTENDENTI;015953;SOVRINTENDENTE CAPO + 4 ANNI QLF
2024;PPSS;ND;PERSONALE NON DIRIGENTE;IP;ISPETTORI;015191;ISPETTORE
2024;PPSS;ND;PERSONALE NON DIRIGENTE;IP;ISPETTORI;017837;ISPETTORE SUPERIORE S.UPS CON 8 ANNI NELLA QUALIFICA
2024;PPSS;ND;PERSONALE NON DIRIGENTE;RS;SOVRINTENDENTI;015198;SOVRINTENDENTE CAPO
2024;PPSS;ND;PERSONALE NON DIRIGENTE;AS;ASSISTENTI E AGENTI;013954;ASSISTENTE CAPO COORDINATORE
2024;PPSS;ND;PERSONALE NON DIRIGENTE;IP;ISPETTORI;014201;VICE ISPETTORE
2024;PPSS;ND;PERSONALE NON DIRIGENTE;IP;ISPETTORI;016192;ISPETTORE CAPO
2024;PPSS;ND;PERSONALE NON DIRIGENTE;IP;ISPETTORI;017268;ISPETTORE SUPERIORE S. UPS
2024;PPSS;ND;PERSONALE NON DIRIGENTE;IP;ISPETTORI;017836;SOSTIT.COMMISSARIO
2024;PPSS;ND;PERSONALE NON DIRIGENTE;VD;DIRETTIVI;017256;VICE COMMISSARIO
2024;PPSS;ND;PERSONALE NON DIRIGENTE;VD;DIRETTIVI;018182;COMMISSARIO
2024;PPSS;ND;PERSONALE NON DIRIGENTE;VD;DIRETTIVI;018185;COMMISSARIO CAPO
2024;VVFF;AL;ALLIEVI;AV;ALLIEVI;000180;ALLIEVI
2024;VVFF;ND;PERSONALE NON DIRIGENTE;TL;ATLETI;LAT829;ATLETA
2024;VVFF;ND;PERSONALE NON DIRIGENTE;TL;ATLETI;LAT828;ATLETA CON PRIMO SCATTO CONVENZIONALE
2024;VVFF;ND;PERSONALE NON DIRIGENTE;TL;ATLETI;LAT827;ATLETA CON SECONDO SCATTO CONVENZIONALE
2024;VVFF;ND;PERSONALE NON DIRIGENTE;TL;ATLETI;LAT826;ATLETA CON TERZO SCATTO CONVENZIONALE
2024;VVFF;ND;PERSONALE NON DIRIGENTE;TL;ATLETI;LAT825;ATLETA CON QUARTO SCATTO CONVENZIONALE
2024;VVFF;ND;PERSONALE NON DIRIGENTE;OP;OPERATORI;O25893;OPERATORE ESPERTO CON SCATTO CONVENZIONALE
2024;VVFF;ND;PERSONALE NON DIRIGENTE;CR;VIGILI, CAPI SQUADRA, CAPI REPARTO;V30891;VIGILE DEL FUOCO ESPERTO CON SCATTO CONVENZIONALE
2024;VVFF;ND;PERSONALE NON DIRIGENTE;CR;VIGILI, CAPI SQUADRA, CAPI REPARTO;V30VF4;VIGILE DEL FUOCO COORDINATORE
2024;VVFF;ND;PERSONALE NON DIRIGENTE;CR;VIGILI, CAPI SQUADRA, CAPI REPARTO;V30VF5;VIGILE DEL FUOCO COORDINATORE CON SCATTO CONVENZIONALE
2024;VVFF;ND;PERSONALE NON DIRIGENTE;CR;VIGILI, CAPI SQUADRA, CAPI REPARTO;Q32CS1;CAPO SQUADRA
2024;VVFF;ND;PERSONALE NON DIRIGENTE;CR;VIGILI, CAPI SQUADRA, CAPI REPARTO;Q32CS2;CAPO SQUADRA ESPERTO
2024;VVFF;ND;PERSONALE NON DIRIGENTE;CR;VIGILI, CAPI SQUADRA, CAPI REPARTO;Q34CR1;CAPO REPARTO
2024;VVFF;ND;PERSONALE NON DIRIGENTE;CR;VIGILI, CAPI SQUADRA, CAPI REPARTO;Q34890;CAPO REPARTO CON SCATTO CONVENZIONALE
2024;VVFF;ND;PERSONALE NON DIRIGENTE;IF;ISPETTORI CON FUNZIONI TECNICO - PROFESSIONALI;I42FTP;ISPETTORE FUNZIONI TECNICO-PROFESSIONALI
2024;ENAC;ND;PERSONALE NON DIRIGENTE;AA;AREA A;023000;POSIZIONE ECONOMICA A1
2024;ENAC;ND;PERSONALE NON DIRIGENTE;AA;AREA A;025000;POSIZIONE ECONOMICA A2
2024;ENAC;ND;PERSONALE NON DIRIGENTE;AA;AREA A;027000;POSIZIONE ECONOMICA A3
2024;ENAC;ND;PERSONALE NON DIRIGENTE;AA;AREA A;028000;POSIZIONE ECONOMICA A4
2024;ENAC;ND;PERSONALE NON DIRIGENTE;AB;AREA B;030000;POSIZIONE ECONOMICA B1
2024;ENAC;ND;PERSONALE NON DIRIGENTE;AB;AREA B;032000;POSIZIONE ECONOMICA B2
2024;ENAC;ND;PERSONALE NON DIRIGENTE;AB;AREA B;034000;POSIZIONE ECONOMICA B3
2024;VVFF;NF;DIRIGENTI;DI;DIRIGENTI ;0D0851;PRIMO DIRIGENTE FUNZIONI OPERATIVE CON SCATTO 26 ANNI
2024;VVFF;NF;DIRIGENTI;DI;DIRIGENTI ;0D0850;DIRIGENTE SUPERIORE FUNZIONI OPERATIVE
2024;VVFF;NF;DIRIGENTI;DI;DIRIGENTI ;0D0188;DIRIGENTE GENERALE
2024;EEII;AL;ALLIEVI;AV;ALLIEVI;000SCM;ALLIEVI SCUOLE MILITARI
2024;EEII;AL;ALLIEVI;AV;ALLIEVI;000180;ALLIEVI
2024;EEII;MT;MILITARI DI TRUPPA E UFFICIALI FERMA PREFISSATA;MT;MILITARI DI TRUPPA E UFFICIALI FERMA PREFISSATA;014833;U.F.P. SOTTOTENENTE
2024;EEII;MT;MILITARI DI TRUPPA E UFFICIALI FERMA PREFISSATA;MT;MILITARI DI TRUPPA E UFFICIALI FERMA PREFISSATA;017832;U.F.P. TENENTE
2024;EEII;MT;MILITARI DI TRUPPA E UFFICIALI FERMA PREFISSATA;MT;MILITARI DI TRUPPA E UFFICIALI FERMA PREFISSATA;000FR1;VOLONTARI IN FERMA PREFISSATA DI 1 ANNO RAFFERMATI
2024;EEII;MT;MILITARI DI TRUPPA E UFFICIALI FERMA PREFISSATA;MT;MILITARI DI TRUPPA E UFFICIALI FERMA PREFISSATA;000FP1;VOLONTARI IN FERMA PREFISSATA DI 1 ANNO
2024;EEII;MT;MILITARI DI TRUPPA E UFFICIALI FERMA PREFISSATA;MT;MILITARI DI TRUPPA E UFFICIALI FERMA PREFISSATA;000FP4;VOLONTARI IN FERMA PREFISSATA QUADRIENNALE
2024;EEII;ND;PERSONALE NON DIRIGENTE;SG;SERGENTI;014308;SERGENTE
2024;EEII;ND;PERSONALE NON DIRIGENTE;SG;SERGENTI;014325;SERGENTE MAGGIORE
2024;CNEL;ND;PERSONALE NON DIRIGENTE;AT;ASSISTENTI;0AS000;ASSISTENTI
2024;CNEL;ND;PERSONALE NON DIRIGENTE;FU;FUNZIONARI;0FZ000;FUNZIONARI
2024;AGFI;ND;PERSONALE NON DIRIGENTE;OP;OPERATORI;0OP000;OPERATORI
2024;AGFI;ND;PERSONALE NON DIRIGENTE;AT;ASSISTENTI;0AS000;ASSISTENTI
2024;AGFI;ND;PERSONALE NON DIRIGENTE;FU;FUNZIONARI;0FZ000;FUNZIONARI
2024;AGFI;ND;PERSONALE NON DIRIGENTE;3S;FUNZIONARI TITOLARI DI POER;0PO3AP;FUNZIONARI TITOLARI DI POER
2024;AGFI;ND;PERSONALE NON DIRIGENTE;EP;PERSONALE ELEVATE PROFESSIONALITA;0EP981;ELEVATE PROFESSIONALITA'
2024;MNST;ND;PERSONALE NON DIRIGENTE;OP;OPERATORI;0OP000;OPERATORI
2024;MNST;ND;PERSONALE NON DIRIGENTE;AT;ASSISTENTI;0AS000;ASSISTENTI
2024;MNST;ND;PERSONALE NON DIRIGENTE;FU;FUNZIONARI;0E0076;DIRETTORE DIVISIONE R.E.
2024;MNST;ND;PERSONALE NON DIRIGENTE;FU;FUNZIONARI;0E0083;ISPETTORE GENERALE R.E.
2024;MNST;ND;PERSONALE NON DIRIGENTE;EP;PERSONALE ELEVATE PROFESSIONALITA;0EP981;ELEVATE PROFESSIONALITA'
2024;CM10;ND;PERSONALE NON DIRIGENTE;UI;UFFICIALI INFERIORI;018281;CAPPELLANO ADDETTO
2024;CM10;ND;PERSONALE NON DIRIGENTE;UI;UFFICIALI INFERIORI;018284;CAPPELLANO CAPO
2024;CM10;ND;PERSONALE NON DIRIGENTE;UI;UFFICIALI INFERIORI;018971;CAPPELLANO  CAPO + 10  (CAP.)
2024;CCSS;ND;PERSONALE NON DIRIGENTE;MR;MARESCIALLI;017964;LUOGOTENENTE CARICA SPECIALE
2024;CCSS;ND;PERSONALE NON DIRIGENTE;UI;UFFICIALI INFERIORI;017225;SOTTOTENENTE
2024;CCSS;ND;PERSONALE NON DIRIGENTE;UI;UFFICIALI INFERIORI;018226;TENENTE
2024;CCSS;ND;PERSONALE NON DIRIGENTE;UI;UFFICIALI INFERIORI;018213;CAPITANO
2024;CCSS;ND;PERSONALE NON DIRIGENTE;UI;UFFICIALI INFERIORI;018937;CAPITANO + 10 ANNI
2024;CCSS;AL;ALLIEVI;AV;ALLIEVI;000180;ALLIEVI
2024;CCSS;ND;PERSONALE NON DIRIGENTE;MR;MARESCIALLI;016MC0;MARESCIALLO CAPO CON 10 ANNI
2024;CNEL;ND;PERSONALE NON DIRIGENTE;OP;OPERATORI;0OP000;OPERATORI
2024;MMAA;AL;ALLIEVI;AV;ALLIEVI;000ASP;ASPIRANTE
2024;MMAA;AL;ALLIEVI;AV;ALLIEVI;000SCM;ALLIEVI SCUOLE MILITARI
2024;MMAA;ND;PERSONALE NON DIRIGENTE;MR;MARESCIALLI;016332;CAPO DI I CLASSE
2024;MMAA;MT;MILITARI DI TRUPPA E UFFICIALI FERMA PREFISSATA;MT;MILITARI DI TRUPPA E UFFICIALI FERMA PREFISSATA;014833;U.F.P. GUARDIAMARINA
2024;MMAA;ND;PERSONALE NON DIRIGENTE;SG;SERGENTI;014349;SECONDO CAPO
2024;MMAA;MT;MILITARI DI TRUPPA E UFFICIALI FERMA PREFISSATA;MT;MILITARI DI TRUPPA E UFFICIALI FERMA PREFISSATA;000FR1;VOLONTARI IN FERMA PREFISSATA DI 1 ANNO RAFFERMATI
2024;MMAA;AL;ALLIEVI;AV;ALLIEVI;000180;ALLIEVI
2024;MMAA;MT;MILITARI DI TRUPPA E UFFICIALI FERMA PREFISSATA;MT;MILITARI DI TRUPPA E UFFICIALI FERMA PREFISSATA;013963;SOTTOCAPO DI III CLASSE (VFP4 FERMA BIENNALE)
2024;MMAA;ND;PERSONALE NON DIRIGENTE;GR;GRADUATI;013351;SOTTOCAPO DI I CLASSE
2024;MMAA;ND;PERSONALE NON DIRIGENTE;UI;UFFICIALI INFERIORI;018958;TENENTE DI VASCELLO + 10 ANNI
2024;MMAA;ND;PERSONALE NON DIRIGENTE;SG;SERGENTI;015960;SECONDO CAPO SCELTO CON 4 ANNI NEL GRADO
2024;MMAA;ND;PERSONALE NON DIRIGENTE;MR;MARESCIALLI;014333;CAPO DI III CLASSE
2024;MMAA;ND;PERSONALE NON DIRIGENTE;MR;MARESCIALLI;017938;PRIMO LUOGOTENENTE
2024;MMAA;MT;MILITARI DI TRUPPA E UFFICIALI FERMA PREFISSATA;MT;MILITARI DI TRUPPA E UFFICIALI FERMA PREFISSATA;000FP4;VOLONTARI IN FERMA PREFISSATA QUADRIENNALE
2024;MMAA;ND;PERSONALE NON DIRIGENTE;MR;MARESCIALLI;017834;PRIMO MARESCIALLO CON 8 ANNI NEL GRADO
2024;MMAA;ND;PERSONALE NON DIRIGENTE;SG;SERGENTI;015350;SECONDO CAPO SCELTO
2024;MMAA;MT;MILITARI DI TRUPPA E UFFICIALI FERMA PREFISSATA;MT;MILITARI DI TRUPPA E UFFICIALI FERMA PREFISSATA;000FP1;VOLONTARI IN FERMA PREFISSATA DI 1 ANNO
2024;MMAA;ND;PERSONALE NON DIRIGENTE;UI;UFFICIALI INFERIORI;018354;TENENTE DI VASCELLO
2024;MMAA;ND;PERSONALE NON DIRIGENTE;MR;MARESCIALLI;017556;PRIMO MARESCIALLO
2024;MMAA;ND;PERSONALE NON DIRIGENTE;UI;UFFICIALI INFERIORI;018338;SOTTOTENENTE DI VASCELLO
2024;MMAA;ND;PERSONALE NON DIRIGENTE;SG;SERGENTI;014308;SERGENTE
2024;MMAA;ND;PERSONALE NON DIRIGENTE;MR;MARESCIALLI;017830;LUOGOTENENTE
2024;MMAA;ND;PERSONALE NON DIRIGENTE;UI;UFFICIALI INFERIORI;017335;GUARDIAMARINA
2024;MMAA;ND;PERSONALE NON DIRIGENTE;GR;GRADUATI;013353;SOTTOCAPO DI III CLASSE
2024;MMAA;ND;PERSONALE NON DIRIGENTE;GR;GRADUATI;013352;SOTTOCAPO DI II CLASSE
2024;MMAA;MT;MILITARI DI TRUPPA E UFFICIALI FERMA PREFISSATA;MT;MILITARI DI TRUPPA E UFFICIALI FERMA PREFISSATA;017832;U.F.P. SOTTOTENENTE DI VASCELLO
2024;MMAA;ND;PERSONALE NON DIRIGENTE;MR;MARESCIALLI;015347;CAPO DI II CLASSE
2024;MMAA;ND;PERSONALE NON DIRIGENTE;MR;MARESCIALLI;016C10;CAPO DI I CLASSE CON 10 ANNI
2024;ERIC;ND;PERSONALE NON DIRIGENTE;4L;QUARTO LIVELLO;012091;IV LIV. - FUNZIONARIO AMMINISTRATIVO
2024;ERIC;ND;PERSONALE NON DIRIGENTE;4L;QUARTO LIVELLO;012088;IV LIV. - COLLABORATORE TER
2024;ERIC;RT;RICERCATORI E TECNOLOGI;TC;TECNOLOGI;0D0094;TECNOLOGO
2024;ERIC;RT;RICERCATORI E TECNOLOGI;TC;TECNOLOGI;0D0398;PRIMO TECNOLOGO
2024;ERIC;RT;RICERCATORI E TECNOLOGI;TC;TECNOLOGI;0D0090;DIRIGENTE TECNOLOGO
2024;ERIC;RT;RICERCATORI E TECNOLOGI;RI;RICERCATORI;0D0093;RICERCATORE
2024;ERIC;RT;RICERCATORI E TECNOLOGI;RI;RICERCATORI;0D0397;PRIMO RICERCATORE
2024;ERIC;RT;RICERCATORI E TECNOLOGI;RI;RICERCATORI;0D0089;DIRIGENTE DI RICERCA
2024;PCMD;2F;DIRIGENTI DI 2^ FASCIA;D2;DIRIGENTI DI 2^ FASCIA;0D0079;DIRIGENTE II FASCIA
2024;PCMD;2F;DIRIGENTI DI 2^ FASCIA;D2;DIRIGENTI DI 2^ FASCIA;0D0376;REFERENDARIO
2024;PCMD;1F;DIRIGENTI DI 1^ FASCIA;D1;DIRIGENTI DI 1^ FASCIA;0D0077;DIRIGENTE I FASCIA
2024;PCMD;1F;DIRIGENTI DI 1^ FASCIA;D1;DIRIGENTI DI 1^ FASCIA;0D0CON;CONSIGLIERE
2024;CCSS;ND;PERSONALE NON DIRIGENTE;PP;APPUNTATI;013214;CARABINIERE
2024;CCSS;ND;PERSONALE NON DIRIGENTE;PP;APPUNTATI;013216;CARABINIERE SCELTO
2024;CCSS;ND;PERSONALE NON DIRIGENTE;PP;APPUNTATI;013210;APPUNTATO
2024;CCSS;ND;PERSONALE NON DIRIGENTE;PP;APPUNTATI;013231;APPUNTATO SCELTO
2024;CCSS;ND;PERSONALE NON DIRIGENTE;PP;APPUNTATI;013968;APPUNTATO SCELTO CON 5 ANNI NEL GRADO
2024;CCSS;ND;PERSONALE NON DIRIGENTE;PP;APPUNTATI;013967;APPUNTATO SCELTO QUALIFICA SPECIALE
2024;CCSS;ND;PERSONALE NON DIRIGENTE;BR;BRIGADIERI;014230;VICE BRIGADIERE
2024;CCSS;ND;PERSONALE NON DIRIGENTE;BR;BRIGADIERI;014211;BRIGADIERE
2024;CCSS;ND;PERSONALE NON DIRIGENTE;BR;BRIGADIERI;015212;BRIGADIERE CAPO
2024;CCSS;ND;PERSONALE NON DIRIGENTE;BR;BRIGADIERI;015966;BRIGADIERE CAPO CON 4 ANNI NEL GRADO
2024;CCSS;ND;PERSONALE NON DIRIGENTE;BR;BRIGADIERI;015965;BRIGADIERE CAPO QUALIFICA SPECIALE
2024;CCSS;ND;PERSONALE NON DIRIGENTE;MR;MARESCIALLI;014324;MARESCIALLO
2024;CCSS;ND;PERSONALE NON DIRIGENTE;MR;MARESCIALLI;015238;MARESCIALLO ORDINARIO
2024;CCSS;ND;PERSONALE NON DIRIGENTE;MR;MARESCIALLI;016224;MARESCIALLO CAPO
2024;CCSS;ND;PERSONALE NON DIRIGENTE;MR;MARESCIALLI;017237;MARESCIALLO AIUTANTE
2024;CCSS;ND;PERSONALE NON DIRIGENTE;MR;MARESCIALLI;017837;MARESCIALLO AIUTANTE S.UPS CON 8 ANNI NEL GRADO
2024;CCSS;ND;PERSONALE NON DIRIGENTE;MR;MARESCIALLI;017836;LUOGOTENENTE
2024;PPEN;ND;PERSONALE NON DIRIGENTE;IP;ISPETTORI;016IC0;ISPETTORE CAPO CON 10 ANNI
2024;PPEN;AL;ALLIEVI;AV;ALLIEVI;000180;ALLIEVI
2024;PPEN;ND;PERSONALE NON DIRIGENTE;IP;ISPETTORI;015191;ISPETTORE
2024;PPEN;ND;PERSONALE NON DIRIGENTE;AS;ASSISTENTI E AGENTI;013257;AGENTE
2024;PPEN;ND;PERSONALE NON DIRIGENTE;AS;ASSISTENTI E AGENTI;013179;AGENTE SCELTO
2024;PPEN;ND;PERSONALE NON DIRIGENTE;AS;ASSISTENTI E AGENTI;013181;ASSISTENTE
2024;PPEN;ND;PERSONALE NON DIRIGENTE;AS;ASSISTENTI E AGENTI;013259;ASSISTENTE CAPO
2024;PPEN;ND;PERSONALE NON DIRIGENTE;AS;ASSISTENTI E AGENTI;013955;ASSISTENTE CAPO + 5  ANNI QLF
2024;PPEN;ND;PERSONALE NON DIRIGENTE;AS;ASSISTENTI E AGENTI;013954;ASSISTENTE CAPO COORDINATORE
2024;PPEN;ND;PERSONALE NON DIRIGENTE;RS;SOVRINTENDENTI;014280;VICE SOVRINTENDENTE
2024;PPEN;ND;PERSONALE NON DIRIGENTE;RS;SOVRINTENDENTI;014197;SOVRINTENDENTE
2024;PPEN;ND;PERSONALE NON DIRIGENTE;RS;SOVRINTENDENTI;015198;SOVRINTENDENTE CAPO
2024;PPEN;ND;PERSONALE NON DIRIGENTE;RS;SOVRINTENDENTI;015953;SOVRINTENDENTE CAPO + 4 ANNI QLF
2024;PPEN;ND;PERSONALE NON DIRIGENTE;RS;SOVRINTENDENTI;015952;SOVRINTENDENTE CAPO  COORDINATORE 
2024;PPEN;ND;PERSONALE NON DIRIGENTE;IP;ISPETTORI;014201;VICE ISPETTORE
2024;PPEN;ND;PERSONALE NON DIRIGENTE;IP;ISPETTORI;016192;ISPETTORE CAPO
2024;PPEN;ND;PERSONALE NON DIRIGENTE;IP;ISPETTORI;017268;ISPETTORE SUPERIORE SUPS
2024;PPEN;ND;PERSONALE NON DIRIGENTE;IP;ISPETTORI;017837;ISPETTORE SUPERIORE  SUPS CON 8 ANNI NELLA QUALIFICA
2024;PPEN;ND;PERSONALE NON DIRIGENTE;IP;ISPETTORI;017836;SOSTITITUTO COMMISSARIO
2024;PPEN;ND;PERSONALE NON DIRIGENTE;IP;ISPETTORI;017951;SOSTITUTO COMMISSARIO COORDINATORE
2024;PPEN;ND;PERSONALE NON DIRIGENTE;VD;DIRETTIVI;017256;VICE COMMISSARIO PENITENZIARIO
2024;PPEN;ND;PERSONALE NON DIRIGENTE;VD;DIRETTIVI;018182;COMMISSARIO PENITENZIARIO
2024;PPEN;ND;PERSONALE NON DIRIGENTE;VD;DIRETTIVI;018185;COMMISSARIO CAPO PENITENZIARIO
2024;ENAC;ND;PERSONALE NON DIRIGENTE;AC;AREA C;043000;POSIZIONE ECONOMICA C3
2024;ERIC;ND;PERSONALE NON DIRIGENTE;6L;SESTO LIVELLO;014EOA;VI LIV. - OPERATORE DI AMMINISTRAZ. ENEA RUOLO ESAURIMENTO
2024;ERIC;ND;PERSONALE NON DIRIGENTE;5L;QUINTO LIVELLO;013EOA;V LIV. - OPERATORE DI AMMINISTRAZ. ENEA RUOLO ESAURIMENTO
2024;ERIC;ND;PERSONALE NON DIRIGENTE;5L;QUINTO LIVELLO;013EOT;V LIV. - OPERATORE TECNICO ENEA RUOLO ESAURIMENTO
2024;ERIC;ND;PERSONALE NON DIRIGENTE;4L;QUARTO LIVELLO;012ENE;IV LIV. - COLLAB. DI AMM.NE E GESTIONE ENEA RUOLO ESAURIM.
2024;ERIC;RT;RICERCATORI E TECNOLOGI;TC;TECNOLOGI;0D0E94;TECNOLOGO ENEA III RUOLO ESAURIMENTO
2024;ERIC;RT;RICERCATORI E TECNOLOGI;TC;TECNOLOGI;0D0E98;TECNOLOGO ENEA II RUOLO ESAURIMENTO
2024;ERIC;RT;RICERCATORI E TECNOLOGI;TC;TECNOLOGI;0D0E90;TECNOLOGO ENEA I RUOLO ESAURIMENTO
2024;ERIC;ND;PERSONALE NON DIRIGENTE;6L;SESTO LIVELLO;014087;VI LIV. - COLLABORATORE AMMINISTRATIVO
2024;ERIC;ND;PERSONALE NON DIRIGENTE;6L;SESTO LIVELLO;014092;VI LIV. - OPERATORE TECNICO
2024;ERIC;ND;PERSONALE NON DIRIGENTE;6L;SESTO LIVELLO;014088;VI LIV. - COLLABORATORE TER
2024;ERIC;ND;PERSONALE NON DIRIGENTE;5L;QUINTO LIVELLO;013087;V LIV. - COLLABORATORE AMMINISTRATIVO
2024;ERIC;ND;PERSONALE NON DIRIGENTE;5L;QUINTO LIVELLO;013091;V LIV. - FUNZIONARIO AMMINISTRATIVO
2024;ERIC;ND;PERSONALE NON DIRIGENTE;5L;QUINTO LIVELLO;013088;V LIV. - COLLABORATORE TER
2024;PRTN;RT;RICERCATORI E TECNOLOGI;RI;RICERCATORI;0D0093;RICERCATORE/TECNOLOGO 1A FASCIA
2024;PRTN;RT;RICERCATORI E TECNOLOGI;RI;RICERCATORI;0D0397;RICERCATORE/TECNOLOGO 2A FASCIA
2024;PRTN;RT;RICERCATORI E TECNOLOGI;RI;RICERCATORI;0D0089;RICERCATORE/TECNOLOGO 3A FASCIA
2024;PCMD;ND;PERSONALE NON DIRIGENTE;CB;CATEGORIA B;0CBF04;CAT. B - F4
2024;PCMD;ND;PERSONALE NON DIRIGENTE;CB;CATEGORIA B;0CBF05;CAT. B - F5
2024;PCMD;ND;PERSONALE NON DIRIGENTE;CB;CATEGORIA B;0CBF06;CAT. B - F6
2024;PCMD;ND;PERSONALE NON DIRIGENTE;CB;CATEGORIA B;0CBF07;CAT. B - F7
2024;PCMD;ND;PERSONALE NON DIRIGENTE;CB;CATEGORIA B;0CBF08;CAT. B - F8
2024;PCMD;ND;PERSONALE NON DIRIGENTE;CB;CATEGORIA B;0CBF09;CAT. B - F9
2024;PCMD;ND;PERSONALE NON DIRIGENTE;CB;CATEGORIA B;0CBF10;CAT. B - F10
2024;PCMD;ND;PERSONALE NON DIRIGENTE;CA;CATEGORIA A;0CAF01;CAT. A - F1
2024;PCMD;ND;PERSONALE NON DIRIGENTE;CA;CATEGORIA A;0CAF02;CAT. A - F2
2024;PCMD;ND;PERSONALE NON DIRIGENTE;CA;CATEGORIA A;0CAF03;CAT. A - F3
2024;PCMD;ND;PERSONALE NON DIRIGENTE;CA;CATEGORIA A;0CAF05;CAT. A - F5
2024;PCMD;ND;PERSONALE NON DIRIGENTE;CA;CATEGORIA A;0CAF06;CAT. A - F6
2024;PCMD;ND;PERSONALE NON DIRIGENTE;CA;CATEGORIA A;0CAF10;CAT. A - F10
2024;EPNE;ND;PERSONALE NON DIRIGENTE;OP;OPERATORI;0OP000;OPERATORI
2024;EPNE;ND;PERSONALE NON DIRIGENTE;EP;PERSONALE ELEVATE PROFESSIONALITA;0EP981;ELEVATE PROFESSIONALITA'
2024;AFAM;AT;PERSONALE DOCENTE E PERSONALE TECNICO AMMINISTRATIVO;PD;PROFESSORI A TEMPO DET. CONTRATTO ANNUALE;018PD1;PROFESSORI DI PRIMA FASCIA TEMPO DET.ANNUALE
2024;AFAM;AT;PERSONALE DOCENTE E PERSONALE TECNICO AMMINISTRATIVO;PO;PROFESSORI E RICERCATORI;018P01;PROFESSORI DI PRIMA FASCIA
2024;PCMD;ND;PERSONALE NON DIRIGENTE;CA;CATEGORIA A;0CAF04;CAT. A - F4
2024;PCMD;ND;PERSONALE NON DIRIGENTE;CA;CATEGORIA A;0CAF07;CAT. A - F7
2024;PCMD;ND;PERSONALE NON DIRIGENTE;CA;CATEGORIA A;0CAF08;CAT. A - F8
2024;AAMM;ND;PERSONALE NON DIRIGENTE;SG;SERGENTI;014308;SERGENTE
2024;AAMM;ND;PERSONALE NON DIRIGENTE;SG;SERGENTI;014325;SERGENTE MAGGIORE
2024;AAMM;ND;PERSONALE NON DIRIGENTE;SG;SERGENTI;015326;SERGENTE MAGGIORE CAPO
2024;AAMM;ND;PERSONALE NON DIRIGENTE;MR;MARESCIALLI;014307;MARESCIALLO DI III CLASSE
2024;AAMM;ND;PERSONALE NON DIRIGENTE;MR;MARESCIALLI;015306;MARESCIALLO DI II CLASSE
2024;AAMM;ND;PERSONALE NON DIRIGENTE;MR;MARESCIALLI;016305;MARESCIALLO DI I CLASSE
2024;AAMM;ND;PERSONALE NON DIRIGENTE;MR;MARESCIALLI;017MC0;MARESCIALLO DI I CLASSE CON 10 ANNI
2024;AAMM;ND;PERSONALE NON DIRIGENTE;MR;MARESCIALLI;017556;PRIMO MARESCIALLO
2024;AAMM;ND;PERSONALE NON DIRIGENTE;MR;MARESCIALLI;017834;PRIMO MARESCIALLO CON 8 ANNI NEL GRADO
2024;AAMM;ND;PERSONALE NON DIRIGENTE;MR;MARESCIALLI;017830;LUOGOTENENTE
2024;AAMM;ND;PERSONALE NON DIRIGENTE;UI;UFFICIALI INFERIORI;017225;SOTTOTENENTE
2024;AAMM;ND;PERSONALE NON DIRIGENTE;UI;UFFICIALI INFERIORI;018226;TENENTE
2024;AAMM;ND;PERSONALE NON DIRIGENTE;UI;UFFICIALI INFERIORI;018213;CAPITANO
2024;AAMM;AL;ALLIEVI;AV;ALLIEVI;000ASP;ASPIRANTE
2024;CPOR;AL;ALLIEVI;AV;ALLIEVI;000180;ALLIEVI
2024;CPOR;MT;MILITARI DI TRUPPA E UFFICIALI FERMA PREFISSATA;MT;MILITARI DI TRUPPA E UFFICIALI FERMA PREFISSATA;014833;U.F.P.  GUARDIAMARINA
2024;CPOR;MT;MILITARI DI TRUPPA E UFFICIALI FERMA PREFISSATA;MT;MILITARI DI TRUPPA E UFFICIALI FERMA PREFISSATA;017832;U.F.P. SOTTOTENENTE DI VASCELLO
2024;CPOR;MT;MILITARI DI TRUPPA E UFFICIALI FERMA PREFISSATA;MT;MILITARI DI TRUPPA E UFFICIALI FERMA PREFISSATA;000FP1;VOLONTARI IN FERMA PREFISSATA DI 1 ANNO
2024;CPOR;MT;MILITARI DI TRUPPA E UFFICIALI FERMA PREFISSATA;MT;MILITARI DI TRUPPA E UFFICIALI FERMA PREFISSATA;000FP4;VOLONTARI IN FERMA PREFISSATA QUADRIENNALE
2024;CPOR;MT;MILITARI DI TRUPPA E UFFICIALI FERMA PREFISSATA;MT;MILITARI DI TRUPPA E UFFICIALI FERMA PREFISSATA;013963;SOTTOCAPO  III CLASSE (VFP4 FERMA BIENNALE)
2024;CPOR;ND;PERSONALE NON DIRIGENTE;GR;GRADUATI;013353;SOTTOCAPO DI III CLASSE
2024;CPOR;ND;PERSONALE NON DIRIGENTE;GR;GRADUATI;013352;SOTTOCAPO DI II CLASSE
2024;CPOR;ND;PERSONALE NON DIRIGENTE;GR;GRADUATI;013351;SOTTOCAPO DI I CLASSE
2024;CPOR;ND;PERSONALE NON DIRIGENTE;SG;SERGENTI;014308;SERGENTE
2024;CPOR;ND;PERSONALE NON DIRIGENTE;SG;SERGENTI;014349;SECONDO CAPO
2024;CPOR;ND;PERSONALE NON DIRIGENTE;SG;SERGENTI;015350;SECONDO CAPO SCELTO
2024;CPOR;ND;PERSONALE NON DIRIGENTE;SG;SERGENTI;013960;SECONDO CAPO SCELTO CON 4 ANNI NEL GRADO
2024;CPOR;ND;PERSONALE NON DIRIGENTE;MR;MARESCIALLI;014333;CAPO DI III CLASSE
2024;CPOR;ND;PERSONALE NON DIRIGENTE;MR;MARESCIALLI;015347;CAPO DI II CLASSE
2024;CPOR;ND;PERSONALE NON DIRIGENTE;MR;MARESCIALLI;016332;CAPO DI I CLASSE
2024;CPOR;ND;PERSONALE NON DIRIGENTE;MR;MARESCIALLI;016C10;CAPO DI I CLASSE CON 10 ANNI
2024;CPOR;MT;MILITARI DI TRUPPA E UFFICIALI FERMA PREFISSATA;MT;MILITARI DI TRUPPA E UFFICIALI FERMA PREFISSATA;000FR1;VOLONTARI IN FERMA PREFISSATA DI 1 ANNO RAFFERMATI
2024;CPOR;ND;PERSONALE NON DIRIGENTE;MR;MARESCIALLI;017556;PRIMO MARESCIALLO
2024;CPOR;ND;PERSONALE NON DIRIGENTE;MR;MARESCIALLI;017834;PRIMO MARESCIALLO CON 8 ANNI NEL GRADO
2024;CPOR;ND;PERSONALE NON DIRIGENTE;MR;MARESCIALLI;017830;LUOGOTENENTE
2024;CPOR;ND;PERSONALE NON DIRIGENTE;UI;UFFICIALI INFERIORI;017335;GUARDIAMARINA
2024;CPOR;ND;PERSONALE NON DIRIGENTE;MR;MARESCIALLI;017938;PRIMO LUOGOTENENTE
2024;CPOR;ND;PERSONALE NON DIRIGENTE;UI;UFFICIALI INFERIORI;018338;SOTTOTENENTE DI VASCELLO
2024;CPOR;ND;PERSONALE NON DIRIGENTE;UI;UFFICIALI INFERIORI;018354;TENENTE DI VASCELLO
2024;CPOR;ND;PERSONALE NON DIRIGENTE;UI;UFFICIALI INFERIORI;018958;TENENTE DI VASCELLO + 10 ANNI
2024;AAMM;AL;ALLIEVI;AV;ALLIEVI;000SCM;ALLIEVI SCUOLE MILITARI
2024;AAMM;ND;PERSONALE NON DIRIGENTE;UI;UFFICIALI INFERIORI;018937;CAPITANO + 10 ANNI
2024;AAMM;MT;MILITARI DI TRUPPA E UFFICIALI FERMA PREFISSATA;MT;MILITARI DI TRUPPA E UFFICIALI FERMA PREFISSATA;000FR1;VOLONTARI IN FERMA PREFISSATA DI 1 ANNO RAFFERMATI
2024;AAMM;MT;MILITARI DI TRUPPA E UFFICIALI FERMA PREFISSATA;MT;MILITARI DI TRUPPA E UFFICIALI FERMA PREFISSATA;013946;AVIERE CAPO (VFP4 FERMA BIENNALE)
2024;AAMM;ND;PERSONALE NON DIRIGENTE;SG;SERGENTI;015943;SERGENTE MAGGIORE CAPO CON 4 ANNI NEL GRADO
2024;AAMM;ND;PERSONALE NON DIRIGENTE;MR;MARESCIALLI;017938;PRIMO LUOGOTENENTE
2024;AAMM;AL;ALLIEVI;AV;ALLIEVI;000180;ALLIEVI
2024;AAMM;MT;MILITARI DI TRUPPA E UFFICIALI FERMA PREFISSATA;MT;MILITARI DI TRUPPA E UFFICIALI FERMA PREFISSATA;014833;U.F.P. SOTTOTENENTE
2024;AAMM;MT;MILITARI DI TRUPPA E UFFICIALI FERMA PREFISSATA;MT;MILITARI DI TRUPPA E UFFICIALI FERMA PREFISSATA;017832;U.F.P. TENENTE
2024;AAMM;MT;MILITARI DI TRUPPA E UFFICIALI FERMA PREFISSATA;MT;MILITARI DI TRUPPA E UFFICIALI FERMA PREFISSATA;000FP1;VOLONTARI IN FERMA PREFISSATA DI 1 ANNO
2024;AAMM;MT;MILITARI DI TRUPPA E UFFICIALI FERMA PREFISSATA;MT;MILITARI DI TRUPPA E UFFICIALI FERMA PREFISSATA;000FP4;VOLONTARI IN FERMA PREFISSATA QUADRIENNALE
2024;AAMM;ND;PERSONALE NON DIRIGENTE;GR;GRADUATI;013294;AVIERE CAPO
2024;AAMM;ND;PERSONALE NON DIRIGENTE;GR;GRADUATI;013301;I AVIERE SCELTO
2024;AAMM;ND;PERSONALE NON DIRIGENTE;GR;GRADUATI;013299;I AVIERE CAPO
2024;PCMD;ND;PERSONALE NON DIRIGENTE;CB;CATEGORIA B;0CBF01;CAT. B - F1
2024;PCMD;ND;PERSONALE NON DIRIGENTE;CB;CATEGORIA B;0CBF02;CAT. B - F2
2024;PCMD;ND;PERSONALE NON DIRIGENTE;CB;CATEGORIA B;0CBF03;CAT. B - F3
2024;VVFF;DV;PERSONALE DIRETTIVO;VT;DIRETTIVI CON FUNZIONI TECNICO - PROFESSIONALI;D43T16;DIRETTORE FUNZIONI TEC-PROF. VICE DIRIG. SCATTO CONV 16 ANNI
2024;VVFF;DV;PERSONALE DIRETTIVO;VT;DIRETTIVI CON FUNZIONI TECNICO - PROFESSIONALI;D43T26;DIRETTORE FUNZIONI TEC-PROF. VICE DIRIG. SCATTO CONV 26 ANNI
2024;VVFF;DV;PERSONALE DIRETTIVO;VD;DIRETTIVI;D43855;DIRETTORE VICEDIRIGENTE FUNZIONI OPERATIVE
2024;VVFF;DV;PERSONALE DIRETTIVO;VD;DIRETTIVI;D43854;DIRETTORE VICEDIRIGENTE FUNZIONI OPERATIVE SCATTO 16 ANNI
2024;VVFF;NF;DIRIGENTI;DI;DIRIGENTI ;0D0852;PRIMO DIRIGENTE FUNZIONI OPERATIVE
2024;VVFF;NF;DIRIGENTI;TP;DIRIGENTI CON FUNZIONI TECNICO - PROFESSIONALI;0D0T26;PRIMO DIRIGENTE FUNZIONI TECNICO-PROFES. SCATTO CONV 26 ANNI
2024;VVFF;NF;DIRIGENTI;TP;DIRIGENTI CON FUNZIONI TECNICO - PROFESSIONALI;0D0FTP;DIRIGENTE SUPERIORE FUNZIONI TECNICO-PROFESSIONALI
2024;CM10;ND;PERSONALE NON DIRIGENTE;UI;UFFICIALI INFERIORI;018CPL;CAPPELLANO COMPLEMENTO (S. TENENTE)
2024;VVFF;ND;PERSONALE NON DIRIGENTE;CR;VIGILI, CAPI SQUADRA, CAPI REPARTO;V30VF3;VIGILE DEL FUOCO ESPERTO
2024;VVFF;ND;PERSONALE NON DIRIGENTE;IF;ISPETTORI CON FUNZIONI TECNICO - PROFESSIONALI;I42TPC;ISPETTORE FUNZIONI TECNICO-PROFESSIONALI COORDINATORE
2024;VVFF;ND;PERSONALE NON DIRIGENTE;IA;ISPETTORI E SOSTITUTI DIRETTORI;I42884;ISPETTORE ANTINCENDI FUNZIONI OPERATIVE
2024;VVFF;ND;PERSONALE NON DIRIGENTE;IA;ISPETTORI E SOSTITUTI DIRETTORI;I42880;ISPETTORE ANTINCENDI COORD. FUNZIONI OPER.  SCATTO CONV.
2024;VVFF;DV;PERSONALE DIRETTIVO;VT;DIRETTIVI CON FUNZIONI TECNICO - PROFESSIONALI;D43TPL;VICE DIRETTORE FUNZIONI TECNICO-PROFESSIONALI
2024;SSNA;DR;DIRIGENTI SANITARI;PS;DIRIGENTI PROFESSIONI SANITARIE;SD0SE2;DIRIGENTE PROF. SANIT. RIABILITATIVE (INC. STRUT. SEMPL.)
2024;SSNA;DR;DIRIGENTI SANITARI;PS;DIRIGENTI PROFESSIONI SANITARIE;SD0CO2;DIRIGENTE PROF. SANIT. RIABILITATIVE (INC. STRUT. COMPL.)
2024;SSNA;DR;DIRIGENTI SANITARI;PS;DIRIGENTI PROFESSIONI SANITARIE;SD048B;DIR. PROF.SAN.INFERM/OSTET T.DET.ART.15-SEPTIES DLGS 502/92
2024;SSNA;DR;DIRIGENTI SANITARI;PS;DIRIGENTI PROFESSIONI SANITARIE;SD0AI1;DIRIGENTE PROF. SANIT. INFERM/OSTETRICA (ALTRI INC. PROF.LI)
2024;SSNA;DR;DIRIGENTI SANITARI;PS;DIRIGENTI PROFESSIONI SANITARIE;SD0SE1;DIRIGENTE PROF. SANIT. INFERM/OSTETRICA (INC. STRUT. SEMPL.)
2024;SSNA;DR;DIRIGENTI SANITARI;PS;DIRIGENTI PROFESSIONI SANITARIE;SD0CO1;DIRIGENTE PROF. SANIT. INFERM/OSTETRICA (INC. STRUT. COMPL.)
2024;SSNA;DR;DIRIGENTI SANITARI;PL;PSICOLOGI;SD0604;PSICOLOGI A T. DETERMINATO (ART. 15-SEPTIES D.LGS. 502/92)
2024;SSNA;DR;DIRIGENTI SANITARI;PL;PSICOLOGI;SD0064;PSICOLOGI CON ALTRI INCAR. PROF.LI (RAPP. NON ESCL.)
2024;SSNA;DR;DIRIGENTI SANITARI;PL;PSICOLOGI;SD0A65;PSICOLOGI CON ALTRI INCAR. PROF.LI (RAPP. ESCLUSIVO)
2024;SSNA;DR;DIRIGENTI SANITARI;PL;PSICOLOGI;SD0N65;PSICOLOGI CON INC. DI STRUTTURA SEMPLICE (RAPP. NON ESCL.)
2024;SSNA;DR;DIRIGENTI SANITARI;PL;PSICOLOGI;SD0E65;PSICOLOGI CON INC. DI STRUTTURA SEMPLICE (RAPP. ESCLUSIVO)
2024;SSNA;DR;DIRIGENTI SANITARI;PL;PSICOLOGI;SD0E66;PSICOLOGI CON INC. DI STRUTTURA COMPLESSA (RAPP. ESCLUSIVO)
2024;SSNA;DR;DIRIGENTI SANITARI;FI;FISICI;SD0603;FISICI A T. DETERMINATO (ART. 15-SEPTIES D.LGS. 502/92)
2024;SSNA;DR;DIRIGENTI SANITARI;FI;FISICI;SD0040;FISICI CON ALTRI INCAR. PROF.LI (RAPP. NON ESCL.)
2024;SSNA;DR;DIRIGENTI SANITARI;FI;FISICI;SD0A41;FISICI CON ALTRI INCAR. PROF.LI (RAPP. ESCLUSIVO)
2024;SSNA;DR;DIRIGENTI SANITARI;FI;FISICI;SD0N41;FISICI CON INC. DI STRUTTURA SEMPLICE (RAPP. NON ESCL.)
2024;SSNA;DR;DIRIGENTI SANITARI;FI;FISICI;SD0E41;FISICI CON INC. DI STRUTTURA SEMPLICE (RAPP. ESCLUSIVO)
2024;SSNA;DR;DIRIGENTI SANITARI;FI;FISICI;SD0N42;FISICI CON INC. DI STRUTTURA COMPLESSA (RAPP. NON ESCL.)
2024;SSNA;DR;DIRIGENTI SANITARI;FI;FISICI;SD0E42;FISICI CON INC. DI STRUTTURA COMPLESSA (RAPP. ESCLUSIVO)
2024;SSNA;DR;DIRIGENTI SANITARI;CH;CHIMICI;SD0602;CHIMICI A T. DETERMINATO (ART. 15-SEPTIES D.LGS. 502/92)
2024;SSNA;DR;DIRIGENTI SANITARI;CH;CHIMICI;SD0014;CHIMICI CON ALTRI INCAR. PROF.LI (RAPP. NON ESCL.)
2024;SSNA;DR;DIRIGENTI SANITARI;CH;CHIMICI;SD0A15;CHIMICI CON ALTRI INCAR. PROF.LI (RAPP. ESCLUSIVO)
2024;SSNA;DR;DIRIGENTI SANITARI;CH;CHIMICI;SD0N15;CHIMICI CON INC. DI STRUTTURA SEMPLICE (RAPP. NON ESCL.)
2024;SSNA;DR;DIRIGENTI SANITARI;CH;CHIMICI;SD0E15;CHIMICI CON INC. DI STRUTTURA SEMPLICE (RAPP. ESCLUSIVO)
2024;SSNA;DR;DIRIGENTI SANITARI;CH;CHIMICI;SD0N16;CHIMICI CON INC. DI STRUTTURA COMPLESSA (RAPP.NON ESCL.)
2024;SSNA;DR;DIRIGENTI SANITARI;CH;CHIMICI;SD0E16;CHIMICI CON INC. DI STRUTTURA COMPLESSA (RAPP. ESCLUSIVO)
2024;SSNA;DR;DIRIGENTI SANITARI;BI;BIOLOGI;SD0601;BIOLOGI A T. DETERMINATO (ART. 15-SEPTIES D.LGS. 502/92)
2024;SSNA;DR;DIRIGENTI SANITARI;BI;BIOLOGI;SD0011;BIOLOGI CON ALTRI INCAR. PROF.LI (RAPP. NON ESCL.)
2024;GGFF;ND;PERSONALE NON DIRIGENTE;BR;BRIGADIERI;013990;APPUNTATO SCELTO QUALIFICA SPECIALE +4
2024;GGFF;ND;PERSONALE NON DIRIGENTE;BR;BRIGADIERI;015988;BRIGADIERE CAPO QUALIFICA SPECIALE +4
2024;SCLA;CO;PERSONALE DEL COMPARTO;DO;DOCENTI A TEMPO INDETERMINATO;014154;DOC. SC.PRIMARIA ED EQUIP.
2024;PCMD;1F;DIRIGENTI DI 1^ FASCIA;D1;DIRIGENTI DI 1^ FASCIA;0D0078;DIRIGENTE I FASCIA A TEMPO DETERM.
2024;REFR;ND;PERSONALE NON DIRIGENTE;XB;CATEGORIA PLB;0PL906;POSIZIONE ECONOMICA PLB2
2024;REFR;ND;PERSONALE NON DIRIGENTE;XB;CATEGORIA PLB;0PL905;POSIZIONE ECONOMICA PLB3
2024;REFR;ND;PERSONALE NON DIRIGENTE;XB;CATEGORIA PLB;0PL904;POSIZIONE ECONOMICA PLB4
2024;REFR;ND;PERSONALE NON DIRIGENTE;XB;CATEGORIA PLB;0PL0B5;POSIZIONE ECONOMICA PLB5
2024;REFR;ND;PERSONALE NON DIRIGENTE;XB;CATEGORIA PLB;0PL0B6;POSIZIONE ECONOMICA PLB6
2024;REFR;ND;PERSONALE NON DIRIGENTE;XC;CATEGORIA PLC;0PL903;POSIZIONE ECONOMICA PLC1
2024;REFR;ND;PERSONALE NON DIRIGENTE;XC;CATEGORIA PLC;0PL902;POSIZIONE ECONOMICA PLC2
2024;REFR;ND;PERSONALE NON DIRIGENTE;XC;CATEGORIA PLC;0PL901;POSIZIONE ECONOMICA PLC3
2024;REFR;ND;PERSONALE NON DIRIGENTE;XC;CATEGORIA PLC;0PL900;POSIZIONE ECONOMICA PLC4
2024;REFR;ND;PERSONALE NON DIRIGENTE;XC;CATEGORIA PLC;0PL0C5;POSIZIONE ECONOMICA PLC5
2024;REFR;ND;PERSONALE NON DIRIGENTE;XC;CATEGORIA PLC;0PL0C6;POSIZIONE ECONOMICA PLC6
2024;REFR;ND;PERSONALE NON DIRIGENTE;CA;CATEGORIA A;023000;POSIZIONE ECONOMICA A1
2024;REFR;ND;PERSONALE NON DIRIGENTE;CA;CATEGORIA A;025000;POSIZIONE ECONOMICA A2
2024;REFR;ND;PERSONALE NON DIRIGENTE;CA;CATEGORIA A;027000;POSIZIONE ECONOMICA A3
2024;REFR;ND;PERSONALE NON DIRIGENTE;CA;CATEGORIA A;028000;POSIZIONE ECONOMICA A4
2024;REFR;ND;PERSONALE NON DIRIGENTE;CA;CATEGORIA A;0A5000;POSIZIONE ECONOMICA A5
2024;REFR;ND;PERSONALE NON DIRIGENTE;CA;CATEGORIA A;0A6000;POSIZIONE ECONOMICA A6
2024;REFR;ND;PERSONALE NON DIRIGENTE;CA;CATEGORIA A;0A7000;POSIZIONE ECONOMICA A7
2024;REFR;ND;PERSONALE NON DIRIGENTE;CA;CATEGORIA A;0A8000;POSIZIONE ECONOMICA A8
2024;REFR;ND;PERSONALE NON DIRIGENTE;CA;CATEGORIA A;0A9000;POSIZIONE ECONOMICA A9
2024;REFR;ND;PERSONALE NON DIRIGENTE;CB;CATEGORIA B;030000;POSIZIONE ECONOMICA B1
2024;REFR;ND;PERSONALE NON DIRIGENTE;CB;CATEGORIA B;032000;POSIZIONE ECONOMICA B2
2024;REFR;ND;PERSONALE NON DIRIGENTE;CB;CATEGORIA B;034000;POSIZIONE ECONOMICA B3
2024;REFR;ND;PERSONALE NON DIRIGENTE;CB;CATEGORIA B;038000;POSIZIONE ECONOMICA B6
2024;REFR;ND;PERSONALE NON DIRIGENTE;CB;CATEGORIA B;0B7000;POSIZIONE ECONOMICA B7
2024;REFR;ND;PERSONALE NON DIRIGENTE;CB;CATEGORIA B;0B8000;POSIZIONE ECONOMICA B8
2024;PRBZ;NF;DIRIGENTI;DI;DIRIGENTI ;0D0079;DIRIGENTI DI II FASCIA
2024;PRBZ;NF;DIRIGENTI;DI;DIRIGENTI ;0D0077;DIRIGENTI DI I FASCIA
2024;ERIC;ND;PERSONALE NON DIRIGENTE;8L;OTTAVO LIVELLO;018396;VIII LIV. - OPERATORE AMMINISTRATIVO
2024;SCTN;CO;PERSONALE DEL COMPARTO;SL;INSEGNANTI A T.D. CON CONTRATTO NON ANNUALE;016804;DOC.RELIG. SCUOLA SECOND. T. D.CON CONTR. TERMINE ATT. DID.
2024;SCTN;CO;PERSONALE DEL COMPARTO;SL;INSEGNANTI A T.D. CON CONTRATTO NON ANNUALE;014145;INS. DIPL. ISTIT. II GRADO TEMPO DETERM. NON ANNUALE
2024;SCTN;CO;PERSONALE DEL COMPARTO;SL;INSEGNANTI A T.D. CON CONTRATTO NON ANNUALE;014153;INS. SC. ELEMENTARE E EQUIP. TEMPO DETERM. NON ANNUALE
2024;SCTN;CO;PERSONALE DEL COMPARTO;SL;INSEGNANTI A T.D. CON CONTRATTO NON ANNUALE;016137;DOC. SCUOLA MEDIA ED EQUIP. TEMPO DETERM. NON ANNUALE
2024;SCTN;CO;PERSONALE DEL COMPARTO;SL;INSEGNANTI A T.D. CON CONTRATTO NON ANNUALE;016133;DOC. LAUR. IST. SEC. II GRADO T. DETERM. NON ANNUALE
2024;SCTN;CO;PERSONALE DEL COMPARTO;SN;INSEGNANTI A T.D. CON CONTRATTO ANNUALE;014803;DOC.RELIG.SCUOLA EL. MAT. T.D. CON CONTRATTO ANNUALE
2024;SCTN;CO;PERSONALE DEL COMPARTO;SN;INSEGNANTI A T.D. CON CONTRATTO ANNUALE;016802;DOC.RELIG. SCUOLA SECOND. T. D. CON CONTR. ANNUALE
2024;SCTN;CO;PERSONALE DEL COMPARTO;SN;INSEGNANTI A T.D. CON CONTRATTO ANNUALE;014144;INS. DIPL. ISTIT. II GRADO TEMPO DETERM. ANNUALE
2024;SCTN;CO;PERSONALE DEL COMPARTO;SN;INSEGNANTI A T.D. CON CONTRATTO ANNUALE;014152;INS. SC. ELEMENTARE E EQUIP. TEMPO DETERM. ANNUALE
2024;SCTN;CO;PERSONALE DEL COMPARTO;SN;INSEGNANTI A T.D. CON CONTRATTO ANNUALE;016136;DOC. SCUOLA MEDIA ED EQUIP. TEMPO DETERM. ANNUALE
2024;SCTN;CO;PERSONALE DEL COMPARTO;SN;INSEGNANTI A T.D. CON CONTRATTO ANNUALE;016134;DOC. LAUR. IST. SEC. II GRADO TEMPO DETERM. ANNUALE
2024;SCTN;CO;PERSONALE DEL COMPARTO;SR;DOCENTI DI RELIGIONE A TEMPO INDETERMINATO;014138;DOC.RELIG. SCUOLA EL. MAT.
2024;SCTN;CO;PERSONALE DEL COMPARTO;SR;DOCENTI DI RELIGIONE A TEMPO INDETERMINATO;016139;DOC.RELIG. SCUOLA SECOND.
2024;SCTN;CO;PERSONALE DEL COMPARTO;DO;DOCENTI A TEMPO INDETERMINATO;014143;INS. DIPL. ISTIT. II GRADO
2024;SCTN;CO;PERSONALE DEL COMPARTO;DO;DOCENTI A TEMPO INDETERMINATO;014154;INS. SC. ELEMENTARE ED EQUIP.
2024;SCTN;CO;PERSONALE DEL COMPARTO;DO;DOCENTI A TEMPO INDETERMINATO;016135;DOC. SCUOLA MEDIA ED EQUIP.
2024;SCTN;CO;PERSONALE DEL COMPARTO;DO;DOCENTI A TEMPO INDETERMINATO;016132;DOC. LAUR. IST. SEC. II GRADO
2024;EEII;ND;PERSONALE NON DIRIGENTE;SG;SERGENTI;015AT4;SERGENTE MAGGIORE AIUTANTE CON 4 ANNI NEL GRADO
2024;MMAA;MT;MILITARI DI TRUPPA E UFFICIALI FERMA PREFISSATA;MT;MILITARI DI TRUPPA E UFFICIALI FERMA PREFISSATA;000VFI;VOLONTARI IN FERMA INIZIALE
2024;MMAA;ND;PERSONALE NON DIRIGENTE;GR;GRADUATI;0131GR;SOTTOCAPO SCELTO
2024;MMAA;ND;PERSONALE NON DIRIGENTE;GR;GRADUATI;013GR5;SOTTOCAPO  SCELTO CON 5 ANNI NEL GRADO
2024;MMAA;ND;PERSONALE NON DIRIGENTE;GR;GRADUATI;013293;SOTTOCAPO AIUTANTE
2024;MMAA;ND;PERSONALE NON DIRIGENTE;GR;GRADUATI;013AT4;SOTTOCAPO AIUTANTE CON 4 ANNI NEL GRADO
2024;MMAA;ND;PERSONALE NON DIRIGENTE;SG;SERGENTI;015293;SECONDO CAPO AIUTANTE
2024;MMAA;ND;PERSONALE NON DIRIGENTE;SG;SERGENTI;015AT4;SECONDO CAPO AIUTANTE CON 4 ANNI NEL GRADO
2024;AAMM;MT;MILITARI DI TRUPPA E UFFICIALI FERMA PREFISSATA;MT;MILITARI DI TRUPPA E UFFICIALI FERMA PREFISSATA;000VFI;VOLONTARI IN FERMA INIZIALE
2024;AAMM;ND;PERSONALE NON DIRIGENTE;GR;GRADUATI;0131GR;PRIMO GRADUATO
2024;AAMM;ND;PERSONALE NON DIRIGENTE;GR;GRADUATI;013GR5;PRIMO GRADUATO CON 5 ANNI NEL GRADO
2024;AAMM;ND;PERSONALE NON DIRIGENTE;GR;GRADUATI;013293;GRADUATO AIUTANTE
2024;AAMM;ND;PERSONALE NON DIRIGENTE;GR;GRADUATI;013AT4;GRADUATO AIUTANTE CON 4 ANNI NEL GRADO
2024;AAMM;ND;PERSONALE NON DIRIGENTE;SG;SERGENTI;015293;SERGENTE MAGGIORE AIUTANTE
2024;AAMM;ND;PERSONALE NON DIRIGENTE;SG;SERGENTI;015AT4;SERGENTE MAGGIORE AIUTANTE CON 4 ANNI NEL GRADO
2024;CPOR;MT;MILITARI DI TRUPPA E UFFICIALI FERMA PREFISSATA;MT;MILITARI DI TRUPPA E UFFICIALI FERMA PREFISSATA;000VFI;VOLONTARI IN FERMA INIZIALE
2024;CPOR;ND;PERSONALE NON DIRIGENTE;GR;GRADUATI;0131GR;SOTTOCAPO SCELTO
2024;CPOR;ND;PERSONALE NON DIRIGENTE;GR;GRADUATI;013GR5;SOTTOCAPO  SCELTO CON 5 ANNI NEL GRADO
2024;CPOR;ND;PERSONALE NON DIRIGENTE;GR;GRADUATI;013293;SOTTOCAPO AIUTANTE
2024;CPOR;ND;PERSONALE NON DIRIGENTE;GR;GRADUATI;013AT4;SOTTOCAPO AIUTANTE CON 4 ANNI NEL GRADO
2024;CPOR;ND;PERSONALE NON DIRIGENTE;SG;SERGENTI;015293;SECONDO CAPO AIUTANTE
2024;CPOR;ND;PERSONALE NON DIRIGENTE;SG;SERGENTI;015AT4;SECONDO CAPO AIUTANTE CON 4 ANNI NEL GRADO
2024;EEII;MT;MILITARI DI TRUPPA E UFFICIALI FERMA PREFISSATA;MT;MILITARI DI TRUPPA E UFFICIALI FERMA PREFISSATA;000VFI;VFPI (VOLONTARIO IN FERMA PREFISSATA INIZIALE)
2024;EEII;MT;MILITARI DI TRUPPA E UFFICIALI FERMA PREFISSATA;MT;MILITARI DI TRUPPA E UFFICIALI FERMA PREFISSATA;013FP2;GRADUATO (VFP4 FERMA BIENNALE)
2024;EEII;ND;PERSONALE NON DIRIGENTE;GR;GRADUATI;013GRD;GRADUATO
2024;EEII;ND;PERSONALE NON DIRIGENTE;GR;GRADUATI;013GRS;GRADUATO SCELTO
2024;EEII;ND;PERSONALE NON DIRIGENTE;GR;GRADUATI;013GRC;GRADUATO CAPO
2024;EEII;ND;PERSONALE NON DIRIGENTE;GR;GRADUATI;0131GR;PRIMO GRADUATO
2024;EEII;ND;PERSONALE NON DIRIGENTE;GR;GRADUATI;013GR5;PRIMO GRADUATO CON 5 ANNI NEL GRADO
2024;EEII;ND;PERSONALE NON DIRIGENTE;GR;GRADUATI;013293;GRADUATO AIUTANTE
2024;EEII;ND;PERSONALE NON DIRIGENTE;GR;GRADUATI;013AT4;GRADUATO AIUTANTE CON 4 ANNI NEL GRADO
2024;EEII;ND;PERSONALE NON DIRIGENTE;SG;SERGENTI;015293;SERGENTE MAGGIORE AIUTANTE
2024;SSNA;DR;DIRIGENTI SANITARI;PS;DIRIGENTI PROFESSIONI SANITARIE;SD0SE3;DIRIGENTE PROF. TECNICO SANITARIE (INC. STRUT. SEMPL.)
2024;SSNA;DR;DIRIGENTI SANITARI;PS;DIRIGENTI PROFESSIONI SANITARIE;SD0CO3;DIRIGENTE PROF. TECNICO SANITARIE (INC. STRUT. COMPL.)
2024;SSNA;DR;DIRIGENTI SANITARI;PS;DIRIGENTI PROFESSIONI SANITARIE;SD048C;DIR. PROF. SAN. RIABILITAT. T.DET.ART.15-SEPTIES DLGS 502/92
2024;SSNA;DR;DIRIGENTI SANITARI;PS;DIRIGENTI PROFESSIONI SANITARIE;SD0AI2;DIRIGENTE PROF. SANIT. RIABILITATIVE (ALTRI INC. PROF.LI)
2024;UNIV;AP;ALTRO PERSONALE;AL;AREA DI COLLABORAZIONE;000676;COLLABORATORE ED ESPERTO LINGUISTICO (CEL)
2024;SSNA;DR;DIRIGENTI SANITARI;BI;BIOLOGI;SD0E12;BIOLOGI CON INC. DI STRUTTURA SEMPLICE (RAPP. ESCLUSIVO)
2024;SSNA;DR;DIRIGENTI SANITARI;BI;BIOLOGI;SD0N13;BIOLOGI CON INC. DI STRUTTURA COMPLESSA (RAPP. NON ESCL.)
2024;SSNA;DR;DIRIGENTI SANITARI;BI;BIOLOGI;SD0E13;BIOLOGI CON INC. DI STRUTTURA COMPLESSA (RAPP. ESCLUSIVO)
2024;SSNA;DR;DIRIGENTI SANITARI;FM;FARMACISTI;SD0600;FARMACISTI A T. DETERMINATO (ART. 15-SEPTIES D.LGS. 502/92)
2024;SSNA;DR;DIRIGENTI SANITARI;FM;FARMACISTI;SD0037;FARMACISTI CON ALTRI INCAR. PROF.LI (RAPP. NON ESCL.)
2024;SSNA;DR;DIRIGENTI SANITARI;FM;FARMACISTI;SD0A38;FARMACISTI CON ALTRI INCAR. PROF.LI (RAPP. ESCLUSIVO)
2024;SSNA;DR;DIRIGENTI SANITARI;FM;FARMACISTI;SD0N38;FARMACISTI CON INC. DI STRUTTURA SEMPLICE (RAPP. NON ESCL.)
2024;SSNA;DR;DIRIGENTI SANITARI;FM;FARMACISTI;SD0E38;FARMACISTI CON INC. DI STRUTTURA SEMPLICE (RAPP. ESCLUSIVO)
2024;SSNA;DR;DIRIGENTI SANITARI;FM;FARMACISTI;SD0N39;FARMACISTI CON INC. DI STRUTTURA COMPLESSA (RAPP. NON ESCL.)
2024;MNST;2F;DIRIGENTI DI 2^ FASCIA;D2;DIRIGENTI DI 2^ FASCIA;0D0080;DIRIGENTE II FASCIA A TEMPO DETERM.
2024;ERIC;ND;PERSONALE NON DIRIGENTE;8L;OTTAVO LIVELLO;018092;VIII LIV. - OPERATORE TECNICO
2024;ERIC;ND;PERSONALE NON DIRIGENTE;8L;OTTAVO LIVELLO;018086;VIII LIV. - AUSILIARIO TECNICO
2024;ERIC;ND;PERSONALE NON DIRIGENTE;7L;SETTIMO LIVELLO;016087;VII LIV. - COLLABORATORE AMMINISTRATIVO
2024;ERIC;ND;PERSONALE NON DIRIGENTE;7L;SETTIMO LIVELLO;016396;VII LIV. - OPERATORE AMMINISTRATIVO
2024;ERIC;ND;PERSONALE NON DIRIGENTE;7L;SETTIMO LIVELLO;016092;VII LIV. - OPERATORE TECNICO
2024;REFR;ND;PERSONALE NON DIRIGENTE;XS;CATEGORIA PLS;0PL914;POSIZIONE ECONOMICA PLS2
2024;REFR;ND;PERSONALE NON DIRIGENTE;XS;CATEGORIA PLS;0PL913;POSIZIONE ECONOMICA PLS3
2024;REFR;ND;PERSONALE NON DIRIGENTE;XS;CATEGORIA PLS;0PL912;POSIZIONE ECONOMICA PLS4
2024;REFR;ND;PERSONALE NON DIRIGENTE;XS;CATEGORIA PLS;0PL0S5;POSIZIONE ECONOMICA PLS5
2024;REFR;ND;PERSONALE NON DIRIGENTE;XA;CATEGORIA PLA;0PL911;POSIZIONE ECONOMICA PLA1
2024;REFR;ND;PERSONALE NON DIRIGENTE;XA;CATEGORIA PLA;0PL910;POSIZIONE ECONOMICA PLA2
2024;REFR;ND;PERSONALE NON DIRIGENTE;XA;CATEGORIA PLA;0PL909;POSIZIONE ECONOMICA PLA3
2024;REFR;ND;PERSONALE NON DIRIGENTE;XA;CATEGORIA PLA;0PL908;POSIZIONE ECONOMICA PLA4
2024;REFR;ND;PERSONALE NON DIRIGENTE;XA;CATEGORIA PLA;0PL916;POSIZIONE ECONOMICA PLA5
2024;REFR;ND;PERSONALE NON DIRIGENTE;XA;CATEGORIA PLA;0PL0A6;POSIZIONE ECONOMICA PLA6
2024;REFR;ND;PERSONALE NON DIRIGENTE;XA;CATEGORIA PLA;0PL0A7;POSIZIONE ECONOMICA PLA7
2024;REFR;ND;PERSONALE NON DIRIGENTE;XA;CATEGORIA PLA;0PL0A8;POSIZIONE ECONOMICA PLA8
2024;REFR;ND;PERSONALE NON DIRIGENTE;XA;CATEGORIA PLA;0PL0A9;POSIZIONE ECONOMICA PLA9
2024;REFR;ND;PERSONALE NON DIRIGENTE;XB;CATEGORIA PLB;0PL907;POSIZIONE ECONOMICA PLB1
2024;PCMD;ND;PERSONALE NON DIRIGENTE;CA;CATEGORIA A;0CAF09;CAT. A - F9
2024;SSNA;ND;PERSONALE NON DIRIGENTE;EZ;PERSONALE DI ELEVATA QUALIFICAZIONE;KEQASC;RUOLO SOCIOSANITARIO - ASSISTENTE SOCIALE E.Q.
2024;SSNA;ND;PERSONALE NON DIRIGENTE;EZ;PERSONALE DI ELEVATA QUALIFICAZIONE;SEQPRV;RUOLO SANITARIO - PROF. SANITARIE DELLA PREVENZIONE E.Q.
2024;SSNA;ND;PERSONALE NON DIRIGENTE;EZ;PERSONALE DI ELEVATA QUALIFICAZIONE;SEQRAB;RUOLO SANITARIO - PROF. SANITARIE DELLA RIABILITAZIONE E.Q.
2024;SSNA;ND;PERSONALE NON DIRIGENTE;EZ;PERSONALE DI ELEVATA QUALIFICAZIONE;SEQTCN;RUOLO SANITARIO - PROFESSIONI TECNICO SANITARIE E.Q.
2024;SSNA;ND;PERSONALE NON DIRIGENTE;EZ;PERSONALE DI ELEVATA QUALIFICAZIONE;SEQOST;RUOLO SANITARIO - PROF. SANITARIA OSTETRICA E.Q.
2024;SSNA;ND;PERSONALE NON DIRIGENTE;EZ;PERSONALE DI ELEVATA QUALIFICAZIONE;SEQINF;RUOLO SANITARIO - PROF. SANITARIE INFERMIERISTICHE E.Q.
2024;SCTN;CO;PERSONALE DEL COMPARTO;SL;INSEGNANTI A T.D. CON CONTRATTO NON ANNUALE;014805;DOC.RELIG. SCUOLA EL. MAT. T. D. CONTR. TERMINE ATT. DID. 
2024;MNST;MM;DIRIGENTI PROFESSIONALIT? SANITARIE (MINISTERO SALUTE);RM;DIRIGENTI SANITARI (MINISTERO DELLA SALUTE E AIFA);0D0696;DIRIGENTE SANITARIO
2024;REVA;ND;PERSONALE NON DIRIGENTE;CC;CATEGORIA C;040000;POSIZIONE ECONOMICA C1
2024;REVA;ND;PERSONALE NON DIRIGENTE;CC;CATEGORIA C;042000;POSIZIONE ECONOMICA C2
2024;REVA;ND;PERSONALE NON DIRIGENTE;CD;CATEGORIA D;047IS2;POSIZIONE ECONOMICA D ? ISPETTORE ANTINCENDI ? VVFF
2024;REVA;ND;PERSONALE NON DIRIGENTE;CD;CATEGORIA D;047IS3;POSIZIONE ECONOMICA D ? ISPETTORE ANTINCENDI DIRETTORE-VVFF
2024;REVA;ND;PERSONALE NON DIRIGENTE;CD;CATEGORIA D;047FOR;POSIZIONE ECONOMICA D - FORESTALE
2024;REVA;ND;PERSONALE NON DIRIGENTE;CD;CATEGORIA D;047000;POSIZIONE ECONOMICA D
2024;AGFI;1F;DIRIGENTI DI 1^ FASCIA;D1;DIRIGENTI DI 1^ FASCIA;0D0078;DIRIGENTE I FASCIA A TEMPO DETERM.
2024;AGFI;2F;DIRIGENTI DI 2^ FASCIA;D2;DIRIGENTI DI 2^ FASCIA;0D0080;DIRIGENTE II FASCIA A TEMPO DETERM.
2024;AGFI;2F;DIRIGENTI DI 2^ FASCIA;D2;DIRIGENTI DI 2^ FASCIA;0D0079;DIRIGENTE II FASCIA
2024;AGFI;1F;DIRIGENTI DI 1^ FASCIA;D1;DIRIGENTI DI 1^ FASCIA;0D0077;DIRIGENTE I FASCIA
2024;REFR;ND;PERSONALE NON DIRIGENTE;CD;CATEGORIA D;0D7000;POSIZIONE ECONOMICA D7
2024;REFR;ND;PERSONALE NON DIRIGENTE;CD;CATEGORIA D;0D9000;POSIZIONE ECONOMICA D9
2024;SSNA;DR;DIRIGENTI SANITARI;PS;DIRIGENTI PROFESSIONI SANITARIE;SD048E;DIR. PROF.TECNICHE PREVENZ. T.DET.ART.15-SEPTIES DLGS 502/92
2024;SSNA;DR;DIRIGENTI SANITARI;PS;DIRIGENTI PROFESSIONI SANITARIE;SD0AI4;DIRIGENTE PROF.TECNICHE DELLA PREVENZIONE(ALTRI INC.PROF.LI)
2024;SSNA;DR;DIRIGENTI SANITARI;PS;DIRIGENTI PROFESSIONI SANITARIE;SD0SE4;DIRIGENTE PROF.TECNICHE DELLA PREVENZIONE (INC.STRUT.SEMPL.)
2024;SSNA;DR;DIRIGENTI SANITARI;PS;DIRIGENTI PROFESSIONI SANITARIE;SD0CO4;DIRIGENTE PROF.TECNICHE DELLA PREVENZIONE (INC.STRUT.COMPL.)
2024;SSNA;DR;DIRIGENTI SANITARI;PS;DIRIGENTI PROFESSIONI SANITARIE;SD048D;DIR. PROF.TECNICO SANITARIE T.DET.ART.15-SEPTIES DLGS 502/92
2024;SSNA;DR;DIRIGENTI SANITARI;PS;DIRIGENTI PROFESSIONI SANITARIE;SD0AI3;DIRIGENTE PROF. TECNICO SANITARIE (ALTRI INC. PROF.LI)
2024;MNST;1F;DIRIGENTI DI 1^ FASCIA;D1;DIRIGENTI DI 1^ FASCIA;0D0078;DIRIGENTE I FASCIA A TEMPO DETERM.
2024;MNST;1F;DIRIGENTI DI 1^ FASCIA;D1;DIRIGENTI DI 1^ FASCIA;0D0077;DIRIGENTE I FASCIA
2024;PRTN;ND;PERSONALE NON DIRIGENTE;VF;VIGILI DEL FUOCO;040FA2;VIGILI DEL FUOCO - COLLAB. ESPERTO E FUNZ. DIRETT.
2024;PRTN;ND;PERSONALE NON DIRIGENTE;VF;VIGILI DEL FUOCO;042IS3;VIGILI DEL FUOCO - COLLAB. ANTINCENDI E AN3
2024;MNST;1F;DIRIGENTI DI 1^ FASCIA;D1;DIRIGENTI DI 1^ FASCIA;0D0CDP;CAPI DIPARTIMENTO/SEGRETARI GENERALI
2024;SSNA;ND;PERSONALE NON DIRIGENTE;AT;ASSISTENTI;KAT660;RUOLO SOCIOSANITARIO - OPERATORE SOCIOSANITARIO SENIOR
2024;SSNA;ND;PERSONALE NON DIRIGENTE;AT;ASSISTENTI;SAT162;RUOLO SANITARIO - PROFILI AREA ASSITENTI AD ESAURIMENTO
2024;SSNA;ND;PERSONALE NON DIRIGENTE;PF;PROFESSIONISTI DELLA SALUTE E FUNZIONARI;APFCAS;RUOLO AMM.VO - COLLAB. AMM.VO PROFESS. SENIOR AD ESAURIMENTO
2024;SSNA;ND;PERSONALE NON DIRIGENTE;PF;PROFESSIONISTI DELLA SALUTE E FUNZIONARI;APF028;RUOLO AMMINISTRATIVO - COLLAB. AMMINISTRATIVO PROFESS.
2024;SSNA;ND;PERSONALE NON DIRIGENTE;PF;PROFESSIONISTI DELLA SALUTE E FUNZIONARI;TPFCTS;RUOLO TECNICO - COLLAB. TECNICO PROF. SENIOR AD ESAURIMENTO
2024;SSNA;ND;PERSONALE NON DIRIGENTE;PF;PROFESSIONISTI DELLA SALUTE E FUNZIONARI;TPF026;RUOLO TECNICO - COLLABORATORE TECNICO PROFESSIONALE
2024;SSNA;ND;PERSONALE NON DIRIGENTE;PF;PROFESSIONISTI DELLA SALUTE E FUNZIONARI;PPF006;RUOLO PROFESSIONALE - ASSISTENTE RELIGIOSO
2024;SSNA;ND;PERSONALE NON DIRIGENTE;PF;PROFESSIONISTI DELLA SALUTE E FUNZIONARI;PPF872;RUOLO PROFESSIONALE - SPECIALISTA RAPPORTI CON I MEDIA
2024;SSNA;ND;PERSONALE NON DIRIGENTE;PF;PROFESSIONISTI DELLA SALUTE E FUNZIONARI;PPF871;RUOLO PROFESSIONALE - SPECIALISTA DELLA COMUNIC. ISTIT.
2024;SSNA;ND;PERSONALE NON DIRIGENTE;PF;PROFESSIONISTI DELLA SALUTE E FUNZIONARI;KPFSCE;RUOLO SOCIOSANITARIO - ASSISTENTE SOC. SENIOR AD ESAURIMENTO
2024;SSNA;ND;PERSONALE NON DIRIGENTE;PF;PROFESSIONISTI DELLA SALUTE E FUNZIONARI;KPFASC;RUOLO SOCIOSANITARIO - ASSISTENTE SOCIALE
2024;SSNA;ND;PERSONALE NON DIRIGENTE;PF;PROFESSIONISTI DELLA SALUTE E FUNZIONARI;SPFASE;RUOLO SANITARIO - ALTRI PROFILI SANIT. SENIOR A ESAURIMENTO
2024;SSNA;ND;PERSONALE NON DIRIGENTE;PF;PROFESSIONISTI DELLA SALUTE E FUNZIONARI;SPFINE;RUOLO SANITARIO - PROF. SAN. INFERMIER. SENIOR A ESAURIMENTO
2024;SSNA;ND;PERSONALE NON DIRIGENTE;PF;PROFESSIONISTI DELLA SALUTE E FUNZIONARI;SPFPRV;RUOLO SANITARIO - PROF. SANITARIE DELLA PREVENZIONE
2024;SSNA;ND;PERSONALE NON DIRIGENTE;PF;PROFESSIONISTI DELLA SALUTE E FUNZIONARI;SPFRAB;RUOLO SANITARIO - PROF. SANITARIE DELLA RIABILITAZIONE
2024;SSNA;ND;PERSONALE NON DIRIGENTE;PF;PROFESSIONISTI DELLA SALUTE E FUNZIONARI;SPFTCN;RUOLO SANITARIO - PROFESSIONI TECNICO SANITARIE
2024;SSNA;ND;PERSONALE NON DIRIGENTE;PF;PROFESSIONISTI DELLA SALUTE E FUNZIONARI;SPFOST;RUOLO SANITARIO - PROF. SANITARIA OSTETRICA
2024;SSNA;ND;PERSONALE NON DIRIGENTE;PF;PROFESSIONISTI DELLA SALUTE E FUNZIONARI;SPFINF;RUOLO SANITARIO - PROF. SANITARIE INFERMIERISTICHE
2024;SSNA;ND;PERSONALE NON DIRIGENTE;EZ;PERSONALE DI ELEVATA QUALIFICAZIONE;AEQCAS;RUOLO AMM.VO - COLLAB. AMM.VO PROF. SENIOR ESAURIMENTO E.Q.
2024;SSNA;ND;PERSONALE NON DIRIGENTE;EZ;PERSONALE DI ELEVATA QUALIFICAZIONE;AEQ029;RUOLO AMMINISTRATIVO - COLLAB. AMMINISTRATIVO PROFESS. E.Q.
2024;SSNA;ND;PERSONALE NON DIRIGENTE;EZ;PERSONALE DI ELEVATA QUALIFICAZIONE;TEQCTS;RUOLO TECNICO - COLLAB. TEC. PROF. SENIOR A ESAURIMENTO E.Q.
2024;SSNA;ND;PERSONALE NON DIRIGENTE;EZ;PERSONALE DI ELEVATA QUALIFICAZIONE;TEQ027;RUOLO TECNICO - COLLABORATORE TECNICO PROFESSIONALE E.Q.
2024;SSNA;ND;PERSONALE NON DIRIGENTE;EZ;PERSONALE DI ELEVATA QUALIFICAZIONE;PEQ006;RUOLO PROFESSIONALE - ASSISTENTE RELIGIOSO E.Q.
2024;SSNA;ND;PERSONALE NON DIRIGENTE;EZ;PERSONALE DI ELEVATA QUALIFICAZIONE;PEQ872;RUOLO PROFESSIONALE - SPECIALISTA RAPPORTI CON I MEDIA E.Q.
2024;SSNA;ND;PERSONALE NON DIRIGENTE;EZ;PERSONALE DI ELEVATA QUALIFICAZIONE;PEQ871;RUOLO PROFESSIONALE - SPECIALISTA DELLA COMUNIC. ISTIT. E.Q.
2024;SSNA;ND;PERSONALE NON DIRIGENTE;EZ;PERSONALE DI ELEVATA QUALIFICAZIONE;KEQSCE;RUOLO SOCIOSANITARIO - ASSIST. SOC. SENIOR ESAURIMENTO E.Q.
2024;SSNA;ND;PERSONALE NON DIRIGENTE;EZ;PERSONALE DI ELEVATA QUALIFICAZIONE;SEQASE;RUOLO SANITARIO - ALTRI PROF. SAN. SENIOR A ESAURIMENTO E.Q.
2024;SSNA;ND;PERSONALE NON DIRIGENTE;EZ;PERSONALE DI ELEVATA QUALIFICAZIONE;SEQINE;RUOLO SANITARIO - PROF. SAN. INFERM. SENIOR ESAURIMENTO E.Q.
2024;CCSS;ND;PERSONALE NON DIRIGENTE;PP;APPUNTATI;013990;APPUNTATO SCELTO QUALIFICA SPECIALE + 4
2024;CCSS;ND;PERSONALE NON DIRIGENTE;BR;BRIGADIERI;015988;BRIGADIERE CAPO QUALIFICA SPECIALE + 4
2024;SSNA;DR;DIRIGENTI SANITARI;PL;PSICOLOGI;SD0N66;PSICOLOGI CON INC. DI STRUTTURA COMPLESSA (RAPP. NON ESCL.)
2024;SSNA;DR;DIRIGENTI SANITARI;BI;BIOLOGI;SD0A12;BIOLOGI CON ALTRI INCAR. PROF.LI (RAPP. ESCLUSIVO)
2024;SSNA;DR;DIRIGENTI SANITARI;BI;BIOLOGI;SD0N12;BIOLOGI CON INC. DI STRUTTURA SEMPLICE (RAPP. NON ESCL.)
2024;PPSS;ND;PERSONALE NON DIRIGENTE;AS;ASSISTENTI E AGENTI;013989;ASSISTENTE CAPO COORDINATORE + 4
2024;PPSS;ND;PERSONALE NON DIRIGENTE;RS;SOVRINTENDENTI;015987;SOVRINTENDENTE CAPO  COORDINATORE + 4
2024;REFR;ND;PERSONALE NON DIRIGENTE;CD;CATEGORIA D;0D8000;POSIZIONE ECONOMICA D8
2024;REFR;ND;PERSONALE NON DIRIGENTE;CC;CATEGORIA C;043000;POSIZIONE ECONOMICA C3
2024;REFR;ND;PERSONALE NON DIRIGENTE;CC;CATEGORIA C;045000;POSIZIONE ECONOMICA C4
2024;REFR;ND;PERSONALE NON DIRIGENTE;CC;CATEGORIA C;046000;POSIZIONE ECONOMICA C5
2024;REFR;ND;PERSONALE NON DIRIGENTE;CC;CATEGORIA C;097000;POSIZIONE ECONOMICA C6
2024;REFR;ND;PERSONALE NON DIRIGENTE;CC;CATEGORIA C;0C7000;POSIZIONE ECONOMICA C7
2024;REFR;ND;PERSONALE NON DIRIGENTE;CC;CATEGORIA C;0C8000;POSIZIONE ECONOMICA C8
2024;REFR;ND;PERSONALE NON DIRIGENTE;CC;CATEGORIA C;0C9000;POSIZIONE ECONOMICA C9
2024;REFR;ND;PERSONALE NON DIRIGENTE;CD;CATEGORIA D;048000;POSIZIONE ECONOMICA D1
2024;REFR;ND;PERSONALE NON DIRIGENTE;CD;CATEGORIA D;049000;POSIZIONE ECONOMICA D2
2024;REFR;ND;PERSONALE NON DIRIGENTE;CD;CATEGORIA D;050000;POSIZIONE ECONOMICA D3
2024;REFR;ND;PERSONALE NON DIRIGENTE;CD;CATEGORIA D;051000;POSIZIONE ECONOMICA D4
2024;REFR;ND;PERSONALE NON DIRIGENTE;CD;CATEGORIA D;052000;POSIZIONE ECONOMICA D5
2024;REFR;ND;PERSONALE NON DIRIGENTE;CD;CATEGORIA D;0D6000;POSIZIONE ECONOMICA D6
2024;REVA;ND;PERSONALE NON DIRIGENTE;CC;CATEGORIA C;042CA0;POSIZIONE ECONOMICA C2 ? COLLAB. TECNICO ANTINCENDI ? VVFF
2024;REVA;ND;PERSONALE NON DIRIGENTE;CA;CATEGORIA A;022000;POSIZIONE ECONOMICA A
2024;REVA;ND;PERSONALE NON DIRIGENTE;CB;CATEGORIA B;032VF1;POSIZIONE ECONOMICA B2 ? VIGILE DEL FUOCO
2024;REVA;ND;PERSONALE NON DIRIGENTE;CB;CATEGORIA B;034VF5;POSIZIONE ECONOMICA B3 ? VIGILE DEL FUOCO > 5 ANNI
2024;REVA;ND;PERSONALE NON DIRIGENTE;CB;CATEGORIA B;030FOR;POSIZIONE ECONOMICA B1 - FORESTALE
2024;REVA;ND;PERSONALE NON DIRIGENTE;CB;CATEGORIA B;032561;POS. EC. B2-GUARDIA  FORESTALE
2024;REVA;ND;PERSONALE NON DIRIGENTE;CB;CATEGORIA B;034561;POS. EC. B3-GUARDIA  FORESTALE 5 A.
2024;REVA;ND;PERSONALE NON DIRIGENTE;CB;CATEGORIA B;030000;POSIZIONE ECONOMICA B1
2024;REVA;ND;PERSONALE NON DIRIGENTE;CB;CATEGORIA B;032000;POSIZIONE ECONOMICA B2
2024;REVA;ND;PERSONALE NON DIRIGENTE;CB;CATEGORIA B;033000;POSIZIONE ECONOMICA B2S
2024;REVA;ND;PERSONALE NON DIRIGENTE;CB;CATEGORIA B;034000;POSIZIONE ECONOMICA B3
2024;REVA;ND;PERSONALE NON DIRIGENTE;CC;CATEGORIA C;040CS1;POSIZIONE ECONOMICA C1 ? CAPO SQUADRA ? VVFF
2024;REVA;ND;PERSONALE NON DIRIGENTE;CC;CATEGORIA C;042CR1;POSIZIONE ECONOMICA C2 ? CAPO REPARTO ? VVFF
2024;REVA;ND;PERSONALE NON DIRIGENTE;CC;CATEGORIA C;040211;SOVRAINTENDENTE C1F
2024;REVA;ND;PERSONALE NON DIRIGENTE;CC;CATEGORIA C;042324;ISPETTORE FORESTALE C21F
2024;RESA;ND;PERSONALE NON DIRIGENTE;AP;PROFESSIONISTI;P00AV1;AVVOCATO A1
2024;RESA;ND;PERSONALE NON DIRIGENTE;AP;PROFESSIONISTI;P00AV2;AVVOCATO A2
2024;RESA;ND;PERSONALE NON DIRIGENTE;AP;PROFESSIONISTI;P00AV3;AVVOCATO A3
2024;RESA;ND;PERSONALE NON DIRIGENTE;CA;CATEGORIA A;023257;POS. ECON.  A1 ? AGENTE
2024;RESA;ND;PERSONALE NON DIRIGENTE;CA;CATEGORIA A;025181;POS. ECON.  A2 ? ASSISTENTE
2024;RESA;ND;PERSONALE NON DIRIGENTE;CA;CATEGORIA A;027259;POS. ECON.  A3 ? ASSISTENTE CAPO
2024;RESA;ND;PERSONALE NON DIRIGENTE;CA;CATEGORIA A;028259;POS. ECON.  A4 ? ASSISTENTE CAPO
2024;RESA;ND;PERSONALE NON DIRIGENTE;CA;CATEGORIA A;0A5259;POS. ECON.  A5 ? ASSISTENTE CAPO
2024;RESA;ND;PERSONALE NON DIRIGENTE;CA;CATEGORIA A;0A6000;POS. ECON.  A6
2024;RESA;ND;PERSONALE NON DIRIGENTE;CB;CATEGORIA B;030191;POS. ECON.  B1 ? ISPETTORE
2024;RESA;ND;PERSONALE NON DIRIGENTE;CB;CATEGORIA B;032192;POS. ECON.  B2 ? ISPETTORE CAPO
2024;RESA;ND;PERSONALE NON DIRIGENTE;CB;CATEGORIA B;034268;POS. ECON.  B3 ? ISPETTORE SUPERIORE
2024;RESA;ND;PERSONALE NON DIRIGENTE;CB;CATEGORIA B;036268;POS. ECON.  B4 ? ISPETTORE SUPERIORE
2024;RESA;ND;PERSONALE NON DIRIGENTE;CB;CATEGORIA B;037268;POS. ECON.  B5 ? ISPETTORE SUPERIORE
2024;RESA;ND;PERSONALE NON DIRIGENTE;CB;CATEGORIA B;0B6000;POS. ECON.  B6
2024;RESA;ND;PERSONALE NON DIRIGENTE;CC;CATEGORIA C;040256;POS. ECON.  C1 ? VICECOMMISSARIO
2024;RESA;ND;PERSONALE NON DIRIGENTE;CC;CATEGORIA C;042182;POS. ECON.  C2 ? COMMISSARIO
2024;RESA;ND;PERSONALE NON DIRIGENTE;CC;CATEGORIA C;043185;POS. ECON.  C3 ? COMMISSARIO CAPO
2024;RESA;ND;PERSONALE NON DIRIGENTE;CC;CATEGORIA C;045CSP;POS. ECON.  C4 ? COMMISSARIO SUPERIORE
2024;RESA;ND;PERSONALE NON DIRIGENTE;CC;CATEGORIA C;046CSP;POS. ECON.  C5 ? COMMISSARIO SUPERIORE
2024;RESA;ND;PERSONALE NON DIRIGENTE;CC;CATEGORIA C;0C6CSP;POS. ECON.  C6 ? COMMISSARIO SUPERIORE
2024;RESA;ND;PERSONALE NON DIRIGENTE;CC;CATEGORIA C;0C7000;POS. ECON.  C7
2024;RESA;ND;PERSONALE NON DIRIGENTE;CA;CATEGORIA A;023000;LIV. RETR. A1
2024;RESA;ND;PERSONALE NON DIRIGENTE;CA;CATEGORIA A;025000;LIV. RETR. A2
2024;RESA;ND;PERSONALE NON DIRIGENTE;CA;CATEGORIA A;027000;LIV.RETR. A3
2024;RESA;ND;PERSONALE NON DIRIGENTE;CA;CATEGORIA A;028000;LIV.RETR. A4
2024;RESA;ND;PERSONALE NON DIRIGENTE;CA;CATEGORIA A;0A5000;LIV.RETR. A5
2024;RESA;ND;PERSONALE NON DIRIGENTE;CB;CATEGORIA B;030000;LIV. RETR. B1
2024;RESA;ND;PERSONALE NON DIRIGENTE;CB;CATEGORIA B;032000;LIV. RETR. B2
2024;RESA;ND;PERSONALE NON DIRIGENTE;CB;CATEGORIA B;034000;LIV. RETR. B3
2024;RESA;ND;PERSONALE NON DIRIGENTE;CB;CATEGORIA B;036000;LIV. RETR. B4
2024;RESA;ND;PERSONALE NON DIRIGENTE;CB;CATEGORIA B;037000;LIV.RETR.B5
2024;RESA;ND;PERSONALE NON DIRIGENTE;CB;CATEGORIA B;038000;LIV.RETR.B6
2024;RESA;ND;PERSONALE NON DIRIGENTE;CB;CATEGORIA B;0B7000;LIV.RETR.B7
2024;RESA;ND;PERSONALE NON DIRIGENTE;CC;CATEGORIA C;040000;LIV. RETR. C1
2024;RESA;ND;PERSONALE NON DIRIGENTE;CC;CATEGORIA C;042000;LIV. RETR. C2
2024;RESA;ND;PERSONALE NON DIRIGENTE;CC;CATEGORIA C;043000;LIV. RETR. C3
2024;RESA;ND;PERSONALE NON DIRIGENTE;CC;CATEGORIA C;045000;LIV.RETR. C4
2024;RESA;ND;PERSONALE NON DIRIGENTE;CC;CATEGORIA C;046000;LIV.RETR. C5
2024;RESA;ND;PERSONALE NON DIRIGENTE;CC;CATEGORIA C;0C6000;LIV.RETR. C6
2024;RESA;ND;PERSONALE NON DIRIGENTE;CD;CATEGORIA D;048000;LIV. RETR. D1
2024;RESA;ND;PERSONALE NON DIRIGENTE;CD;CATEGORIA D;049000;LIV. RETR. D2
2024;RESA;ND;PERSONALE NON DIRIGENTE;CD;CATEGORIA D;050000;LIV. RETR. D3
2024;RESA;ND;PERSONALE NON DIRIGENTE;CD;CATEGORIA D;051000;LIV. RETR. D4
2024;RESA;ND;PERSONALE NON DIRIGENTE;CD;CATEGORIA D;052000;LIV. RETR. D5
2024;RESA;ND;PERSONALE NON DIRIGENTE;CD;CATEGORIA D;0D6000;LIV. RETR. D6
2024;RESA;ND;PERSONALE NON DIRIGENTE;CD;CATEGORIA D;0D7000;LIV. RETR. D7
2024;RESA;NF;DIRIGENTI;DI;DIRIGENTI ;0D0164;DIRIGENTE
2024;RESA;NF;DIRIGENTI;DI;DIRIGENTI ;0D0IDD;DIRIGENTE CON INCARICO DI DIRETTORE DI DIPARTIMENTO
2024;RESA;NF;DIRIGENTI;DI;DIRIGENTI ;0D0I97;DIRIGENTE CON INCARICO DI DIRETTORE GENERALE
2024;RESA;NF;DIRIGENTI;DI;DIRIGENTI ;0D0GEN;SEGRETARIO GENERALE
2024;SSNA;ND;PERSONALE NON DIRIGENTE;PT;PERSONALE DI SUPPORTO;0PTSPR;PROFILI AREA PERSONALE DI SUPPORTO AD ESAURIMENTO
2024;SSNA;ND;PERSONALE NON DIRIGENTE;PT;PERSONALE DI SUPPORTO;APT017;RUOLO AMMINISTRATIVO - COADIUTORE AMMINISTRATIVO
2024;SSNA;ND;PERSONALE NON DIRIGENTE;PT;PERSONALE DI SUPPORTO;TPT092;RUOLO TECNICO - OPERATORE TECNICO
2024;SSNA;ND;PERSONALE NON DIRIGENTE;OP;OPERATORI;0OP269;PROFILI AREA DEGLI OPERATORI AD ESAURIMENTO
2024;SSNA;ND;PERSONALE NON DIRIGENTE;OP;OPERATORI;AOP870;RUOLO AMMINISTRATIVO - COADIUTORE AMMINISTRATIVO SENIOR
2024;SSNA;ND;PERSONALE NON DIRIGENTE;OP;OPERATORI;TOP059;RUOLO TECNICO - OPERATORE TECNICO SPECIALIZZATO
2024;SSNA;ND;PERSONALE NON DIRIGENTE;OP;OPERATORI;KOP660;RUOLO SOCIOSANITARIO - OPERATORE SOCIOSANITARIO
2024;SSNA;ND;PERSONALE NON DIRIGENTE;AT;ASSISTENTI;AAT117;RUOLO AMMINISTRATIVO - ASSISTENTE AMMINISTRATIVO
2024;SSNA;ND;PERSONALE NON DIRIGENTE;AT;ASSISTENTI;TAT162;RUOLO TECNICO - PROFILI AREA ASSITENTI AD ESAURIMENTO
2024;SSNA;ND;PERSONALE NON DIRIGENTE;AT;ASSISTENTI;TAT119;RUOLO TECNICO - ASSISTENTE TECNICO
2024;SSNA;ND;PERSONALE NON DIRIGENTE;AT;ASSISTENTI;TATIFC;RUOLO TECNICO - ASSISTENTE INFORMATICO
2024;SSNA;ND;PERSONALE NON DIRIGENTE;AT;ASSISTENTI;PATINZ;RUOLO PROFESSIONALE - ASSISTENTE DELL INFORMAZIONE
2024;SSNA;ND;PERSONALE NON DIRIGENTE;AT;ASSISTENTI;KAT162;RUOLO SOCIOSANITARIO - PROFILI AREA ASSITENTI AD ESAURIMENTO
2024;SCLA;CO;PERSONALE DEL COMPARTO;SL;INSEGNANTI A T.D. CON CONTRATTO NON ANNUALE;014805;DOC.RELIG. SCUOLA PRIM. INFAN T. D. CONTR. NON ANNUALE
2024;SCLA;CO;PERSONALE DEL COMPARTO;SL;INSEGNANTI A T.D. CON CONTRATTO NON ANNUALE;016807;DOC.RELIG. SCUOLA MEDIA T.D. CON CONTRATTO NON ANNUALE
2024;SCLA;CO;PERSONALE DEL COMPARTO;SL;INSEGNANTI A T.D. CON CONTRATTO NON ANNUALE;016804;DOC.RELIG. SCUOLA SECOND. T. D.CON CONTR. NON ANNUALE
2024;SCLA;CO;PERSONALE DEL COMPARTO;SL;INSEGNANTI A T.D. CON CONTRATTO NON ANNUALE;014648;PERS. EDUCAT. T. DET. NON ANNUALE
2024;SCLA;CO;PERSONALE DEL COMPARTO;IN;INSEGN. DI SOSTEGNO  T.D. CON CONTR. NON ANNUALE;014658;DOC. DIPL. SOST.IST. SEC. II GRADO T. DET. NON ANNUALE
2024;SCLA;CO;PERSONALE DEL COMPARTO;SL;INSEGNANTI A T.D. CON CONTRATTO NON ANNUALE;014145;DOC. DIPL. ISTIT. II GRADO TEMPO DETERM. NON ANNUALE
2024;SCLA;CO;PERSONALE DEL COMPARTO;IN;INSEGN. DI SOSTEGNO  T.D. CON CONTR. NON ANNUALE;014644;DOC.DIPL.SOST.SC. INFANZIA T.DET. NON ANNUALE
2024;SCLA;CO;PERSONALE DEL COMPARTO;SL;INSEGNANTI A T.D. CON CONTRATTO NON ANNUALE;014157;DOC. SCUOLA INFANZIA TEMPO DETERM. NON ANNUALE
2024;SCLA;CO;PERSONALE DEL COMPARTO;IN;INSEGN. DI SOSTEGNO  T.D. CON CONTR. NON ANNUALE;014636;DOC. DIPL. SOST SCUOLA PRIMAR. T. DETER. NON ANNUALE
2024;SCLA;CO;PERSONALE DEL COMPARTO;SL;INSEGNANTI A T.D. CON CONTRATTO NON ANNUALE;014153;DOC. SC. PRIMARIA E EQUIP. TEMPO DETERM. NON ANNUALE
2024;MNST;2F;DIRIGENTI DI 2^ FASCIA;D2;DIRIGENTI DI 2^ FASCIA;0D0079;DIRIGENTE II FASCIA
2024;SCLA;CO;PERSONALE DEL COMPARTO;IN;INSEGN. DI SOSTEGNO  T.D. CON CONTR. NON ANNUALE;016640;DOC. LAUR. SOST. SCUOLA MEDIA T.DETER. NON ANNUALE
2024;SCLA;CO;PERSONALE DEL COMPARTO;SL;INSEGNANTI A T.D. CON CONTRATTO NON ANNUALE;016137;DOC. SCUOLA MEDIA ED EQUIP. TEMPO DETERM. NON ANNUALE
2024;SCLA;CO;PERSONALE DEL COMPARTO;IN;INSEGN. DI SOSTEGNO  T.D. CON CONTR. NON ANNUALE;016632;DOC. LAUR. SOST. IST. SEC. II GRADO T. DETER. NON ANNUALE
2024;SCLA;CO;PERSONALE DEL COMPARTO;SL;INSEGNANTI A T.D. CON CONTRATTO NON ANNUALE;016133;DOC. LAUR. IST. SEC. II GRADO T. DETERM. NON ANNUALE
2024;SCLA;CO;PERSONALE DEL COMPARTO;SN;INSEGNANTI A T.D. CON CONTRATTO ANNUALE;014803;DOC.RELIG. SCUOLA PRIM. INFAN.T.D. CON CONTR. ANNUALE
2024;SCLA;CO;PERSONALE DEL COMPARTO;SN;INSEGNANTI A T.D. CON CONTRATTO ANNUALE;016806;DOC.RELIG. SCUOLA MEDIA T.D. CON CONTRATTO ANNUALE
2024;SCLA;CO;PERSONALE DEL COMPARTO;SN;INSEGNANTI A T.D. CON CONTRATTO ANNUALE;016802;DOC.RELIG. SCUOLA SECOND. T. D. CON CONTR. ANNUALE
2024;SCLA;CO;PERSONALE DEL COMPARTO;SN;INSEGNANTI A T.D. CON CONTRATTO ANNUALE;014647;PERS. EDUCAT. T. DET. ANNUALE
2024;SCLA;CO;PERSONALE DEL COMPARTO;ID;INS. DI SOSTEGNO A T. D. CON CONTRATTO ANNUALE;014657;DOC. DIPL. SOST.IST. SEC. II GRADO T. DET. ANNUALE
2024;SCLA;CO;PERSONALE DEL COMPARTO;SN;INSEGNANTI A T.D. CON CONTRATTO ANNUALE;014144;DOC. DIPL. ISTIT. II GRADO TEMPO DETERM. ANNUALE
2024;SCLA;CO;PERSONALE DEL COMPARTO;ID;INS. DI SOSTEGNO A T. D. CON CONTRATTO ANNUALE;014643;DOC. DIPL.SOST. SC. INFANZIA T. DET. ANNUALE
2024;SCLA;CO;PERSONALE DEL COMPARTO;SN;INSEGNANTI A T.D. CON CONTRATTO ANNUALE;014156;DOC. SCUOLA INFANZIA TEMPO DETERM. ANNUALE
2024;SCLA;CO;PERSONALE DEL COMPARTO;ID;INS. DI SOSTEGNO A T. D. CON CONTRATTO ANNUALE;014635;DOC. DIPL. SOST. SCUOLA PRIMAR. T. DETER. ANNUALE
2024;SCLA;CO;PERSONALE DEL COMPARTO;SN;INSEGNANTI A T.D. CON CONTRATTO ANNUALE;014152;DOC. SC.PRIMARIA E EQUIP. TEMPO DETERM. ANNUA
2024;SCLA;CO;PERSONALE DEL COMPARTO;ID;INS. DI SOSTEGNO A T. D. CON CONTRATTO ANNUALE;016639;DOC. LAUR. SOST. SCUOLA MEDIA T.DETER. ANNUALE
2024;SCLA;CO;PERSONALE DEL COMPARTO;SN;INSEGNANTI A T.D. CON CONTRATTO ANNUALE;016136;DOC. SCUOLA MEDIA ED EQUIP. TEMPO DETERM. ANNUALE
2024;SCLA;CO;PERSONALE DEL COMPARTO;ID;INS. DI SOSTEGNO A T. D. CON CONTRATTO ANNUALE;016631;DOC. LAUR. SOST. IST.SEC. II GRADO T. DETER.ANNUALE
2024;SCLA;CO;PERSONALE DEL COMPARTO;SN;INSEGNANTI A T.D. CON CONTRATTO ANNUALE;016134;DOC. LAUR. IST. SEC. II GRADO TEMPO DETERM. ANNUALE
2024;SCLA;CO;PERSONALE DEL COMPARTO;SR;DOCENTI DI RELIGIONE A TEMPO INDETERMINATO;014138;DOC.RELIG. SCUOLA PRIMAR. INFAN.
2024;SCLA;CO;PERSONALE DEL COMPARTO;SR;DOCENTI DI RELIGIONE A TEMPO INDETERMINATO;016693;DOC.RELIG. SCUOLA MEDIA
2024;SCLA;CO;PERSONALE DEL COMPARTO;SR;DOCENTI DI RELIGIONE A TEMPO INDETERMINATO;016139;DOC.RELIG. SCUOLA SECOND.
2024;SCLA;CO;PERSONALE DEL COMPARTO;DO;DOCENTI A TEMPO INDETERMINATO;014646;PERSONALE EDUCATIVO
2024;SCLA;CO;PERSONALE DEL COMPARTO;IS;DOCENTI DI SOSTEGNO A T. INDETERMINATO;014656;DOC. DIPL. SOST. IST. SEC. II GRADO
2024;SCLA;CO;PERSONALE DEL COMPARTO;DO;DOCENTI A TEMPO INDETERMINATO;014143;DOC. DIPL. ISTIT. II GRADO
2024;SCLA;CO;PERSONALE DEL COMPARTO;IS;DOCENTI DI SOSTEGNO A T. INDETERMINATO;014714;DOC. DIPL. SOST. SCUOLA INFANZIA
2024;SCLA;CO;PERSONALE DEL COMPARTO;DO;DOCENTI A TEMPO INDETERMINATO;014155;DOC. SCUOLA INFANZIA
2024;SCLA;CO;PERSONALE DEL COMPARTO;IS;DOCENTI DI SOSTEGNO A T. INDETERMINATO;014634;DOC. DIPL. SOST. SCUOLA PRIMARIA
2024;SCLA;CO;PERSONALE DEL COMPARTO;IS;DOCENTI DI SOSTEGNO A T. INDETERMINATO;016638;DOC. LAUR. SOST. SCUOLA MEDIA
2024;SCLA;CO;PERSONALE DEL COMPARTO;DO;DOCENTI A TEMPO INDETERMINATO;016135;DOC. SCUOLA MEDIA ED EQUIP.
2024;SCLA;CO;PERSONALE DEL COMPARTO;IS;DOCENTI DI SOSTEGNO A T. INDETERMINATO;016630;DOC. LAUR. SOST. IST.SEC. II GRADO
2024;SCLA;CO;PERSONALE DEL COMPARTO;DO;DOCENTI A TEMPO INDETERMINATO;016132;DOC. LAUR. IST. SEC. II GRADO
2024;SCLA;NF;DIRIGENTI;SD;DIRIGENTI SCOLASTICI;0D0158;DIRIGENTE SCOLASTICO
2024;REFR;ND;PERSONALE NON DIRIGENTE;ZA;CATEGORIA FA;0FA003;POSIZIONE ECONOMICA FA3
2024;REFR;ND;PERSONALE NON DIRIGENTE;ZA;CATEGORIA FA;0FA0F4;POSIZIONE ECONOMICA FA4
2024;REFR;ND;PERSONALE NON DIRIGENTE;ZA;CATEGORIA FA;0FA0F5;POSIZIONE ECONOMICA FA5
2024;REFR;ND;PERSONALE NON DIRIGENTE;ZA;CATEGORIA FA;0FA0F6;POSIZIONE ECONOMICA FA6
2024;REFR;ND;PERSONALE NON DIRIGENTE;ZA;CATEGORIA FA;0FA0F7;POSIZIONE ECONOMICA FA7
2024;REFR;ND;PERSONALE NON DIRIGENTE;ZA;CATEGORIA FA;0FA0F8;POSIZIONE ECONOMICA FA8
2024;REFR;ND;PERSONALE NON DIRIGENTE;ZA;CATEGORIA FA;0FA0F9;POSIZIONE ECONOMICA FA9
2024;REFR;ND;PERSONALE NON DIRIGENTE;ZB;CATEGORIA FB;0FB001;POSIZIONE ECONOMICA FB1
2024;REFR;ND;PERSONALE NON DIRIGENTE;ZB;CATEGORIA FB;0FB002;POSIZIONE ECONOMICA FB2
2024;REFR;ND;PERSONALE NON DIRIGENTE;ZB;CATEGORIA FB;0FB003;POSIZIONE ECONOMICA FB3
2024;REFR;ND;PERSONALE NON DIRIGENTE;ZB;CATEGORIA FB;0FB004;POSIZIONE ECONOMICA FB4
2024;REFR;ND;PERSONALE NON DIRIGENTE;ZB;CATEGORIA FB;0FBFB5;POSIZIONE ECONOMICA FB5
2024;REFR;ND;PERSONALE NON DIRIGENTE;ZB;CATEGORIA FB;0FBFB6;POSIZIONE ECONOMICA FB6
2024;REFR;ND;PERSONALE NON DIRIGENTE;ZB;CATEGORIA FB;0FBFB7;POSIZIONE ECONOMICA FB7
2024;REFR;ND;PERSONALE NON DIRIGENTE;ZB;CATEGORIA FB;0FBFB8;POSIZIONE ECONOMICA FB8
2024;REFR;ND;PERSONALE NON DIRIGENTE;ZB;CATEGORIA FB;0FBFB9;POSIZIONE ECONOMICA FB9
2024;REFR;ND;PERSONALE NON DIRIGENTE;ZC;CATEGORIA FC;0FC001;POSIZIONE ECONOMICA FC1
2024;REFR;ND;PERSONALE NON DIRIGENTE;ZC;CATEGORIA FC;0FC002;POSIZIONE ECONOMICA FC2
2024;REFR;ND;PERSONALE NON DIRIGENTE;ZC;CATEGORIA FC;0FC003;POSIZIONE ECONOMICA FC3
2024;REFR;ND;PERSONALE NON DIRIGENTE;ZC;CATEGORIA FC;0FC004;POSIZIONE ECONOMICA FC4
2024;REFR;ND;PERSONALE NON DIRIGENTE;ZC;CATEGORIA FC;0FC005;POSIZIONE ECONOMICA FC5
2024;REFR;ND;PERSONALE NON DIRIGENTE;ZC;CATEGORIA FC;0FC006;POSIZIONE ECONOMICA FC6
2024;REFR;ND;PERSONALE NON DIRIGENTE;ZC;CATEGORIA FC;0FC007;POSIZIONE ECONOMICA FC7
2024;REFR;ND;PERSONALE NON DIRIGENTE;ZC;CATEGORIA FC;0FC008;POSIZIONE ECONOMICA FC8
2024;REFR;ND;PERSONALE NON DIRIGENTE;ZC;CATEGORIA FC;0FC0C9;POSIZIONE ECONOMICA FC9
2024;REFR;ND;PERSONALE NON DIRIGENTE;XS;CATEGORIA PLS;0PL915;POSIZIONE ECONOMICA PLS1
2024;REFR;ND;PERSONALE NON DIRIGENTE;CB;CATEGORIA B;036000;POSIZIONE ECONOMICA B4
2024;REFR;ND;PERSONALE NON DIRIGENTE;CB;CATEGORIA B;037000;POSIZIONE ECONOMICA B5
2024;REFR;ND;PERSONALE NON DIRIGENTE;CC;CATEGORIA C;040000;POSIZIONE ECONOMICA C1
2024;REFR;ND;PERSONALE NON DIRIGENTE;CC;CATEGORIA C;042000;POSIZIONE ECONOMICA C2
2024;RALN;ND;PERSONALE NON DIRIGENTE;OP;OPERATORI;0OP000;OPERATORI
2024;RALN;ND;PERSONALE NON DIRIGENTE;OE;OPERATORI ESPERTI;0OEESP;OPERATORI ESPERTI
2024;RALN;ND;PERSONALE NON DIRIGENTE;IR;ISTRUTTORI;0IR000;ISTRUTTORI
2024;RALN;ND;PERSONALE NON DIRIGENTE;EQ;FUNZIONARI ED ELEVATA QUALIFICAZIONE;0FZEQF;FUNZIONARI ED ELEVATA QUALIFICAZIONE
2024;REFR;ND;PERSONALE NON DIRIGENTE;CB;CATEGORIA B;0B9000;POSIZIONE ECONOMICA B9
2024;PCMD;2F;DIRIGENTI DI 2^ FASCIA;D2;DIRIGENTI DI 2^ FASCIA;0D0080;DIRIGENTE II FASCIA A TEMPO DETERM.
2024;PPEN;ND;PERSONALE NON DIRIGENTE;AS;ASSISTENTI E AGENTI;013989;ASSISTENTE CAPO COORDINATORE + 4
2024;PPEN;ND;PERSONALE NON DIRIGENTE;RS;SOVRINTENDENTI;015987;SOVRINTENDENTE CAPO  COORDINATORE  + 4
2024;SSNA;DR;DIRIGENTI SANITARI;FM;FARMACISTI;SD0E39;FARMACISTI CON INC. DI STRUTTURA COMPLESSA (RAPP. ESCLUSIVO)
2024;SSNA;DR;DIRIGENTI SANITARI;MO;ODONTOIATRI;SD0599;ODONTOIATRI A T. DETERMINATO (ART. 15-SEPTIES D.LGS. 502/92)
2024;SSNA;DR;DIRIGENTI SANITARI;MO;ODONTOIATRI;SD0047;ODONTOIATRI CON ALTRI INCAR. PROF.LI (RAPP. NON ESCL.)
2024;SSNA;DR;DIRIGENTI SANITARI;MO;ODONTOIATRI;SD0A48;ODONTOIATRI CON ALTRI INCAR. PROF.LI (RAPP. ESCLUSIVO)
2024;SSNA;DR;DIRIGENTI SANITARI;MO;ODONTOIATRI;SD0N48;ODONTOIATRI CON INC. DI STRUTTURA SEMPLICE (RAPP. NON ESCL.)
2024;SSNA;DR;DIRIGENTI SANITARI;MO;ODONTOIATRI;SD0E48;ODONTOIATRI CON INC. DI STRUTTURA SEMPLICE (RAPP. ESCLUSIVO)
2024;SSNA;DR;DIRIGENTI SANITARI;MO;ODONTOIATRI;SD0N49;ODONTOIATRI CON INC. DI STRUTTURA COMPLESSA (RAPP. NON ESCL.
2024;SSNA;DR;DIRIGENTI SANITARI;MO;ODONTOIATRI;SD0E49;ODONTOIATRI CON INC. DI STRUTTURA COMPLESSA (RAPP. ESCL.)
2024;SSNA;DR;DIRIGENTI SANITARI;MV;VETERINARI;SD0598;VETERINARI A T. DETERMINATO (ART. 15-SEPTIES D.LGS. 502/92)
2024;SSNA;DR;DIRIGENTI SANITARI;MV;VETERINARI;SD0072;VETERINARI CON ALTRI INCAR. PROF.LI (RAPP. NON ESCL.)
2024;SSNA;DR;DIRIGENTI SANITARI;MV;VETERINARI;SD0A73;VETERINARI CON ALTRI INCAR. PROF.LI (RAPP. ESCLUSIVO)
2024;SSNA;DR;DIRIGENTI SANITARI;MV;VETERINARI;SD0N73;VETERINARI CON INC. DI STRUTTURA SEMPLICE (RAPP. NON ESCL.)
2024;SSNA;DR;DIRIGENTI SANITARI;MV;VETERINARI;SD0E73;VETERINARI CON INC. DI STRUTTURA SEMPLICE (RAPP. ESCLUSIVO)
2024;SSNA;DR;DIRIGENTI SANITARI;MV;VETERINARI;SD0N74;VETERINARI CON INC. DI STRUTTURA COMPLESSA (RAPP. NON ESCL.)
2024;SSNA;DR;DIRIGENTI SANITARI;MV;VETERINARI;SD0E74;VETERINARI CON INC. DI STRUTTURA COMPLESSA (RAPP.ESCLUSIVO)
2024;SSNA;DR;DIRIGENTI SANITARI;MD;MEDICI;SD0597;DIR. MEDICI A T.  DETERMINATO(ART. 15-SEPTIES D.LGS. 502/92)
2024;SSNA;DR;DIRIGENTI SANITARI;MD;MEDICI;SD0036;DIRIGENTI MEDICI CON ALTRI INCAR. PROF.LI (RAPP. NON ESCL.)
2024;SSNA;DR;DIRIGENTI SANITARI;MD;MEDICI;SD0035;DIRIGENTI MEDICI CON ALTRI INCAR. PROF.LI (RAPP. ESCLUSIVO)
2024;SSNA;DR;DIRIGENTI SANITARI;MD;MEDICI;SD0N34;DIR. MEDICO CON INCARICO STRUTTURA SEMPLICE (RAP. NON ESCL.)
2024;SSNA;DR;DIRIGENTI SANITARI;MD;MEDICI;SD0E34;DIR. MEDICO CON INCARICO DI STRUTTURA SEMPLICE (RAPP. ESCL.)
2024;SSNA;DR;DIRIGENTI SANITARI;MD;MEDICI;SD0N33;DIR. MEDICO CON INC. DI STRUTTURA COMPLESSA (RAPP.NON ESCL.)
2024;SSNA;DR;DIRIGENTI SANITARI;MD;MEDICI;SD0E33;DIR. MEDICO CON INC. STRUTTURA COMPLESSA (RAPP. ESCLUSIVO)
2024;RESI;NF;DIRIGENTI;DI;DIRIGENTI ;0D0918;QUALIFICA DIRIGENZIALE A TEMPO INDETERMINATO 3^ FASCIA
2024;RESI;NF;DIRIGENTI;DI;DIRIGENTI ;0D0079;QUALIFICA DIRIGENZIALE A TEMPO INDETERMINATO 2^ FASCIA
2024;RESI;NF;DIRIGENTI;DI;DIRIGENTI ;0D0077;QUALIFICA DIRIGENZIALE ATEMPO INDETERMINATO 1^ FASCIA
2024;REFR;ND;PERSONALE NON DIRIGENTE;ZA;CATEGORIA FA;0FA001;POSIZIONE ECONOMICA FA1
2024;REFR;ND;PERSONALE NON DIRIGENTE;ZA;CATEGORIA FA;0FA002;POSIZIONE ECONOMICA FA2
2024;PPEN;NF;DIRIGENTI;DI;DIRIGENTI ;0D0AGG;DIRIGENTE AGGIUNTO DI POLIZIA PENITENZIARIA
2024;PPEN;NF;DIRIGENTI;DI;DIRIGENTI ;0D0AT3;DIRIGENTE AGGIUNTO DI POLIZIA PENITENZIARIA +3
2024;PPEN;NF;DIRIGENTI;DI;DIRIGENTI ;0D0A13;DIRIGENTE AGGIUNTO DI POLIZIA PENITENZIARIA +13
2024;PPEN;NF;DIRIGENTI;DI;DIRIGENTI ;0D0A23;DIRIGENTE AGGIUNTO DI POLIZIA PENITENZIARIA +23
2024;PPEN;NF;DIRIGENTI;DI;DIRIGENTI ;0D0TEC;DIRIGENTE DI POLIZIA PENITENZIARIA
2024;PPEN;NF;DIRIGENTI;DI;DIRIGENTI ;0D0T18;DIRIGENTE DI POLIZIA PENITENZIARIA + 18
2024;PPEN;NF;DIRIGENTI;DI;DIRIGENTI ;0D0T23;DIRIGENTE DI POLIZIA PENITENZIARIA + 23
2024;PPEN;NF;DIRIGENTI;DI;DIRIGENTI ;0D0194;PRIMO DIRIGENTE DI POLIZIA PENITENZIARIA
2024;PPEN;NF;DIRIGENTI;DI;DIRIGENTI ;0D0511;PRIMO DIRIGENTE + 23 ANNI DI POLIZIA PENITENZIARIA
2024;PPEN;NF;DIRIGENTI;DI;DIRIGENTI ;0D0189;DIRIGENTE SUPERIORE DI POLIZIA PENITENZIARIA
2024;PPEN;NF;DIRIGENTI;DI;DIRIGENTI ;0D0400;DIRIGENTE GENERALE DI POLIZIA PENITENZIARIA
2024;PPEN;NF;DIRIGENTI;DI;DIRIGENTI ;0E0220;GENERALE DI BRIGATA
2024;AAMM;NF;DIRIGENTI;US;UFFICIALI SUPERIORI;019222;MAGGIORE
2024;AAMM;NF;DIRIGENTI;US;UFFICIALI SUPERIORI;0D0936;MAGGIORE CON 3 ANNI NEL GRADO
2024;AAMM;NF;DIRIGENTI;US;UFFICIALI SUPERIORI;019312;TENENTE COLONNELLO
2024;AAMM;NF;DIRIGENTI;US;UFFICIALI SUPERIORI;0D0528;MAGGIORE + 13 ANNI
2024;AAMM;NF;DIRIGENTI;US;UFFICIALI SUPERIORI;0D0527;MAGGIORE + 23 ANNI
2024;AAMM;NF;DIRIGENTI;US;UFFICIALI SUPERIORI;0D0526;TENENTE COLONNELLO + 13 ANNI
2024;AAMM;NF;DIRIGENTI;US;UFFICIALI SUPERIORI;0D0935;TENENTE COLONNELLO + 18 ANNI
2024;AAMM;NF;DIRIGENTI;US;UFFICIALI SUPERIORI;0D0525;TENENTE COLONNELLO + 23 ANNI
2024;AAMM;NF;DIRIGENTI;US;UFFICIALI SUPERIORI;0D0217;COLONNELLO
2024;AAMM;NF;DIRIGENTI;US;UFFICIALI SUPERIORI;0D0524;COLONNELLO + 23 ANNI
2024;AAMM;NF;DIRIGENTI;UG;UFFICIALI GENERALI;0D0220;GENERALE DI BRIGATA AEREA ED EQUIP.
2024;AAMM;NF;DIRIGENTI;UG;UFFICIALI GENERALI;0D0297;GENERALE DI DIVISIONE AEREA ED EQUIP.
2024;AAMM;NF;DIRIGENTI;UG;UFFICIALI GENERALI;0D0298;GENERALE DI S. AEREA ED EQUIP.
2024;AAMM;NF;DIRIGENTI;UG;UFFICIALI GENERALI;0D0SGD;CAPO SM/SGD
2024;AAMM;NF;DIRIGENTI;UG;UFFICIALI GENERALI;0D0SMD;CAPO SMD
2024;CCSS;NF;DIRIGENTI;US;UFFICIALI SUPERIORI;019222;MAGGIORE
2024;CCSS;NF;DIRIGENTI;US;UFFICIALI SUPERIORI;0D0936;MAGGIORE CON 3 ANNI NEL GRADO
2024;CCSS;NF;DIRIGENTI;US;UFFICIALI SUPERIORI;019312;TENENTE COLONNELLO
2024;CCSS;NF;DIRIGENTI;US;UFFICIALI SUPERIORI;0D0528;MAGGIORE + 13 ANNI
2024;CCSS;NF;DIRIGENTI;US;UFFICIALI SUPERIORI;0D0527;MAGGIORE + 23 ANNI
2024;CCSS;NF;DIRIGENTI;US;UFFICIALI SUPERIORI;0D0526;TENENTE COLONNELLO + 13 ANNI
2024;CCSS;NF;DIRIGENTI;US;UFFICIALI SUPERIORI;0D0935;TENENTE COLONNELLO + 18 ANNI
2024;CCSS;NF;DIRIGENTI;US;UFFICIALI SUPERIORI;0D0525;TENENTE COLONNELLO + 23 ANNI
2024;CCSS;NF;DIRIGENTI;US;UFFICIALI SUPERIORI;0D0217;COLONNELLO
2024;CCSS;NF;DIRIGENTI;US;UFFICIALI SUPERIORI;0D0524;COLONNELLO + 23 ANNI
2024;CCSS;NF;DIRIGENTI;UG;UFFICIALI GENERALI;0D0220;GENERALE DI BRIGATA
2024;CCSS;NF;DIRIGENTI;UG;UFFICIALI GENERALI;0D0221;GENERALE DI DIVISIONE
2024;CCSS;NF;DIRIGENTI;UG;UFFICIALI GENERALI;0D0554;GENERALE CORPO DI ARMATA
2024;CCSS;NF;DIRIGENTI;UG;UFFICIALI GENERALI;0D0219;COMANDANTE GENERALE
2024;PPSS;NF;DIRIGENTI;DI;DIRIGENTI ;019207;VICE QUESTORE AGGIUNTO
2024;PPSS;NF;DIRIGENTI;DI;DIRIGENTI ;0D0950;VICE QUESTORE AGGIUNTO + 3 ANNI
2024;PPSS;NF;DIRIGENTI;DI;DIRIGENTI ;0D0516;VICE QUESTORE AGGIUNTO + 13 ANNI
2024;PPSS;NF;DIRIGENTI;DI;DIRIGENTI ;0D0515;VICE QUESTORE AGGIUNTO + 23 ANNI
2024;PPSS;NF;DIRIGENTI;DI;DIRIGENTI ;0D0949;VICE QUESTORE
2024;PPSS;NF;DIRIGENTI;DI;DIRIGENTI ;0D0948;VICE QUESTORE  + 18 ANNI
2024;PPSS;NF;DIRIGENTI;DI;DIRIGENTI ;0D0947;VICE QUESTORE  + 23 ANNI
2024;PPSS;NF;DIRIGENTI;DI;DIRIGENTI ;0D0194;PRIMO DIRIGENTE
2024;PPSS;NF;DIRIGENTI;DI;DIRIGENTI ;0D0511;PRIMO DIRIGENTE + 23 ANNI
2024;PPSS;NF;DIRIGENTI;DI;DIRIGENTI ;0D0189;DIRIGENTE SUPERIORE
2024;PPSS;NF;DIRIGENTI;DI;DIRIGENTI ;0D0400;DIRIGENTE GENERALE C
2024;MTRB;MG;PERSONALE DELLA MAGISTRATURA;G1;MAGISTRATI;0D0TB1;MAGISTRATO TRIBUTARIO FINO AL QUARTO ANNO
2024;MTRB;MG;PERSONALE DELLA MAGISTRATURA;G1;MAGISTRATI;0D0TB2;MAGISTRATO TRIBUTARIO DOPO 4 ANNI
2024;MTRB;MG;PERSONALE DELLA MAGISTRATURA;G1;MAGISTRATI;0D0TB3;MAGISTRATO TRIBUTARIO DOPO 13 ANNI
2024;MTRB;MG;PERSONALE DELLA MAGISTRATURA;G1;MAGISTRATI;0D0TB4;MAGISTRATO TRIBUTARIO DOPO 20 ANNI
2024;MTRB;MG;PERSONALE DELLA MAGISTRATURA;G1;MAGISTRATI;0D0TB5;MAGISTRATO TRIBUTARIO DOPO 28 ANNI
2024;AVST;MG;PERSONALE DELLA MAGISTRATURA;G1;MAGISTRATI;0D0A1E;AVVOCATO I CLASSE ED EQUIP.
2024;AVST;MG;PERSONALE DELLA MAGISTRATURA;G1;MAGISTRATI;0D0A2E;AVVOCATO II CLASSE ED EQUIP.
2024;AVST;MG;PERSONALE DELLA MAGISTRATURA;G1;MAGISTRATI;0D0379;AVVOCATO III CLASSE
2024;AVST;MG;PERSONALE DELLA MAGISTRATURA;G1;MAGISTRATI;0D0380;AVVOCATO IV CLASSE
2024;AVST;MG;PERSONALE DELLA MAGISTRATURA;G1;MAGISTRATI;0D0845;AVVOCATO GENERALE AGGIUNTO
2024;CCON;MG;PERSONALE DELLA MAGISTRATURA;G1;MAGISTRATI;0D0376;REFERENDARIO
2024;CCON;MG;PERSONALE DELLA MAGISTRATURA;G1;MAGISTRATI;0D0PSE;PRESIDENTE DI SEZIONE ED EQUIP.
2024;CSTA;MG;PERSONALE DELLA MAGISTRATURA;G1;MAGISTRATI;0D0PSE;PRESIDENTE DI SEZIONE ED EQUIP.
2024;CSTA;MG;PERSONALE DELLA MAGISTRATURA;G1;MAGISTRATI;0D0844;PRESIDENTE AGGIUNTO
2024;CSTA;MG;PERSONALE DELLA MAGISTRATURA;G1;MAGISTRATI;0D0374;PRESIDENTE CONSIGLIO DI STATO
2024;CPEN;PP;PERSONALE CARRIERA DIRIGENZIALE PENITENZIARIA;CP;CARRIERA PENITENZIARIA;0D0DPP;DIRIGENTE PENITENZIARIO
2024;CPEN;PP;PERSONALE CARRIERA DIRIGENZIALE PENITENZIARIA;CP;CARRIERA PENITENZIARIA;0D0DSP;DIRIGENTE PENITENZIARIO CON INCARICHI SUPERIORI
2024;CPEN;PP;PERSONALE CARRIERA DIRIGENZIALE PENITENZIARIA;CP;CARRIERA PENITENZIARIA;0D0DGP;DIRIGENTE GENERALE PENITENZIARIO
2024;AVST;MG;PERSONALE DELLA MAGISTRATURA;G1;MAGISTRATI;0D0383;PROCURATORE II CLASSE
2024;CPOR;NF;DIRIGENTI;US;UFFICIALI SUPERIORI;019341;CAPITANO DI CORVETTA
2024;CPOR;NF;DIRIGENTI;US;UFFICIALI SUPERIORI;0D0957;CAPITANO DI CORVETTA  CON 3 ANNI NEL GRADO
2024;CPOR;NF;DIRIGENTI;US;UFFICIALI SUPERIORI;019343;CAPITANO DI FREGATA
2024;CPOR;NF;DIRIGENTI;US;UFFICIALI SUPERIORI;0D0567;CAPITANO DI CORVETTA + 13 ANNI
2024;CPOR;NF;DIRIGENTI;US;UFFICIALI SUPERIORI;0D0566;CAPITANO DI CORVETTA + 23 ANNI
2024;CPOR;NF;DIRIGENTI;US;UFFICIALI SUPERIORI;0D0564;CAPITANO DI FREGATA + 13 ANNI
2024;CPOR;NF;DIRIGENTI;US;UFFICIALI SUPERIORI;0D0956;CAPITANO DI FREGATA + 18 ANNI
2024;CPOR;NF;DIRIGENTI;US;UFFICIALI SUPERIORI;0D0563;CAPITANO DI FREGATA + 23 ANNI
2024;CPOR;NF;DIRIGENTI;US;UFFICIALI SUPERIORI;0D0345;CAPITANO DI VASCELLO
2024;CPOR;NF;DIRIGENTI;US;UFFICIALI SUPERIORI;0D0562;CAPITANO DI VASCELLO + 23 ANNI
2024;CPOR;NF;DIRIGENTI;UG;UFFICIALI GENERALI;0D0334;CONTRAMMIRAGLIO
2024;CPOR;NF;DIRIGENTI;UG;UFFICIALI GENERALI;0D0329;AMMIRAGLIO ISPETTORE
2024;CPOR;NF;DIRIGENTI;UG;UFFICIALI GENERALI;0D0330;AMMIRAGLIO ISPETTORE CAPO
2024;EEII;NF;DIRIGENTI;US;UFFICIALI SUPERIORI;019222;MAGGIORE
2024;EEII;NF;DIRIGENTI;US;UFFICIALI SUPERIORI;0D0936;MAGGIORE CON 3 ANNI NEL GRADO
2024;EEII;NF;DIRIGENTI;US;UFFICIALI SUPERIORI;019312;TENENTE COLONNELLO
2024;EEII;NF;DIRIGENTI;US;UFFICIALI SUPERIORI;0D0528;MAGGIORE + 13 ANNI
2024;EEII;NF;DIRIGENTI;US;UFFICIALI SUPERIORI;0D0527;MAGGIORE + 23 ANNI
2024;EEII;NF;DIRIGENTI;US;UFFICIALI SUPERIORI;0D0526;TENENTE COLONNELLO + 13 ANNI
2024;EEII;NF;DIRIGENTI;US;UFFICIALI SUPERIORI;0D0935;TENENTE COLONNELLO + 18 ANNI
2024;EEII;NF;DIRIGENTI;US;UFFICIALI SUPERIORI;0D0525;TENENTE COLONNELLO + 23 ANNI
2024;EEII;NF;DIRIGENTI;US;UFFICIALI SUPERIORI;0D0217;COLONNELLO
2024;EEII;NF;DIRIGENTI;US;UFFICIALI SUPERIORI;0D0524;COLONNELLO + 23 ANNI
2024;EEII;NF;DIRIGENTI;UG;UFFICIALI GENERALI;0D0317;GENERALE DI BRIGATA
2024;EEII;NF;DIRIGENTI;UG;UFFICIALI GENERALI;0D0323;GENERALE DI DIVISIONE
2024;EEII;NF;DIRIGENTI;UG;UFFICIALI GENERALI;0D0328;GENERALE DI CORPO D'ARMATA
2024;EEII;NF;DIRIGENTI;UG;UFFICIALI GENERALI;0D0SGD;CAPO SM/SGD
2024;EEII;NF;DIRIGENTI;UG;UFFICIALI GENERALI;0D0SMD;CAPO SMD
2024;GGFF;NF;DIRIGENTI;US;UFFICIALI SUPERIORI;019222;MAGGIORE
2024;GGFF;NF;DIRIGENTI;US;UFFICIALI SUPERIORI;0D0936;MAGGIORE CON 3 ANNI NEL GRADO
2024;GGFF;NF;DIRIGENTI;US;UFFICIALI SUPERIORI;019312;TENENTE COLONNELLO
2024;GGFF;NF;DIRIGENTI;US;UFFICIALI SUPERIORI;0D0528;MAGGIORE + 13 ANNI
2024;GGFF;NF;DIRIGENTI;US;UFFICIALI SUPERIORI;0D0527;MAGGIORE + 23 ANNI
2024;GGFF;NF;DIRIGENTI;US;UFFICIALI SUPERIORI;0D0526;TENENTE COLONNELLO + 13 ANNI
2024;GGFF;NF;DIRIGENTI;US;UFFICIALI SUPERIORI;0D0935;TENENTE COLONNELLO + 18 ANNI
2024;GGFF;NF;DIRIGENTI;US;UFFICIALI SUPERIORI;0D0525;TENENTE COLONNELLO + 23 ANNI
2024;GGFF;NF;DIRIGENTI;US;UFFICIALI SUPERIORI;0D0217;COLONNELLO
2024;GGFF;NF;DIRIGENTI;US;UFFICIALI SUPERIORI;0D0524;COLONNELLO + 23 ANNI
2024;GGFF;NF;DIRIGENTI;UG;UFFICIALI GENERALI;0D0220;GENERALE DI BRIGATA
2024;GGFF;NF;DIRIGENTI;UG;UFFICIALI GENERALI;0D0221;GENERALE DI DIVISIONE
2024;GGFF;NF;DIRIGENTI;UG;UFFICIALI GENERALI;0D0554;GENERALE CORPO DI ARMATA
2024;GGFF;NF;DIRIGENTI;UG;UFFICIALI GENERALI;0D0219;COMANDANTE GENERALE
2024;MMAA;NF;DIRIGENTI;US;UFFICIALI SUPERIORI;019341;CAPITANO DI CORVETTA
2024;MMAA;NF;DIRIGENTI;US;UFFICIALI SUPERIORI;0D0957;CAPITANO DI CORVETTA CON 3 ANNI ANNI NEL GRADO
2024;MMAA;NF;DIRIGENTI;US;UFFICIALI SUPERIORI;019343;CAPITANO DI FREGATA
2024;MMAA;NF;DIRIGENTI;US;UFFICIALI SUPERIORI;0D0567;CAPITANO DI CORVETTA + 13 ANNI
2024;MMAA;NF;DIRIGENTI;US;UFFICIALI SUPERIORI;0D0566;CAPITANO DI CORVETTA + 23 ANNI
2024;MMAA;NF;DIRIGENTI;US;UFFICIALI SUPERIORI;0D0564;CAPITANO DI FREGATA + 13 ANNI
2024;MMAA;NF;DIRIGENTI;US;UFFICIALI SUPERIORI;0D0956;CAPITANO DI FREGATA + 18 ANNI
2024;MMAA;NF;DIRIGENTI;US;UFFICIALI SUPERIORI;0D0563;CAPITANO DI FREGATA + 23 ANNI
2024;MMAA;NF;DIRIGENTI;US;UFFICIALI SUPERIORI;0D0345;CAPITANO DI VASCELLO
2024;MMAA;NF;DIRIGENTI;US;UFFICIALI SUPERIORI;0D0562;CAPITANO DI VASCELLO + 23 ANNI
2024;MMAA;NF;DIRIGENTI;UG;UFFICIALI GENERALI;0D0334;CONTRAMMIRAGLIO
2024;MMAA;NF;DIRIGENTI;UG;UFFICIALI GENERALI;0D0339;AMMIRAGLIO DI DIVISIONE
2024;MMAA;NF;DIRIGENTI;UG;UFFICIALI GENERALI;0D0340;AMMIRAGLIO DI SQUADRA
2024;MMAA;NF;DIRIGENTI;UG;UFFICIALI GENERALI;0D0SGD;CAPO SM/SGD
2024;MMAA;NF;DIRIGENTI;UG;UFFICIALI GENERALI;0D0SMD;CAPO SMD
2024;RESI;ND;PERSONALE NON DIRIGENTE;CA;CATEGORIA A;028000;POSIZIONE ECONOMICA A4
2024;RESI;ND;PERSONALE NON DIRIGENTE;CA;CATEGORIA A;0A5000;POSIZIONE ECONOMICA A5
2024;RESI;ND;PERSONALE NON DIRIGENTE;CA;CATEGORIA A;0A6000;POSIZIONE ECONOMICA A6
2024;RESI;ND;PERSONALE NON DIRIGENTE;CB;CATEGORIA B;030CF0;POSIZIONE ECONOMICA B1 CORPO FORESTALE
2024;RESI;ND;PERSONALE NON DIRIGENTE;CB;CATEGORIA B;032CF0;POSIZIONE ECONOMICA B2 CORPO FORESTALE
2024;RESI;ND;PERSONALE NON DIRIGENTE;CB;CATEGORIA B;034CF0;POSIZIONE ECONOMICA B3 CORPO FORESTALE
2024;RESI;ND;PERSONALE NON DIRIGENTE;CB;CATEGORIA B;036CF0;POSIZIONE ECONOMICA B4 CORPO FORESTALE
2024;RESI;ND;PERSONALE NON DIRIGENTE;CB;CATEGORIA B;037CF0;POSIZIONE ECONOMICA B5 CORPO FORESTALE
2024;RESI;ND;PERSONALE NON DIRIGENTE;CB;CATEGORIA B;030000;POSIZIONE ECONOMICA B1
2024;RESI;ND;PERSONALE NON DIRIGENTE;CB;CATEGORIA B;032000;POSIZIONE ECONOMICA B2
2024;RESI;ND;PERSONALE NON DIRIGENTE;CB;CATEGORIA B;034000;POSIZIONE ECONOMICA B3
2024;RESI;ND;PERSONALE NON DIRIGENTE;CB;CATEGORIA B;036000;POSIZIONE ECONOMICA B4
2024;RESI;ND;PERSONALE NON DIRIGENTE;CB;CATEGORIA B;037000;POSIZIONE ECONOMICA B5
2024;RESI;ND;PERSONALE NON DIRIGENTE;CB;CATEGORIA B;038000;POSIZIONE ECONOMICA B6
2024;RESI;ND;PERSONALE NON DIRIGENTE;CB;CATEGORIA B;0B7000;POSIZIONE ECONOMICA B7
2024;RESI;ND;PERSONALE NON DIRIGENTE;CC;CATEGORIA C;040CF0;POSIZIONE ECONOMICA C1 CORPO FORESTALE
2024;RESI;ND;PERSONALE NON DIRIGENTE;CC;CATEGORIA C;042CF0;POSIZIONE ECONOMICA C2 CORPO FORESTALE
2024;RESI;ND;PERSONALE NON DIRIGENTE;CC;CATEGORIA C;043CF0;POSIZIONE ECONOMICA C3 CORPO FORESTALE
2024;RESI;ND;PERSONALE NON DIRIGENTE;CC;CATEGORIA C;045CF0;POSIZIONE ECONOMICA C4 CORPO FORESTALE
2024;RESI;ND;PERSONALE NON DIRIGENTE;CC;CATEGORIA C;046CF0;POSIZIONE ECONOMICA C5 CORPO FORESTALE
2024;RESI;ND;PERSONALE NON DIRIGENTE;CC;CATEGORIA C;097CF0;POSIZIONE ECONOMICA C6 CORPO FORESTALE
2024;RESI;ND;PERSONALE NON DIRIGENTE;CC;CATEGORIA C;0C7CF0;POSIZIONE ECONOMICA C7 CORPO FORESTALE
2024;RESI;ND;PERSONALE NON DIRIGENTE;CC;CATEGORIA C;0C8CF0;POSIZIONE ECONOMICA C8 CORPO FORESTALE
2024;RESI;ND;PERSONALE NON DIRIGENTE;CC;CATEGORIA C;0C9CF0;POSIZIONE ECONOMICA C9 CORPO FORESTALE
2024;RESI;ND;PERSONALE NON DIRIGENTE;CC;CATEGORIA C;040000;POSIZIONE ECONOMICA C1
2024;RESI;ND;PERSONALE NON DIRIGENTE;CC;CATEGORIA C;042000;POSIZIONE ECONOMICA C2
2024;RESI;ND;PERSONALE NON DIRIGENTE;CC;CATEGORIA C;043000;POSIZIONE ECONOMICA C3
2024;RESI;ND;PERSONALE NON DIRIGENTE;CC;CATEGORIA C;045000;POSIZIONE ECONOMICA C4
2024;RESI;ND;PERSONALE NON DIRIGENTE;CC;CATEGORIA C;046000;POSIZIONE ECONOMICA C5
2024;RESI;ND;PERSONALE NON DIRIGENTE;CC;CATEGORIA C;097000;POSIZIONE ECONOMICA C6
2024;RESI;ND;PERSONALE NON DIRIGENTE;CC;CATEGORIA C;0C7000;POSIZIONE ECONOMICA C7
2024;RESI;ND;PERSONALE NON DIRIGENTE;CC;CATEGORIA C;0C8000;POSIZIONE ECONOMICA C8
2024;RESI;ND;PERSONALE NON DIRIGENTE;CC;CATEGORIA C;0C9000;POSIZIONE ECONOMICA C9
2024;RESI;ND;PERSONALE NON DIRIGENTE;CD;CATEGORIA D;048CF0;POSIZIONE ECONOMICA D1 CORPO FORESTALE
2024;RESI;ND;PERSONALE NON DIRIGENTE;CD;CATEGORIA D;049CF0;POSIZIONE ECONOMICA D2 CORPO FORESTALE
2024;RESI;ND;PERSONALE NON DIRIGENTE;CD;CATEGORIA D;050CF0;POSIZIONE ECONOMICA D3 CORPO FORESTALE
2024;RESI;ND;PERSONALE NON DIRIGENTE;CD;CATEGORIA D;051CF0;POSIZIONE ECONOMICA D4 CORPO FORESTALE
2024;RESI;ND;PERSONALE NON DIRIGENTE;CD;CATEGORIA D;052CF0;POSIZIONE ECONOMICA D5 CORPO FORESTALE
2024;RESI;ND;PERSONALE NON DIRIGENTE;CD;CATEGORIA D;0D6CF0;POSIZIONE ECONOMICA D6 CORPO FORESTALE
2024;RESI;ND;PERSONALE NON DIRIGENTE;CD;CATEGORIA D;0D7CF0;POSIZIONE ECONOMICA D7 CORPO FORESTALE
2024;RESI;ND;PERSONALE NON DIRIGENTE;CD;CATEGORIA D;048000;POSIZIONE ECONOMICA D1
2024;RESI;ND;PERSONALE NON DIRIGENTE;CD;CATEGORIA D;049000;POSIZIONE ECONOMICA D2
2024;RESI;ND;PERSONALE NON DIRIGENTE;CD;CATEGORIA D;050000;POSIZIONE ECONOMICA D3
2024;RESI;ND;PERSONALE NON DIRIGENTE;CD;CATEGORIA D;051000;POSIZIONE ECONOMICA D4
2024;RESI;ND;PERSONALE NON DIRIGENTE;CD;CATEGORIA D;052000;POSIZIONE ECONOMICA D5
2024;RESI;ND;PERSONALE NON DIRIGENTE;CD;CATEGORIA D;0D6000;POSIZIONE ECONOMICA D6
2024;RESI;ND;PERSONALE NON DIRIGENTE;CD;CATEGORIA D;0D7000;POSIZIONE ECONOMICA D7
2024;REFR;SC;SEGRETARI;FP;SEGRETARI COMUNALI E PROVINCIALI;0D0103;SEGRETARIO B
2024;REFR;SC;SEGRETARI;FP;SEGRETARI COMUNALI E PROVINCIALI;0D0102;SEGRETARIO A
2024;RALN;NF;DIRIGENTI;DI;DIRIGENTI ;0D0165;DIRIGENTE A TEMPO DETERMINATO IN D.O.
2024;RALN;NF;DIRIGENTI;DI;DIRIGENTI ;0D0164;DIRIGENTE A TEMPO INDETERMINATO
2024;RALN;SC;SEGRETARI;FP;SEGRETARI COMUNALI E PROVINCIALI;0D0485;SEGRETARIO C
2024;RALN;SC;SEGRETARI;FP;SEGRETARI COMUNALI E PROVINCIALI;0D0103;SEGRETARIO B
2024;RALN;SC;SEGRETARI;FP;SEGRETARI COMUNALI E PROVINCIALI;0D0102;SEGRETARIO A
2024;RETN;ND;PERSONALE NON DIRIGENTE;CB;CATEGORIA B;033000;POSIZIONE ECONOMICA B2S
2024;RETN;ND;PERSONALE NON DIRIGENTE;CB;CATEGORIA B;055000;POSIZIONE ECONOMICA DI ACCESSO B3
2024;RETN;ND;PERSONALE NON DIRIGENTE;CB;CATEGORIA B;036000;POSIZIONE ECONOMICA B4
2024;RETN;ND;PERSONALE NON DIRIGENTE;CB;CATEGORIA B;04S000;POSIZIONE ECONOMICA B4S
2024;AVST;MG;PERSONALE DELLA MAGISTRATURA;G1;MAGISTRATI;0D0381;AVVOCATO GENERALE
2024;CCON;MG;PERSONALE DELLA MAGISTRATURA;G1;MAGISTRATI;0D0362;I REFERENDARIO
2024;CCON;MG;PERSONALE DELLA MAGISTRATURA;G1;MAGISTRATI;0D0COE;CONSIGLIERE CORTE DEI CONTI ED EQUIP.
2024;CSTA;MG;PERSONALE DELLA MAGISTRATURA;G1;MAGISTRATI;0D0376;REFERENDARIO
2024;CSTA;MG;PERSONALE DELLA MAGISTRATURA;G1;MAGISTRATI;0D0362;I REFERENDARIO
2024;CSTA;MG;PERSONALE DELLA MAGISTRATURA;G1;MAGISTRATI;0D0COE;CONSIGLIERE DI STATO ED EQUIP.
2024;CM09;NF;DIRIGENTI;US;UFFICIALI SUPERIORI;0D0545;III CAPPELLANO CAPO + 23 ANNI
2024;CM09;NF;DIRIGENTI;UG;UFFICIALI GENERALI;0D0191;ISPETTORE
2024;CM09;NF;DIRIGENTI;UG;UFFICIALI GENERALI;0D0292;VICARIO GENERALE
2024;CM09;NF;DIRIGENTI;UG;UFFICIALI GENERALI;0D0359;ORDINARIO MILITARE
2024;ENAC;R1;PROFESSIONISTI DI I QUALIFICA;1P;PROFESSIONISTI DI I QUALIFICA;0P1000;POSIZIONE ECONOMICA PI 1
2024;ENAC;R1;PROFESSIONISTI DI I QUALIFICA;1P;PROFESSIONISTI DI I QUALIFICA;0P2000;POSIZIONE ECONOMICA PI 2
2024;ENAC;R1;PROFESSIONISTI DI I QUALIFICA;1P;PROFESSIONISTI DI I QUALIFICA;0P3000;POSIZIONE ECONOMICA PI 3
2024;ENAC;R1;PROFESSIONISTI DI I QUALIFICA;1P;PROFESSIONISTI DI I QUALIFICA;0P4000;POSIZIONE ECONOMICA PI 4
2024;ENAC;R1;PROFESSIONISTI DI I QUALIFICA;1P;PROFESSIONISTI DI I QUALIFICA;0P4SUP;POSIZIONE ECONOMICA PI 4 SUPER
2024;ENAC;NF;DIRIGENTI;DI;DIRIGENTI ;0D0165;DIRIGENTE A TEMPO DETERMINATO
2024;ENAC;NF;DIRIGENTI;DI;DIRIGENTI ;0D0164;DIRIGENTE
2024;RETN;ND;PERSONALE NON DIRIGENTE;CC;CATEGORIA C;056000;POSIZIONE ECONOMICA DI ACCESSO C1
2024;RETN;ND;PERSONALE NON DIRIGENTE;CC;CATEGORIA C;042000;POSIZIONE ECONOMICA C2
2024;RETN;ND;PERSONALE NON DIRIGENTE;CC;CATEGORIA C;043000;POSIZIONE ECONOMICA C3
2024;RETN;NF;DIRIGENTI;DI;DIRIGENTI ;0D0099;QUALIFICA DIRIGENZIALE TEMPO DETER.
2024;RETN;NF;DIRIGENTI;DI;DIRIGENTI ;0D0104;SEGRETARIO GENERALE CCIAA
2024;RETN;NF;DIRIGENTI;DI;DIRIGENTI ;0D0100;QUALIFICA DIRIGENZIALE TEMPO INDET.
2024;UCAM;ND;PERSONALE NON DIRIGENTE;OP;OPERATORI;0OP1F2;OPERATORE A2
2024;UCAM;ND;PERSONALE NON DIRIGENTE;OP;OPERATORI;0OP1F3;OPERATORE A3
2024;UCAM;ND;PERSONALE NON DIRIGENTE;AT;ASSISTENTI;0AS2F1;ASSISTENTE B1
2024;UCAM;ND;PERSONALE NON DIRIGENTE;AT;ASSISTENTI;0AS2F2;ASSISTENTE B2
2024;UCAM;ND;PERSONALE NON DIRIGENTE;AT;ASSISTENTI;0AS2F3;ASSISTENTE B3
2024;UCAM;ND;PERSONALE NON DIRIGENTE;FU;FUNZIONARI;0FZFC3;FUNZIONARIO C3
2024;UCAM;ND;PERSONALE NON DIRIGENTE;FU;FUNZIONARI;0FZFC4;FUNZIONARIO C4
2024;ERIC;2F;DIRIGENTI DI 2^ FASCIA;D2;DIRIGENTI DI 2^ FASCIA;0D0080;DIRIGENTE II FASCIA A TEMPO DETERM.
2024;ERIC;2F;DIRIGENTI DI 2^ FASCIA;D2;DIRIGENTI DI 2^ FASCIA;0D0079;DIRIGENTE II FASCIA
2024;ERIC;1F;DIRIGENTI DI 1^ FASCIA;D1;DIRIGENTI DI 1^ FASCIA;0D0078;DIRIGENTE I FASCIA A TEMPO DETERM.
2024;ERIC;1F;DIRIGENTI DI 1^ FASCIA;D1;DIRIGENTI DI 1^ FASCIA;0D0077;DIRIGENTE I FASCIA
2024;REVA;NF;DIRIGENTI;DI;DIRIGENTI ;0D0164;DIRIGENTI
2024;REVA;NF;DIRIGENTI;FP;SEGRETARI COMUNALI E PROVINCIALI;0D0485;SEGRETARIO III FASCIA
2024;REVA;NF;DIRIGENTI;FP;SEGRETARI COMUNALI E PROVINCIALI;0D0103;SEGRETARIO II FASCIA
2024;REVA;NF;DIRIGENTI;FP;SEGRETARI COMUNALI E PROVINCIALI;0D0102;SEGRETARIO I FASCIA
2024;PRTN;ND;PERSONALE NON DIRIGENTE;VF;VIGILI DEL FUOCO;030VF1;VIGILI DEL FUOCO - VIGILE DEL FUOCO
2024;PRTN;ND;PERSONALE NON DIRIGENTE;VF;VIGILI DEL FUOCO;040DA2;VIGILI DEL FUOCO - FUNZ., COLLAB. CAPO E AN4
2024;PRTN;ND;PERSONALE NON DIRIGENTE;VF;VIGILI DEL FUOCO;032CS1;VIGILI DEL FUOCO - CAPO SQUADRA E AN1
2024;PRTN;ND;PERSONALE NON DIRIGENTE;VF;VIGILI DEL FUOCO;034CR2;VIGILI DEL FUOCO - CAPO REPARTO E AN2
2024;PRTN;ND;PERSONALE NON DIRIGENTE;CA;CATEGORIA A;053000;POSIZIONE ECONOMICA A UNICA
2024;PRTN;ND;PERSONALE NON DIRIGENTE;CB;CATEGORIA B;054000;POSIZIONE ECONOMICA B BASE
2024;PRTN;ND;PERSONALE NON DIRIGENTE;CC;CATEGORIA C;015191;FORESTALI - CAT. C  LIV. BASE
2024;PRTN;ND;PERSONALE NON DIRIGENTE;CC;CATEGORIA C;016192;FORESTALI - CAT. C  LIV. EVOLUTO
2024;PRTN;ND;PERSONALE NON DIRIGENTE;CC;CATEGORIA C;056000;POSIZIONE ECONOMICA  C BASE
2024;PRTN;ND;PERSONALE NON DIRIGENTE;CC;CATEGORIA C;0CE000;POSIZIONE ECONOMICA C EVOLUTA
2024;PRTN;ND;PERSONALE NON DIRIGENTE;CD;CATEGORIA D;057000;POSIZIONE ECONOMICA  D BASE
2024;PRTN;ND;PERSONALE NON DIRIGENTE;CD;CATEGORIA D;0DE000;POSIZIONE ECONOMICA D EVOLUTA
2024;PRTN;DV;PERSONALE DIRETTIVO;VD;DIRETTIVI;0D0679;DIRETTORE
2024;PRTN;NF;DIRIGENTI;DI;DIRIGENTI ;0D0079;DIRIGENTE I FASCIA COMUNI
2024;PRTN;NF;DIRIGENTI;DI;DIRIGENTI ;0D0077;DIRIGENTE II FASCIA COMUNI
2024;SSNA;NS;DIRIGENTI PROFESSIONALI, TECNICI E AMMINISTRATIVI;DP;DIR. RUOLO PROFESSIONALE;PD0607;ARCHITETTI DIR. A T.DETERMINATO(ART. 15-SEPTIES DLGS.502/92)
2024;SSNA;NS;DIRIGENTI PROFESSIONALI, TECNICI E AMMINISTRATIVI;DP;DIR. RUOLO PROFESSIONALE;PD0A03;ARCHITETTI DIRIG. CON ALTRI INCAR.PROF.LI
2024;SSNA;NS;DIRIGENTI PROFESSIONALI, TECNICI E AMMINISTRATIVI;DP;DIR. RUOLO PROFESSIONALE;PD0S03;ARCHITETTI DIRIG. CON INCARICO DI STRUTTURA SEMPLICE
2024;SSNA;NS;DIRIGENTI PROFESSIONALI, TECNICI E AMMINISTRATIVI;DP;DIR. RUOLO PROFESSIONALE;PD0004;ARCHITETTI DIRIG. CON INCARICO DI STRUTTURA COMPLESSA
2024;SSNA;NS;DIRIGENTI PROFESSIONALI, TECNICI E AMMINISTRATIVI;DP;DIR. RUOLO PROFESSIONALE;PD0606;INGEGNERE DIR. A T. DETERMINATO(ART.15-SEPTIES DLGS. 502/92)
2024;SSNA;NS;DIRIGENTI PROFESSIONALI, TECNICI E AMMINISTRATIVI;DP;DIR. RUOLO PROFESSIONALE;PD0A45;INGEGNERE DIRIG. CON ALTRI INCAR.PROF.LI
2024;SSNA;NS;DIRIGENTI PROFESSIONALI, TECNICI E AMMINISTRATIVI;DP;DIR. RUOLO PROFESSIONALE;PD0S45;INGEGNERE DIRIG. CON INCARICO DI STRUTTURA SEMPLICE
2024;SSNA;NS;DIRIGENTI PROFESSIONALI, TECNICI E AMMINISTRATIVI;DP;DIR. RUOLO PROFESSIONALE;PD0046;INGEGNERE DIRIG. CON INCARICO DI STRUTTURA COMPLESSA
2024;SSNA;NS;DIRIGENTI PROFESSIONALI, TECNICI E AMMINISTRATIVI;DP;DIR. RUOLO PROFESSIONALE;PD0605;AVVOCATO DIR. A T. DETERMINATO(ART. 15-SEPTIES DLGS. 502/92)
2024;SSNA;NS;DIRIGENTI PROFESSIONALI, TECNICI E AMMINISTRATIVI;DP;DIR. RUOLO PROFESSIONALE;PD0A09;AVVOCATO DIRIG. CON ALTRI INCAR.PROF.LI
2024;SSNA;NS;DIRIGENTI PROFESSIONALI, TECNICI E AMMINISTRATIVI;DP;DIR. RUOLO PROFESSIONALE;PD0S09;AVVOCATO DIRIG. CON INCARICO DI STRUTTURA SEMPLICE
2024;SSNA;NS;DIRIGENTI PROFESSIONALI, TECNICI E AMMINISTRATIVI;DP;DIR. RUOLO PROFESSIONALE;PD0010;AVVOCATO DIRIG. CON INCARICO DI STRUTTURA COMPLESSA
2024;SSNA;NS;DIRIGENTI PROFESSIONALI, TECNICI E AMMINISTRATIVI;DT;DIR. RUOLO TECNICO;TD0C02;DIR. AMBIENTALE CON INCARICO DI STRUTTURA COMPLESSA
2024;CNEL;1F;DIRIGENTI DI 1^ FASCIA;D1;DIRIGENTI DI 1^ FASCIA;0D0078;DIRIGENTE I FASCIA A TEMPO DETERM.
2024;RESI;ND;PERSONALE NON DIRIGENTE;CA;CATEGORIA A;023000;POSIZIONE ECONOMICA A1
2024;RESI;ND;PERSONALE NON DIRIGENTE;CA;CATEGORIA A;025000;POSIZIONE ECONOMICA A2
2024;RESI;ND;PERSONALE NON DIRIGENTE;CA;CATEGORIA A;027000;POSIZIONE ECONOMICA A3
2024;PRUN;PF;PROFESSORI E RICERCATORI;RI;RICERCATORI;0D0176;RICERCATORE TEMPO  DEF (RUOLO AD ESAURIMENTO)
2024;PRUN;PF;PROFESSORI E RICERCATORI;RI;RICERCATORI;0D0177;RICERCATORE TEMPO PIENO (RUOLO AD ESAURIMENTO)
2024;PRUN;PF;PROFESSORI E RICERCATORI;PR;PROFESSORI;0D0AD2;PROFESSORE ASSOCIATO TEMPO DEF. (II FASCIA) L. 240/2010
2024;PRUN;PF;PROFESSORI E RICERCATORI;PR;PROFESSORI;0D0AP2;PROFESSORE ASSOCIATO TEMPO PIENO (II FASCIA) L. 240/2010
2024;PRUN;PF;PROFESSORI E RICERCATORI;PR;PROFESSORI;0D0168;PROFESSORE ASSOCIATO TEMPO DEF (II FASCIA) REGIME PREVIGENTE
2024;PRUN;PF;PROFESSORI E RICERCATORI;PR;PROFESSORI;0D0169;PROFESSORE ASSOCIATO TEMPO PIENO (II FASCIA) REG.PREVIGENTE
2024;RETN;ND;PERSONALE NON DIRIGENTE;CB;CATEGORIA B;032000;POSIZIONE ECONOMICA B2
2024;RETN;ND;PERSONALE NON DIRIGENTE;CB;CATEGORIA B;054000;POSIZIONE ECONOMICA DI ACCESSO B1
2024;RETN;ND;PERSONALE NON DIRIGENTE;CA;CATEGORIA A;027000;POSIZIONE ECONOMICA A3
2024;RETN;ND;PERSONALE NON DIRIGENTE;CA;CATEGORIA A;025000;POSIZIONE ECONOMICA A2
2024;RETN;ND;PERSONALE NON DIRIGENTE;CA;CATEGORIA A;053000;POSIZIONE ECONOMICA DI ACCESSO A1
2024;CNEL;2F;DIRIGENTI DI 2^ FASCIA;D2;DIRIGENTI DI 2^ FASCIA;0D0080;DIRIGENTE II FASCIA A TEMPO DETERM.
2024;SSNA;NS;DIRIGENTI PROFESSIONALI, TECNICI E AMMINISTRATIVI;DT;DIR. RUOLO TECNICO;TD0611;SOCIOLOGO DIR. A T. DETERMINATO(ART.15-SEPTIES DLGS. 502/92)
2024;SSNA;NS;DIRIGENTI PROFESSIONALI, TECNICI E AMMINISTRATIVI;DT;DIR. RUOLO TECNICO;TD0A67;SOCIOLOGO DIRIG. CON ALTRI INCAR.PROF.LI
2024;SSNA;NS;DIRIGENTI PROFESSIONALI, TECNICI E AMMINISTRATIVI;DT;DIR. RUOLO TECNICO;TD0S67;SOCIOLOGO DIRIG. CON INCARICO DI STRUTTURA SEMPLICE
2024;SSNA;NS;DIRIGENTI PROFESSIONALI, TECNICI E AMMINISTRATIVI;DT;DIR. RUOLO TECNICO;TD0068;SOCIOLOGO DIRIG. CON INCARICO DI STRUTTURA COMPLESSA
2024;SSNA;NS;DIRIGENTI PROFESSIONALI, TECNICI E AMMINISTRATIVI;DT;DIR. RUOLO TECNICO;TD0610;STATISTICO DIR. A T.DETERMINATO(ART. 15-SEPTIES DLGS.502/92)
2024;CM10;NF;DIRIGENTI;US;UFFICIALI SUPERIORI;0D0549;I CAPPELLANO CAPO + 13 ANNI
2024;CM10;NF;DIRIGENTI;US;UFFICIALI SUPERIORI;0D0547;II CAPPELLANO CAPO +13 ANNI
2024;CM10;NF;DIRIGENTI;US;UFFICIALI SUPERIORI;0D0969;II CAPPELLANO  CAPO  +  18 (TEN.COL.)
2024;CM10;NF;DIRIGENTI;US;UFFICIALI SUPERIORI;0D0546;II CAPPELLANO CAPO + 23 ANNI
2024;CM10;NF;DIRIGENTI;UG;UFFICIALI GENERALI;0D0292;VICARIO GENERALE
2024;PRUN;PF;PROFESSORI E RICERCATORI;PR;PROFESSORI;0D0DO1;PROFESSORE ORDINARIO TEMPO DEF. (I FASCIA)  L. 240/2010
2024;PRUN;PF;PROFESSORI E RICERCATORI;PR;PROFESSORI;0D0PO1;PROFESSORE ORDINARIO TEMPO PIENO (I FASCIA)  L. 240/2010
2024;PRUN;PF;PROFESSORI E RICERCATORI;PR;PROFESSORI;0D0172;PROFESSORE ORDINARIO TEMPO DEF. (I FASCIA) REGIME PREVIGENTE
2024;PRUN;PF;PROFESSORI E RICERCATORI;PR;PROFESSORI;0D0173;PROFESSORE ORDINARIO TEMPO PIENO (I FASCIA)REG. PREVIGENTE
2024;SSNA;NS;DIRIGENTI PROFESSIONALI, TECNICI E AMMINISTRATIVI;DT;DIR. RUOLO TECNICO;TD0A70;STATISTICO DIRIG. CON ALTRI INCAR.PROF.LI
2024;SSNA;NS;DIRIGENTI PROFESSIONALI, TECNICI E AMMINISTRATIVI;DT;DIR. RUOLO TECNICO;TD0S70;STATISTICO DIRIG. CON INCARICO DI STRUTTURA SEMPLICE
2024;SSNA;NS;DIRIGENTI PROFESSIONALI, TECNICI E AMMINISTRATIVI;DT;DIR. RUOLO TECNICO;TD0071;STATISTICO DIRIG. CON INCARICO DI STRUTTURA COMPLESSA
2024;SSNA;NS;DIRIGENTI PROFESSIONALI, TECNICI E AMMINISTRATIVI;DT;DIR. RUOLO TECNICO;TD0609;ANALISTI DIR. A T. DETERMINATO(ART. 15-SEPTIES DLGS. 502/92)
2024;SSNA;NS;DIRIGENTI PROFESSIONALI, TECNICI E AMMINISTRATIVI;DT;DIR. RUOLO TECNICO;TD0A01;ANALISTI DIRIG. CON ALTRI INCAR.PROF.LI
2024;SSNA;NS;DIRIGENTI PROFESSIONALI, TECNICI E AMMINISTRATIVI;DT;DIR. RUOLO TECNICO;TD0S01;ANALISTI DIRIG. CON INCARICO DI STRUTTURA SEMPLICE
2024;SSNA;NS;DIRIGENTI PROFESSIONALI, TECNICI E AMMINISTRATIVI;DT;DIR. RUOLO TECNICO;TD0002;ANALISTI DIRIG. CON INCARICO DI STRUTTURA COMPLESSA
2024;SSNA;NS;DIRIGENTI PROFESSIONALI, TECNICI E AMMINISTRATIVI;DP;DIR. RUOLO PROFESSIONALE;PD0608;GEOLOGI  DIR. A T. DETERMINATO(ART. 15-SEPTIES DLGS. 502/92)
2024;SSNA;NS;DIRIGENTI PROFESSIONALI, TECNICI E AMMINISTRATIVI;DP;DIR. RUOLO PROFESSIONALE;PD0A43;GEOLOGI DIRIG. CON ALTRI INCAR.PROF.LI
2024;SSNA;NS;DIRIGENTI PROFESSIONALI, TECNICI E AMMINISTRATIVI;DP;DIR. RUOLO PROFESSIONALE;PD0S43;GEOLOGI DIRIG. CON INCARICO DI STRUTTURA SEMPLICE
2024;SSNA;NS;DIRIGENTI PROFESSIONALI, TECNICI E AMMINISTRATIVI;DP;DIR. RUOLO PROFESSIONALE;PD0044;GEOLOGI DIRIG. CON INCARICO DI STRUTTURA COMPLESSA
2024;REFR;NF;DIRIGENTI;DI;DIRIGENTI ;0D0099;QUALIFICA DIRIGENZIALE TEMPO DETER.
2024;REFR;NF;DIRIGENTI;DI;DIRIGENTI ;0D0100;QUALIFICA DIRIGENZIALE TEMPO INDET.
2024;REFR;SC;SEGRETARI;FP;SEGRETARI COMUNALI E PROVINCIALI;0D0485;SEGRETARIO C
2024;CM10;NF;DIRIGENTI;US;UFFICIALI SUPERIORI;019287;I CAPPELLANO CAPO
2024;CM10;NF;DIRIGENTI;US;UFFICIALI SUPERIORI;019355;II CAPPELLANO CAPO
2024;CM10;NF;DIRIGENTI;US;UFFICIALI SUPERIORI;0D0548;I CAPPELLANO CAPO + 23 ANNI
2024;CM10;NF;DIRIGENTI;US;UFFICIALI SUPERIORI;0D0545;III CAPPELLANO CAPO + 23 ANNI
2024;CM10;NF;DIRIGENTI;UG;UFFICIALI GENERALI;0D0191;ISPETTORE
2024;CM09;NF;DIRIGENTI;US;UFFICIALI SUPERIORI;0D0547;II CAPPELLANO CAPO +13 ANNI
2024;UCAM;ND;PERSONALE NON DIRIGENTE;AT;ASSISTENTI;0AS2F7;ASSISTENTE B7
2024;AVST;MG;PERSONALE DELLA MAGISTRATURA;G1;MAGISTRATI;0D0382;PROCURATORE I CLASSE
2024;AGID;ND;PERSONALE NON DIRIGENTE;OP;OPERATORI;0OP000;OPERATORI
2024;AGID;ND;PERSONALE NON DIRIGENTE;AT;ASSISTENTI;0AS000;ASSISTENTI
2024;AGID;ND;PERSONALE NON DIRIGENTE;FU;FUNZIONARI;0FZ000;FUNZIONARI
2024;AGID;ND;PERSONALE NON DIRIGENTE;EP;PERSONALE ELEVATE PROFESSIONALITA;0EP981;ELEVATE PROFESSIONALITA'
2024;AGID;2F;DIRIGENTI DI 2^ FASCIA;D2;DIRIGENTI DI 2^ FASCIA;0D0080;DIRIGENTE II FASCIA A TEMPO DETERM.
2024;AGID;2F;DIRIGENTI DI 2^ FASCIA;D2;DIRIGENTI DI 2^ FASCIA;0D0079;DIRIGENTE II FASCIA
2024;AGID;1F;DIRIGENTI DI 1^ FASCIA;D1;DIRIGENTI DI 1^ FASCIA;0D0078;DIRIGENTE I FASCIA A TEMPO DETERM.
2024;AGID;1F;DIRIGENTI DI 1^ FASCIA;D1;DIRIGENTI DI 1^ FASCIA;0D0077;DIRIGENTE I FASCIA
2024;CM10;NF;DIRIGENTI;UG;UFFICIALI GENERALI;0D0359;ORDINARIO MILITARE
2024;CM09;NF;DIRIGENTI;US;UFFICIALI SUPERIORI;019287;I CAPPELLANO CAPO
2024;CM09;NF;DIRIGENTI;US;UFFICIALI SUPERIORI;019970;I  CAPPELLANO  CAPO  CON 3 ANNI NEL GRADO (MAGG.)
2024;CM09;NF;DIRIGENTI;US;UFFICIALI SUPERIORI;019355;II CAPPELLANO CAPO
2024;CM09;NF;DIRIGENTI;US;UFFICIALI SUPERIORI;0D0549;I CAPPELLANO CAPO + 13 ANNI
2024;CM09;NF;DIRIGENTI;US;UFFICIALI SUPERIORI;0D0548;I CAPPELLANO CAPO + 23 ANNI
2024;CM09;NF;DIRIGENTI;US;UFFICIALI SUPERIORI;0D0969;II  CAPPELLANO  CAPO  +  18 (TEN.COL.)
2024;CM09;NF;DIRIGENTI;US;UFFICIALI SUPERIORI;0D0546;II CAPPELLANO CAPO + 23 ANNI
2024;SCTN;CO;PERSONALE DEL COMPARTO;DO;DOCENTI A TEMPO INDETERMINATO;014FPD;INSEGN. PER LA FORMAZ. PROF.LE NON LAUREATI
2024;SCTN;CO;PERSONALE DEL COMPARTO;DO;DOCENTI A TEMPO INDETERMINATO;016FPL;INSEGN. PER LA FORMAZ. PROF.LE LAUREATI
2024;SCTN;CO;PERSONALE DEL COMPARTO;DO;DOCENTI A TEMPO INDETERMINATO;014646;ASSISTENTI EDUCATORI - CAT. UNICA C
2024;EPNE;ME;MEDICI;MD;MEDICI;0D0496;MEDICO I FASCIA T.D.
2024;EPNE;ME;MEDICI;MD;MEDICI;0D0586;MEDICO II FASCIA T.D.
2024;EPNE;ME;MEDICI;MD;MEDICI;0D0585;MEDICO I FASCIA T.P.
2024;EPNE;ME;MEDICI;MD;MEDICI;0D0584;MEDICO II FASCIA T.P.
2024;EPNE;2F;DIRIGENTI DI 2^ FASCIA;D2;DIRIGENTI DI 2^ FASCIA;0D0080;DIRIGENTE II FASCIA A TEMPO DETERM.
2024;EPNE;2F;DIRIGENTI DI 2^ FASCIA;D2;DIRIGENTI DI 2^ FASCIA;0D0079;DIRIGENTE II FASCIA
2024;EPNE;1F;DIRIGENTI DI 1^ FASCIA;D1;DIRIGENTI DI 1^ FASCIA;0D0078;DIRIGENTE I FASCIA A TEMPO DETERM.
2024;EPNE;1F;DIRIGENTI DI 1^ FASCIA;D1;DIRIGENTI DI 1^ FASCIA;0D0077;DIRIGENTE I FASCIA
2024;UCAM;ND;PERSONALE NON DIRIGENTE;OP;OPERATORI;0OP1F1;OPERATORE A1
2024;UCAM;ND;PERSONALE NON DIRIGENTE;AT;ASSISTENTI;0AS2F4;ASSISTENTE B4
2024;UCAM;ND;PERSONALE NON DIRIGENTE;AT;ASSISTENTI;0AS2F5;ASSISTENTE B5
2024;UCAM;ND;PERSONALE NON DIRIGENTE;AT;ASSISTENTI;0AS2F6;ASSISTENTE B6
2024;UCAM;ND;PERSONALE NON DIRIGENTE;FU;FUNZIONARI;0FZFC1;FUNZIONARIO C1
2024;UCAM;ND;PERSONALE NON DIRIGENTE;FU;FUNZIONARI;0FZFC2;FUNZIONARIO C2
2024;UCAM;ND;PERSONALE NON DIRIGENTE;FU;FUNZIONARI;0FZFC5;FUNZIONARIO C5
2024;UCAM;ND;PERSONALE NON DIRIGENTE;FU;FUNZIONARI;000476;QUADRO INTERMEDIO
2024;CNEL;2F;DIRIGENTI DI 2^ FASCIA;D2;DIRIGENTI DI 2^ FASCIA;0D0079;DIRIGENTE II FASCIA
2024;CNEL;1F;DIRIGENTI DI 1^ FASCIA;D1;DIRIGENTI DI 1^ FASCIA;0D0077;DIRIGENTE I FASCIA
2024;PRTN;ND;PERSONALE NON DIRIGENTE;CB;CATEGORIA B;0BE000;POSIZIONE ECONOMICA B EVOLUTA
2024;PRTN;NF;DIRIGENTI;DI;DIRIGENTI ;0D0164;DIRIGENTE PAT
2024;PRTN;SC;SEGRETARI;FP;SEGRETARI COMUNALI E PROVINCIALI;0D0S4C;SEGRETARI COMUNALI DI IV CLASSE
2024;PRTN;SC;SEGRETARI;FP;SEGRETARI COMUNALI E PROVINCIALI;0D033C;SEGRETARI COMUNALI III CLASSE FINO A 3.000 AB.
2024;PRTN;SC;SEGRETARI;FP;SEGRETARI COMUNALI E PROVINCIALI;0D034C;SEGRETARI COMUNALI III CLASSE PIU' 3.000 AB.
2024;PRTN;SC;SEGRETARI;FP;SEGRETARI COMUNALI E PROVINCIALI;0D0105;SEGRETARI II CLASSE
2024;PRTN;SC;SEGRETARI;FP;SEGRETARI COMUNALI E PROVINCIALI;0D0S1C;SEGRETARI I CLASSE
2024;SSNA;NS;DIRIGENTI PROFESSIONALI, TECNICI E AMMINISTRATIVI;DT;DIR. RUOLO TECNICO;TD0S02;DIR. AMBIENTALE CON INCARICO DI STRUTTURA SEMPLICE
2024;SSNA;NS;DIRIGENTI PROFESSIONALI, TECNICI E AMMINISTRATIVI;DT;DIR. RUOLO TECNICO;TD0A02;DIR. AMBIENTALE CON ALTRI INCAR.PROF.LI
2024;SSNA;NS;DIRIGENTI PROFESSIONALI, TECNICI E AMMINISTRATIVI;DT;DIR. RUOLO TECNICO;TD0810;DIR. AMBIENTALE A T.DETERMINATO (ART.15-SEPTIES DLGS 502/92)
2024;SSNA;NS;DIRIGENTI PROFESSIONALI, TECNICI E AMMINISTRATIVI;DA;DIR. RUOLO AMMINISTRATIVO;AD0032;DIRIGENTE AMM.VO CON INCARICO DI STRUTTURA COMPLESSA
2024;SSNA;NS;DIRIGENTI PROFESSIONALI, TECNICI E AMMINISTRATIVI;DA;DIR. RUOLO AMMINISTRATIVO;AD0S31;DIRIGENTE AMM.VO CON INCARICO DI STRUTTURA SEMPLICE
2024;SSNA;NS;DIRIGENTI PROFESSIONALI, TECNICI E AMMINISTRATIVI;DA;DIR. RUOLO AMMINISTRATIVO;AD0A31;DIRIGENTE AMM.VO CON ALTRI INCAR.PROF.LI
2024;SSNA;NS;DIRIGENTI PROFESSIONALI, TECNICI E AMMINISTRATIVI;DA;DIR. RUOLO AMMINISTRATIVO;AD0612;DIRIG. AMM.VO A T. DETERMINATO (ART. 15-SEPTIES DLGS.502/92)
2024;SSNA;ND;PERSONALE NON DIRIGENTE;RR;PROFILI RUOLO RICERCA SANITARIA;N18694;RICERCATORE SANITARIO
2024;SSNA;ND;PERSONALE NON DIRIGENTE;RR;PROFILI RUOLO RICERCA SANITARIA;N16695;COLLABORATORE PROF.LE  DI RICERCA SANITARIA
2024;PRUN;PF;PROFESSORI E RICERCATORI;RI;RICERCATORI;0D0TK3;RICERCATORE TENURE TRACK TEMPO PIENO MAX (30%)
2024;PRUN;PF;PROFESSORI E RICERCATORI;RI;RICERCATORI;0D0TK2;RICERCATORE TENURE TRACK TEMPO DEFINITO
2024;PRUN;PF;PROFESSORI E RICERCATORI;RI;RICERCATORI;0D0RTP;RICERCATORE T.PIENO T.D. L. 240/10 ART. 24, C. 3, LETT.B
2024;PRUN;PF;PROFESSORI E RICERCATORI;RI;RICERCATORI;0D0TK1;RICERCATORE TENURE TRACK TEMPO PIENO
2024;UNIV;ND;PERSONALE NON DIRIGENTE;CO;COLLABORATORI;0CL000;COLLABORATORI
2024;UNIV;ND;PERSONALE NON DIRIGENTE;FU;FUNZIONARI;0FZ000;FUNZIONARI
2024;UNIV;ND;PERSONALE NON DIRIGENTE;EP;PERSONALE ELEVATE PROFESSIONALITA;0EP981;ELEVATE PROFESSIONALITA'
2024;UNIV;2F;DIRIGENTI DI 2^ FASCIA;D2;DIRIGENTI DI 2^ FASCIA;0D0080;DIRIGENTE II FASCIA A TEMPO DETERM.
2024;UNIV;2F;DIRIGENTI DI 2^ FASCIA;D2;DIRIGENTI DI 2^ FASCIA;0D0079;DIRIGENTE II FASCIA
2024;CM10;NF;DIRIGENTI;US;UFFICIALI SUPERIORI;019970;I  CAPPELLANO  CAPO  CON 3 ANNI NEL GRADO (MAGG.)
2024;MGOR;MG;PERSONALE DELLA MAGISTRATURA;G1;MAGISTRATI;0D0MT9;MAGISTRATI ORDINARI IN TIROCINIO
2024;MGOR;MG;PERSONALE DELLA MAGISTRATURA;G1;MAGISTRATI;0D0MT8;MAGISTRATI ORDINARI
2024;MGOR;MG;PERSONALE DELLA MAGISTRATURA;G1;MAGISTRATI;0D0MT7;MAGISTRATI ORDINARI  I  VALUT. PROF.
2024;MGOR;MG;PERSONALE DELLA MAGISTRATURA;G1;MAGISTRATI;0D0MT6;MAGISTRATI ORDINARI DOPO 1 ANNO DALLA III VALUT. PROF.
2024;MGOR;MG;PERSONALE DELLA MAGISTRATURA;G1;MAGISTRATI;0D0MT5;MAGISTRATI ORDINARI V VALUT. PROF.
2024;MGOR;MG;PERSONALE DELLA MAGISTRATURA;G1;MAGISTRATI;0D0MT4;MAGISTRATI ORDINARI VII VALUT. PROF.
2024;MGOR;MG;PERSONALE DELLA MAGISTRATURA;G1;MAGISTRATI;0D0MT3;MAGISTRATI CON FUNZIONI DIRETTIVE SUPERIORI DI LEGITTIMIT?
2024;MGOR;MG;PERSONALE DELLA MAGISTRATURA;G1;MAGISTRATI;0D0MT2;MAGIST. CON FUNZ. DIRETT. APICALI REQUIRENTI DI LEGITTIMIT?
2024;MGOR;MG;PERSONALE DELLA MAGISTRATURA;G1;MAGISTRATI;0D0MT1;MAGIST.  CON FUNZ. DIRETT. APICALI GIUDICANTI DI LEGITTIMIT?
2024;MAMI;MG;PERSONALE DELLA MAGISTRATURA;G1;MAGISTRATI;0D0395;UDITORE GIUDIZIARIO MILITARE
2024;MAMI;MG;PERSONALE DELLA MAGISTRATURA;G1;MAGISTRATI;0D0390;MAGISTRATO DI TRIBUNALE
2024;MAMI;MG;PERSONALE DELLA MAGISTRATURA;G1;MAGISTRATI;0D0391;MAGISTRATO DI TRIBUNALE CON PIU' 3 ANNI
2024;MAMI;MG;PERSONALE DELLA MAGISTRATURA;G1;MAGISTRATI;0D0387;MAGISTRATO CORTE D'APPELLO
2024;MAMI;MG;PERSONALE DELLA MAGISTRATURA;G1;MAGISTRATI;0D0389;MAGISTRATO CORTE DI CASSAZIONE
2024;MAMI;MG;PERSONALE DELLA MAGISTRATURA;G1;MAGISTRATI;0D0388;MAGISTRATO CORTE DI CASS. CON F. SUP.
2024;UNIV;ND;PERSONALE NON DIRIGENTE;OP;OPERATORI;0OP000;OPERATORI
2024;PRUN;PF;PROFESSORI E RICERCATORI;RI;RICERCATORI;0D0RTD;RICERCATORE T.DEF, T.D. L.240/10 ART.24, C.3, LETT. B
2024;CCON;MG;PERSONALE DELLA MAGISTRATURA;G1;MAGISTRATI;0D0PGE;PROCURATORE GENERALE ED EQUIP.
2024;CCON;MG;PERSONALE DELLA MAGISTRATURA;G1;MAGISTRATI;0D0364;PRESIDENTE
2024;SCTN;CO;PERSONALE DEL COMPARTO;SA;PERSONALE A.T.A. A TEMPO INDETERMINATO;098701;POSIZIONE ECONOMICA A
2024;SCTN;CO;PERSONALE DEL COMPARTO;SA;PERSONALE A.T.A. A TEMPO INDETERMINATO;012117;POSIZIONE ECONOMICA B - LIV. ES.
2024;SCTN;CO;PERSONALE DEL COMPARTO;SA;PERSONALE A.T.A. A TEMPO INDETERMINATO;012119;POSIZIONE ECONOMICA B
2024;SCTN;CO;PERSONALE DEL COMPARTO;SA;PERSONALE A.T.A. A TEMPO INDETERMINATO;013499;POSIZIONE ECONOMICA C - LIV. ES.
2024;SCTN;CO;PERSONALE DEL COMPARTO;SA;PERSONALE A.T.A. A TEMPO INDETERMINATO;013498;POSIZIONE ECONOMICA C
2024;SCTN;CO;PERSONALE DEL COMPARTO;SA;PERSONALE A.T.A. A TEMPO INDETERMINATO;013159;POSIZIONE ECONOMICA D
2024;SCTN;CO;PERSONALE DEL COMPARTO;DO;DOCENTI A TEMPO INDETERMINATO;014155;INSEGN. SCUOLA INFANZIA CAT. UNICA INSEGN.
2024;SCTN;CO;PERSONALE DEL COMPARTO;DO;DOCENTI A TEMPO INDETERMINATO;014SIC;INSEGN. SCUOLA INFANZIA CAT. UNICA COORDINATORI
