ANNO;CODI_CATASTALE;DESC_CODICE_CATASTALE;CODI_PROVINCIA;DESC_PROVINCIA;CODI_REGIONE;DESC_REGIONE
2024;A826;BESOZZO;VA;VARESE;R00090;LOMBARDIA
2024;A827;BESSUDE;SS;SASSARI;R00143;SARDEGNA
2024;A831;BETTOLA;PC;PIACENZA;R00054;EMILIA-ROMAGNA
2024;A832;BETTONA;PG;PERUGIA;R00189;UMBRIA
2024;A834;BEURA-CARDEZZA;VB;VERBANO-CUSIO-OSSOLA;R00125;PIEMONTE
2024;A835;BEVAGNA;PG;PERUGIA;R00189;UMBRIA
2024;A836;BEVERINO;SP;LA SPEZIA;R00081;LIGURIA
2024;A837;BEVILACQUA;VR;VERONA;R00205;VENETO
2024;A841;BIANCAVILLA;CT;CATANIA;R00152;SICILIA
2024;A842;BIANCHI;CS;COSENZA;R00036;CALABRIA
2024;A760;BELMONTE PICENO;FM;FERMO;R00107;MARCHE
2024;A678;BARREA;AQ;L'AQUILA;R00018;ABRUZZO
2024;A683;BARZAGO;LC;LECCO;R00090;LOMBARDIA
2024;A684;BARZANA;BG;BERGAMO;R00090;LOMBARDIA
2024;A686;BARZANO';LC;LECCO;R00090;LOMBARDIA
2024;A687;BARZIO;LC;LECCO;R00090;LOMBARDIA
2024;A689;BASALUZZO;AL;ALESSANDRIA;R00125;PIEMONTE
2024;A690;BASCAPE';PV;PAVIA;R00090;LOMBARDIA
2024;A691;BASCHI;TR;TERNI;R00189;UMBRIA
2024;A692;BASCIANO;TE;TERAMO;R00018;ABRUZZO
2024;A694;BASELGA DI PINE';TN;TRENTO;R00214;PROVINCIA AUTONOMA TRENTO
2024;A696;BASELICE;BN;BENEVENTO;R00045;CAMPANIA
2024;A697;BASIANO;MI;MILANO;R00090;LOMBARDIA
2024;A698;BASICO';ME;MESSINA;R00152;SICILIA
2024;A699;BASIGLIO;MI;MILANO;R00090;LOMBARDIA
2024;A700;BASILIANO;UD;UDINE;R00063;FRIULI-VENEZIA GIULIA
2024;A701;VASANELLO;VT;VITERBO;R00072;LAZIO
2024;A702;BASSANO BRESCIANO;BS;BRESCIA;R00090;LOMBARDIA
2024;A196;ALIANO;MT;MATERA;R00027;BASILICATA
2024;A197;ALICE BEL COLLE;AL;ALESSANDRIA;R00125;PIEMONTE
2024;A198;ALICE CASTELLO;VC;VERCELLI;R00125;PIEMONTE
2024;A200;ALIFE;CE;CASERTA;R00045;CAMPANIA
2024;A201;ALI' TERME;ME;MESSINA;R00152;SICILIA
2024;A202;ALIMENA;PA;PALERMO;R00152;SICILIA
2024;A203;ALIMINUSA;PA;PALERMO;R00152;SICILIA
2024;A204;ALLAI;OR;ORISTANO;R00143;SARDEGNA
2024;A205;ALLEIN;AO;AOSTA;R00198;VALLE D'AOSTA/VALLÉE D'AOSTE
2024;A206;ALLEGHE;BL;BELLUNO;R00205;VENETO
2024;A207;ALLERONA;TR;TERNI;R00189;UMBRIA
2024;A208;ALLISTE;LE;LECCE;R00134;PUGLIA
2024;A210;ALLUMIERE;RM;ROMA;R00072;LAZIO
2024;A214;ALME';BG;BERGAMO;R00090;LOMBARDIA
2024;A215;VILLA D'ALME';BG;BERGAMO;R00090;LOMBARDIA
2024;A216;ALMENNO SAN BARTOLOMEO;BG;BERGAMO;R00090;LOMBARDIA
2024;A217;ALMENNO SAN SALVATORE;BG;BERGAMO;R00090;LOMBARDIA
2024;A218;ALMESE;TO;TORINO;R00125;PIEMONTE
2024;A220;ALONTE;VI;VICENZA;R00205;VENETO
2024;A221;ALPETTE;TO;TORINO;R00125;PIEMONTE
2024;A222;ALPIGNANO;TO;TORINO;R00125;PIEMONTE
2024;A223;ALSENO;PC;PIACENZA;R00054;EMILIA-ROMAGNA
2024;A224;ALSERIO;CO;COMO;R00090;LOMBARDIA
2024;A225;ALTAMURA;BA;BARI;R00134;PUGLIA
2024;A226;ALTARE;SV;SAVONA;R00081;LIGURIA
2024;A227;ALTAVILLA MONFERRATO;AL;ALESSANDRIA;R00125;PIEMONTE
2024;A228;ALTAVILLA IRPINA;AV;AVELLINO;R00045;CAMPANIA
2024;A229;ALTAVILLA MILICIA;PA;PALERMO;R00152;SICILIA
2024;A230;ALTAVILLA SILENTINA;SA;SALERNO;R00045;CAMPANIA
2024;A231;ALTAVILLA VICENTINA;VI;VICENZA;R00205;VENETO
2024;A233;ALTIDONA;FM;FERMO;R00107;MARCHE
2024;A234;ALTILIA;CS;COSENZA;R00036;CALABRIA
2024;A235;ALTINO;CH;CHIETI;R00018;ABRUZZO
2024;A236;ALTISSIMO;VI;VICENZA;R00205;VENETO
2024;A237;ALTIVOLE;TV;TREVISO;R00205;VENETO
2024;A238;ALTO;CN;CUNEO;R00125;PIEMONTE
2024;A239;ALTOFONTE;PA;PALERMO;R00152;SICILIA
2024;A240;ALTOMONTE;CS;COSENZA;R00036;CALABRIA
2024;A241;ALTOPASCIO;LU;LUCCA;R00161;TOSCANA
2024;A242;ALVIANO;TR;TERNI;R00189;UMBRIA
2024;A243;ALVIGNANO;CE;CASERTA;R00045;CAMPANIA
2024;A244;ALVITO;FR;FROSINONE;R00072;LAZIO
2024;A245;ALZANO SCRIVIA;AL;ALESSANDRIA;R00125;PIEMONTE
2024;A246;ALZANO LOMBARDO;BG;BERGAMO;R00090;LOMBARDIA
2024;A171;ALBONESE;PV;PAVIA;R00090;LOMBARDIA
2024;A084;AGOSTA;RM;ROMA;R00072;LAZIO
2024;A085;AGRA;VA;VARESE;R00090;LOMBARDIA
2024;A087;AGRATE BRIANZA;MB;MONZA E BRIANZA;R00090;LOMBARDIA
2024;A088;AGRATE CONTURBIA;NO;NOVARA;R00125;PIEMONTE
2024;A089;AGRIGENTO;AG;AGRIGENTO;R00152;SICILIA
2024;A091;AGROPOLI;SA;SALERNO;R00045;CAMPANIA
2024;A092;AGUGLIANO;AN;ANCONA;R00107;MARCHE
2024;A093;AGUGLIARO;VI;VICENZA;R00205;VENETO
2024;A094;AYAS;AO;AOSTA;R00198;VALLE D'AOSTA/VALLÉE D'AOSTE
2024;A096;AICURZIO;MB;MONZA E BRIANZA;R00090;LOMBARDIA
2024;A097;AIDOMAGGIORE;OR;ORISTANO;R00143;SARDEGNA
2024;A098;AIDONE;EN;ENNA;R00152;SICILIA
2024;A100;AIELLI;AQ;L'AQUILA;R00018;ABRUZZO
2024;A101;AIELLO DEL SABATO;AV;AVELLINO;R00045;CAMPANIA
2024;A102;AIELLO CALABRO;CS;COSENZA;R00036;CALABRIA
2024;A103;AIELLO DEL FRIULI;UD;UDINE;R00063;FRIULI-VENEZIA GIULIA
2024;A105;AIETA;CS;COSENZA;R00036;CALABRIA
2024;A106;AILANO;CE;CASERTA;R00045;CAMPANIA
2024;A107;AILOCHE;BI;BIELLA;R00125;PIEMONTE
2024;A108;AYMAVILLES;AO;AOSTA;R00198;VALLE D'AOSTA/VALLÉE D'AOSTE
2024;A109;AIRASCA;TO;TORINO;R00125;PIEMONTE
2024;A110;AIROLA;BN;BENEVENTO;R00045;CAMPANIA
2024;A111;AIROLE;IM;IMPERIA;R00081;LIGURIA
2024;A112;AIRUNO;LC;LECCO;R00090;LOMBARDIA
2024;A113;AISONE;CN;CUNEO;R00125;PIEMONTE
2024;A116;ALA;TN;TRENTO;R00214;PROVINCIA AUTONOMA TRENTO
2024;A117;ALA DI STURA;TO;TORINO;R00125;PIEMONTE
2024;A118;ALAGNA;PV;PAVIA;R00090;LOMBARDIA
2024;A119;ALAGNA VALSESIA;VC;VERCELLI;R00125;PIEMONTE
2024;A120;ALANNO;PE;PESCARA;R00018;ABRUZZO
2024;A122;ALASSIO;SV;SAVONA;R00081;LIGURIA
2024;A123;ALATRI;FR;FROSINONE;R00072;LAZIO
2024;A124;ALBA;CN;CUNEO;R00125;PIEMONTE
2024;A125;ALBA ADRIATICA;TE;TERAMO;R00018;ABRUZZO
2024;A126;ALBAGIARA;OR;ORISTANO;R00143;SARDEGNA
2024;A127;ALBAIRATE;MI;MILANO;R00090;LOMBARDIA
2024;A128;ALBANELLA;SA;SALERNO;R00045;CAMPANIA
2024;A129;ALBANO SANT'ALESSANDRO;BG;BERGAMO;R00090;LOMBARDIA
2024;A130;ALBANO VERCELLESE;VC;VERCELLI;R00125;PIEMONTE
2024;A131;ALBANO DI LUCANIA;PZ;POTENZA;R00027;BASILICATA
2024;A132;ALBANO LAZIALE;RM;ROMA;R00072;LAZIO
2024;A135;ALBAREDO PER SAN MARCO;SO;SONDRIO;R00090;LOMBARDIA
2024;A137;ALBAREDO D'ADIGE;VR;VERONA;R00205;VENETO
2024;A138;ALBARETO;PR;PARMA;R00054;EMILIA-ROMAGNA
2024;A139;ALBARETTO DELLA TORRE;CN;CUNEO;R00125;PIEMONTE
2024;A143;ALBAVILLA;CO;COMO;R00090;LOMBARDIA
2024;A145;ALBENGA;SV;SAVONA;R00081;LIGURIA
2024;A146;ALBERA LIGURE;AL;ALESSANDRIA;R00125;PIEMONTE
2024;A149;ALBEROBELLO;BA;BARI;R00134;PUGLIA
2024;A150;ALBERONA;FG;FOGGIA;R00134;PUGLIA
2024;A153;ALBESE CON CASSANO;CO;COMO;R00090;LOMBARDIA
2024;A154;ALBETTONE;VI;VICENZA;R00205;VENETO
2024;A155;ALBI;CZ;CATANZARO;R00036;CALABRIA
2024;A157;ALBIANO D'IVREA;TO;TORINO;R00125;PIEMONTE
2024;A158;ALBIANO;TN;TRENTO;R00214;PROVINCIA AUTONOMA TRENTO
2024;A159;ALBIATE;MB;MONZA E BRIANZA;R00090;LOMBARDIA
2024;A160;ALBIDONA;CS;COSENZA;R00036;CALABRIA
2024;A161;ALBIGNASEGO;PD;PADOVA;R00205;VENETO
2024;A162;ALBINEA;RE;REGGIO EMILIA;R00054;EMILIA-ROMAGNA
2024;A163;ALBINO;BG;BERGAMO;R00090;LOMBARDIA
2024;A164;ALBIOLO;CO;COMO;R00090;LOMBARDIA
2024;A165;ALBISSOLA MARINA;SV;SAVONA;R00081;LIGURIA
2024;A166;ALBISOLA SUPERIORE;SV;SAVONA;R00081;LIGURIA
2024;A167;ALBIZZATE;VA;VARESE;R00090;LOMBARDIA
2024;A083;AGORDO;BL;BELLUNO;R00205;VENETO
2024;A004;ABBADIA CERRETO;LO;LODI;R00090;LOMBARDIA
2024;A005;ABBADIA LARIANA;LC;LECCO;R00090;LOMBARDIA
2024;A006;ABBADIA SAN SALVATORE;SI;SIENA;R00161;TOSCANA
2024;A007;ABBASANTA;OR;ORISTANO;R00143;SARDEGNA
2024;A008;ABBATEGGIO;PE;PESCARA;R00018;ABRUZZO
2024;A010;ABBIATEGRASSO;MI;MILANO;R00090;LOMBARDIA
2024;A013;ABRIOLA;PZ;POTENZA;R00027;BASILICATA
2024;A014;ACATE;RG;RAGUSA;R00152;SICILIA
2024;A015;ACCADIA;FG;FOGGIA;R00134;PUGLIA
2024;A016;ACCEGLIO;CN;CUNEO;R00125;PIEMONTE
2024;A017;ACCETTURA;MT;MATERA;R00027;BASILICATA
2024;A018;ACCIANO;AQ;L'AQUILA;R00018;ABRUZZO
2024;A019;ACCUMOLI;RI;RIETI;R00072;LAZIO
2024;A020;ACERENZA;PZ;POTENZA;R00027;BASILICATA
2024;A022;CERMES;BZ;BOLZANO;R00223;PROVINCIA AUTONOMA BOLZANO
2024;A023;ACERNO;SA;SALERNO;R00045;CAMPANIA
2024;A024;ACERRA;NA;NAPOLI;R00045;CAMPANIA
2024;A025;ACI BONACCORSI;CT;CATANIA;R00152;SICILIA
2024;A026;ACI CASTELLO;CT;CATANIA;R00152;SICILIA
2024;A027;ACI CATENA;CT;CATANIA;R00152;SICILIA
2024;A028;ACIREALE;CT;CATANIA;R00152;SICILIA
2024;A029;ACI SANT'ANTONIO;CT;CATANIA;R00152;SICILIA
2024;A032;ACQUAFONDATA;FR;FROSINONE;R00072;LAZIO
2024;A033;ACQUAFORMOSA;CS;COSENZA;R00036;CALABRIA
2024;A034;ACQUAFREDDA;BS;BRESCIA;R00090;LOMBARDIA
2024;A035;ACQUALAGNA;PU;PESARO - URBINO;R00107;MARCHE
2024;A038;ACQUANEGRA SUL CHIESE;MN;MANTOVA;R00090;LOMBARDIA
2024;A039;ACQUANEGRA CREMONESE;CR;CREMONA;R00090;LOMBARDIA
2024;A040;ACQUAPENDENTE;VT;VITERBO;R00072;LAZIO
2024;A041;ACQUAPPESA;CS;COSENZA;R00036;CALABRIA
2024;A043;ACQUARO;VV;VIBO VALENTIA;R00036;CALABRIA
2024;A044;ACQUASANTA TERME;AP;ASCOLI PICENO;R00107;MARCHE
2024;A045;ACQUASPARTA;TR;TERNI;R00189;UMBRIA
2024;A047;ACQUAVIVA PICENA;AP;ASCOLI PICENO;R00107;MARCHE
2024;A048;ACQUAVIVA DELLE FONTI;BA;BARI;R00134;PUGLIA
2024;A049;ACQUAVIVA PLATANI;CL;CALTANISSETTA;R00152;SICILIA
2024;A050;ACQUAVIVA COLLECROCE;CB;CAMPOBASSO;R00116;MOLISE
2024;A051;ACQUAVIVA D'ISERNIA;IS;ISERNIA;R00116;MOLISE
2024;A052;ACQUI TERME;AL;ALESSANDRIA;R00125;PIEMONTE
2024;A053;ACRI;CS;COSENZA;R00036;CALABRIA
2024;A054;ACUTO;FR;FROSINONE;R00072;LAZIO
2024;A055;ADELFIA;BA;BARI;R00134;PUGLIA
2024;A056;ADRANO;CT;CATANIA;R00152;SICILIA
2024;A057;ADRARA SAN MARTINO;BG;BERGAMO;R00090;LOMBARDIA
2024;A058;ADRARA SAN ROCCO;BG;BERGAMO;R00090;LOMBARDIA
2024;A059;ADRIA;RO;ROVIGO;R00205;VENETO
2024;A060;ADRO;BS;BRESCIA;R00090;LOMBARDIA
2024;A061;AFFI;VR;VERONA;R00205;VENETO
2024;A062;AFFILE;RM;ROMA;R00072;LAZIO
2024;A064;AFRAGOLA;NA;NAPOLI;R00045;CAMPANIA
2024;A065;AFRICO;RC;REGGIO CALABRIA;R00036;CALABRIA
2024;A067;AGAZZANO;PC;PIACENZA;R00054;EMILIA-ROMAGNA
2024;A068;AGEROLA;NA;NAPOLI;R00045;CAMPANIA
2024;A070;AGIRA;EN;ENNA;R00152;SICILIA
2024;A001;ABANO TERME;PD;PADOVA;R00205;VENETO
2024;A071;AGLIANA;PT;PISTOIA;R00161;TOSCANA
2024;A072;AGLIANO;AT;ASTI;R00125;PIEMONTE
2024;A074;AGLIE';TO;TORINO;R00125;PIEMONTE
2024;A075;AGNA;PD;PADOVA;R00205;VENETO
2024;A076;AGNADELLO;CR;CREMONA;R00090;LOMBARDIA
2024;A077;AGNANA CALABRA;RC;REGGIO CALABRIA;R00036;CALABRIA
2024;A080;AGNONE;IS;ISERNIA;R00116;MOLISE
2024;A081;VILLA LATINA;FR;FROSINONE;R00072;LAZIO
2024;A082;AGNOSINE;BS;BRESCIA;R00090;LOMBARDIA
2024;M309;FONTE NUOVA;RM;ROMA;R00072;LAZIO
2024;I162;SAN SIRO;CO;COMO;R00090;LOMBARDIA
2024;M303;RONZO-CHIENIS;TN;TRENTO;R00214;PROVINCIA AUTONOMA TRENTO
2024;M259;VIDDALBA;SS;SASSARI;R00143;SARDEGNA
2024;M268;BLUFI;PA;PALERMO;R00152;SICILIA
2024;I721;SIAPICCIA;OR;ORISTANO;R00143;SARDEGNA
2024;M279;PRIOLO GARGALLO;SR;SIRACUSA;R00152;SICILIA
2024;F043;SAN MARCO EVANGELISTA;CE;CASERTA;R00045;CAMPANIA
2024;M267;ZAPPONETA;FG;FOGGIA;R00134;PUGLIA
2024;M269;PATERNO PZ;PZ;POTENZA;R00027;BASILICATA
2024;M277;SAN FERDINANDO;RC;REGGIO CALABRIA;R00036;CALABRIA
2024;D214;CURCURIS;OR;ORISTANO;R00143;SARDEGNA
2024;I778;SODDI';OR;ORISTANO;R00143;SARDEGNA
2024;M271;MAZZARRONE;CT;CATANIA;R00152;SICILIA
2024;M272;CIAMPINO;RM;ROMA;R00072;LAZIO
2024;M282;TERGU;SS;SASSARI;R00143;SARDEGNA
2024;M281;PETROSINO;TP;TRAPANI;R00152;SICILIA
2024;M273;S. MARIA LA CARITA';NA;NAPOLI;R00045;CAMPANIA
2024;M280;TRECASE;NA;NAPOLI;R00045;CAMPANIA
2024;M283;MANIACE;CT;CATANIA;R00152;SICILIA
2024;H119;QUARTUCCIU;CA;CAGLIARI;R00143;SARDEGNA
2024;M284;SANTA MARIA COGHINAS;SS;SASSARI;R00143;SARDEGNA
2024;M287;RAGALNA;CT;CATANIA;R00152;SICILIA
2024;E649;LODINE;NU;NUORO;R00143;SARDEGNA
2024;M292;ERULA;SS;SASSARI;R00143;SARDEGNA
2024;M290;STINTINO;SS;SASSARI;R00143;SARDEGNA
2024;M286;TORRENOVA;ME;MESSINA;R00152;SICILIA
2024;M289;MASSA DI SOMMA;NA;NAPOLI;R00045;CAMPANIA
2024;D399;ELMAS;CA;CAGLIARI;R00143;SARDEGNA
2024;M294;BELLIZZI;SA;SALERNO;R00045;CAMPANIA
2024;M295;SAN CESAREO;RM;ROMA;R00072;LAZIO
2024;F383;MONSERRATO;CA;CAGLIARI;R00143;SARDEGNA
2024;M297;FIUMICINO;RM;ROMA;R00072;LAZIO
2024;M298;STATTE;TA;TARANTO;R00134;PUGLIA
2024;G926;PORTO VIRO;RO;ROVIGO;R00205;VENETO
2024;M300;COMUNE DI DUE CARRARE;PD;PADOVA;R00205;VENETO
2024;M302;MONTIGLIO MONFERRATO;AT;ASTI;R00125;PIEMONTE
2024;M308;CAVALLINO - TREPORTI;VE;VENEZIA;R00205;VENETO
2024;M266;ORDONA;FG;FOGGIA;R00134;PUGLIA
2024;B437;CALVANICO;SA;SALERNO;R00045;CAMPANIA
2024;B439;CALVATONE;CR;CREMONA;R00090;LOMBARDIA
2024;B440;CALVELLO;PZ;POTENZA;R00027;BASILICATA
2024;B441;CALVENE;VI;VICENZA;R00205;VENETO
2024;B442;CALVENZANO;BG;BERGAMO;R00090;LOMBARDIA
2024;B443;CALVERA;PZ;POTENZA;R00027;BASILICATA
2024;B444;CALVI;BN;BENEVENTO;R00045;CAMPANIA
2024;B445;CALVI RISORTA;CE;CASERTA;R00045;CAMPANIA
2024;B446;CALVI DELL'UMBRIA;TR;TERNI;R00189;UMBRIA
2024;B447;CALVIGNANO;PV;PAVIA;R00090;LOMBARDIA
2024;B448;CALVIGNASCO;MI;MILANO;R00090;LOMBARDIA
2024;B450;CALVISANO;BS;BRESCIA;R00090;LOMBARDIA
2024;B452;CALVIZZANO;NA;NAPOLI;R00045;CAMPANIA
2024;B453;CAMAGNA;AL;ALESSANDRIA;R00125;PIEMONTE
2024;B455;CAMAIORE;LU;LUCCA;R00161;TOSCANA
2024;B457;CAMANDONA;BI;BIELLA;R00125;PIEMONTE
2024;B460;CAMASTRA;AG;AGRIGENTO;R00152;SICILIA
2024;B461;CAMBIAGO;MI;MILANO;R00090;LOMBARDIA
2024;B462;CAMBIANO;TO;TORINO;R00125;PIEMONTE
2024;B463;CAMBIASCA;VB;VERBANO-CUSIO-OSSOLA;R00125;PIEMONTE
2024;B465;CAMBURZANO;BI;BIELLA;R00125;PIEMONTE
2024;B466;SANT'ELENA SANNITA;IS;ISERNIA;R00116;MOLISE
2024;B467;CAMERANA;CN;CUNEO;R00125;PIEMONTE
2024;B468;CAMERANO;AN;ANCONA;R00107;MARCHE
2024;B469;CAMERANO CASASCO;AT;ASTI;R00125;PIEMONTE
2024;B470;CAMERATA PICENA;AN;ANCONA;R00107;MARCHE
2024;B471;CAMERATA CORNELLO;BG;BERGAMO;R00090;LOMBARDIA
2024;B472;CAMERATA NUOVA;RM;ROMA;R00072;LAZIO
2024;B473;CAMERI;NO;NOVARA;R00125;PIEMONTE
2024;B474;CAMERINO;MC;MACERATA;R00107;MARCHE
2024;B476;CAMEROTA;SA;SALERNO;R00045;CAMPANIA
2024;B477;CAMIGLIANO;CE;CASERTA;R00045;CAMPANIA
2024;B481;CAMINI;RC;REGGIO CALABRIA;R00036;CALABRIA
2024;B482;CAMINO;AL;ALESSANDRIA;R00125;PIEMONTE
2024;B483;CAMINO AL TAGLIAMENTO;UD;UDINE;R00063;FRIULI-VENEZIA GIULIA
2024;B484;CAMISANO;CR;CREMONA;R00090;LOMBARDIA
2024;B485;CAMISANO VICENTINO;VI;VICENZA;R00205;VENETO
2024;B486;CAMMARATA;AG;AGRIGENTO;R00152;SICILIA
2024;B490;CAMOGLI;GE;GENOVA;R00081;LIGURIA
2024;B491;CHAMOIS;AO;AOSTA;R00198;VALLE D'AOSTA/VALLÉE D'AOSTE
2024;B492;CAMPAGNA;SA;SALERNO;R00045;CAMPANIA
2024;B493;CAMPAGNA LUPIA;VE;VENEZIA;R00205;VENETO
2024;B494;CASTEL CAMPAGNANO;CE;CASERTA;R00045;CAMPANIA
2024;B409;CALICE LIGURE;SV;SAVONA;R00081;LIGURIA
2024;B310;SAN PAOLO D'ARGON;BG;BERGAMO;R00090;LOMBARDIA
2024;B311;CABELLA LIGURE;AL;ALESSANDRIA;R00125;PIEMONTE
2024;B312;CASTELLO CABIAGLIO;VA;VARESE;R00090;LOMBARDIA
2024;B313;CABIATE;CO;COMO;R00090;LOMBARDIA
2024;B314;CABRAS;OR;ORISTANO;R00143;SARDEGNA
2024;B315;CACCAMO;PA;PALERMO;R00152;SICILIA
2024;B317;POGGIO SANNITA;IS;ISERNIA;R00116;MOLISE
2024;B319;CACCURI;KR;CROTONE;R00036;CALABRIA
2024;B326;CADEGLIANO-VICONAGO;VA;VARESE;R00090;LOMBARDIA
2024;B328;CADELBOSCO DI SOPRA;RE;REGGIO EMILIA;R00054;EMILIA-ROMAGNA
2024;B332;CADEO;PC;PIACENZA;R00054;EMILIA-ROMAGNA
2024;B335;CADERZONE;TN;TRENTO;R00214;PROVINCIA AUTONOMA TRENTO
2024;B345;CADONEGHE;PD;PADOVA;R00205;VENETO
2024;B346;CADORAGO;CO;COMO;R00090;LOMBARDIA
2024;B349;CAERANO DI SAN MARCO;TV;TREVISO;R00205;VENETO
2024;B350;CAFASSE;TO;TORINO;R00125;PIEMONTE
2024;B351;CAGGIANO;SA;SALERNO;R00045;CAMPANIA
2024;B352;CAGLI;PU;PESARO - URBINO;R00107;MARCHE
2024;B354;CAGLIARI;CA;CAGLIARI;R00143;SARDEGNA
2024;B355;CAGLIO;CO;COMO;R00090;LOMBARDIA
2024;B357;CAGNANO VARANO;FG;FOGGIA;R00134;PUGLIA
2024;B358;CAGNANO AMITERNO;AQ;L'AQUILA;R00018;ABRUZZO
2024;B361;CAIANELLO;CE;CASERTA;R00045;CAMPANIA
2024;B362;CAIAZZO;CE;CASERTA;R00045;CAMPANIA
2024;B365;CAINO;BS;BRESCIA;R00090;LOMBARDIA
2024;B366;CAIOLO;SO;SONDRIO;R00090;LOMBARDIA
2024;B367;CAIRANO;AV;AVELLINO;R00045;CAMPANIA
2024;B368;CAIRATE;VA;VARESE;R00090;LOMBARDIA
2024;B369;CAIRO MONTENOTTE;SV;SAVONA;R00081;LIGURIA
2024;B371;CAIVANO;NA;NAPOLI;R00045;CAMPANIA
2024;B374;CALABRITTO;AV;AVELLINO;R00045;CAMPANIA
2024;B375;CALALZO DI CADORE;BL;BELLUNO;R00205;VENETO
2024;B376;CALAMANDRANA;AT;ASTI;R00125;PIEMONTE
2024;B377;CALAMONACI;AG;AGRIGENTO;R00152;SICILIA
2024;B379;CALANNA;RC;REGGIO CALABRIA;R00036;CALABRIA
2024;B380;CALASCA-CASTIGLIONE;VB;VERBANO-CUSIO-OSSOLA;R00125;PIEMONTE
2024;B381;CALASCIBETTA;EN;ENNA;R00152;SICILIA
2024;B382;CALASCIO;AQ;L'AQUILA;R00018;ABRUZZO
2024;B384;CALATABIANO;CT;CATANIA;R00152;SICILIA
2024;B385;CALATAFIMI;TP;TRAPANI;R00152;SICILIA
2024;B387;LUNGAVILLA;PV;PAVIA;R00090;LOMBARDIA
2024;B388;CALCATA;VT;VITERBO;R00072;LAZIO
2024;B389;CALCERANICA AL LAGO;TN;TRENTO;R00214;PROVINCIA AUTONOMA TRENTO
2024;B390;CALCI;PI;PISA;R00161;TOSCANA
2024;B391;CALCIANO;MT;MATERA;R00027;BASILICATA
2024;B392;CALCINAIA;PI;PISA;R00161;TOSCANA
2024;B393;CALCINATE;BG;BERGAMO;R00090;LOMBARDIA
2024;B394;CALCINATO;BS;BRESCIA;R00090;LOMBARDIA
2024;B395;CALCIO;BG;BERGAMO;R00090;LOMBARDIA
2024;B396;CALCO;LC;LECCO;R00090;LOMBARDIA
2024;B397;CALDARO;BZ;BOLZANO;R00223;PROVINCIA AUTONOMA BOLZANO
2024;B398;CALDAROLA;MC;MACERATA;R00107;MARCHE
2024;B399;CALDERARA DI RENO;BO;BOLOGNA;R00054;EMILIA-ROMAGNA
2024;B400;CALDES;TN;TRENTO;R00214;PROVINCIA AUTONOMA TRENTO
2024;B402;CALDIERO;VR;VERONA;R00205;VENETO
2024;B403;CALDOGNO;VI;VICENZA;R00205;VENETO
2024;B404;CALDONAZZO;TN;TRENTO;R00214;PROVINCIA AUTONOMA TRENTO
2024;B405;CALENDASCO;PC;PIACENZA;R00054;EMILIA-ROMAGNA
2024;B406;CALENZANO;FI;FIRENZE;R00161;TOSCANA
2024;B408;CALESTANO;PR;PARMA;R00054;EMILIA-ROMAGNA
2024;B309;BUTTRIO;UD;UDINE;R00063;FRIULI-VENEZIA GIULIA
2024;B217;BRUMANO;BG;BERGAMO;R00090;LOMBARDIA
2024;B218;BRUNATE;CO;COMO;R00090;LOMBARDIA
2024;B219;BRUNELLO;VA;VARESE;R00090;LOMBARDIA
2024;B220;BRUNICO;BZ;BOLZANO;R00223;PROVINCIA AUTONOMA BOLZANO
2024;B221;BRUNO;AT;ASTI;R00125;PIEMONTE
2024;B223;BRUSAPORTO;BG;BERGAMO;R00090;LOMBARDIA
2024;B225;BRUSASCO;TO;TORINO;R00125;PIEMONTE
2024;B227;BRUSCIANO;NA;NAPOLI;R00045;CAMPANIA
2024;B228;BRUSIMPIANO;VA;VARESE;R00090;LOMBARDIA
2024;B229;BRUSNENGO;BI;BIELLA;R00125;PIEMONTE
2024;B230;BRUSSON;AO;AOSTA;R00198;VALLE D'AOSTA/VALLÉE D'AOSTE
2024;B232;BRUZOLO;TO;TORINO;R00125;PIEMONTE
2024;B234;BRUZZANO ZEFFIRIO;RC;REGGIO CALABRIA;R00036;CALABRIA
2024;A703;BASSANO DEL GRAPPA;VI;VICENZA;R00205;VENETO
2024;A704;BASSANO ROMANO;VT;VITERBO;R00072;LAZIO
2024;A705;TRONZANO LAGO MAGGIORE;VA;VARESE;R00090;LOMBARDIA
2024;A706;BASSANO IN TEVERINA;VT;VITERBO;R00072;LAZIO
2024;A707;BASSIANO;LT;LATINA;R00072;LAZIO
2024;A708;BASSIGNANA;AL;ALESSANDRIA;R00125;PIEMONTE
2024;A709;BASTIA MONDOVI';CN;CUNEO;R00125;PIEMONTE
2024;A710;BASTIA UMBRA;PG;PERUGIA;R00189;UMBRIA
2024;A712;BASTIDA PANCARANA;PV;PAVIA;R00090;LOMBARDIA
2024;A713;BASTIGLIA;MO;MODENA;R00054;EMILIA-ROMAGNA
2024;A714;BATTAGLIA TERME;PD;PADOVA;R00205;VENETO
2024;A716;BATTIFOLLO;CN;CUNEO;R00125;PIEMONTE
2024;A717;BATTIPAGLIA;SA;SALERNO;R00045;CAMPANIA
2024;A718;BATTUDA;PV;PAVIA;R00090;LOMBARDIA
2024;A719;BAUCINA;PA;PALERMO;R00152;SICILIA
2024;A720;BOVILLE ERNICA;FR;FROSINONE;R00072;LAZIO
2024;A721;BAULADU;OR;ORISTANO;R00143;SARDEGNA
2024;A725;BAVENO;VB;VERBANO-CUSIO-OSSOLA;R00125;PIEMONTE
2024;A728;BEDERO VALCUVIA;VA;VARESE;R00090;LOMBARDIA
2024;A729;BEDIZZOLE;BS;BRESCIA;R00090;LOMBARDIA
2024;A730;BEDOLLO;TN;TRENTO;R00214;PROVINCIA AUTONOMA TRENTO
2024;A731;BEDONIA;PR;PARMA;R00054;EMILIA-ROMAGNA
2024;A732;BEDULITA;BG;BERGAMO;R00090;LOMBARDIA
2024;A733;BEE;VB;VERBANO-CUSIO-OSSOLA;R00125;PIEMONTE
2024;A734;BEINASCO;TO;TORINO;R00125;PIEMONTE
2024;A735;BEINETTE;CN;CUNEO;R00125;PIEMONTE
2024;A736;BELCASTRO;CZ;CATANZARO;R00036;CALABRIA
2024;A737;BELFIORE;VR;VERONA;R00205;VENETO
2024;A738;BELFORTE MONFERRATO;AL;ALESSANDRIA;R00125;PIEMONTE
2024;A739;BELFORTE DEL CHIENTI;MC;MACERATA;R00107;MARCHE
2024;A740;BELFORTE ALL'ISAURO;PU;PESARO - URBINO;R00107;MARCHE
2024;A741;BELGIOIOSO;PV;PAVIA;R00090;LOMBARDIA
2024;A742;BELGIRATE;VB;VERBANO-CUSIO-OSSOLA;R00125;PIEMONTE
2024;A743;BELLA;PZ;POTENZA;R00027;BASILICATA
2024;A745;BELLANO;LC;LECCO;R00090;LOMBARDIA
2024;A746;BELLANTE;TE;TERAMO;R00018;ABRUZZO
2024;A747;BELLARIA - IGEA MARINA;RN;RIMINI;R00054;EMILIA-ROMAGNA
2024;A749;BELLEGRA;RM;ROMA;R00072;LAZIO
2024;A750;BELLINO;CN;CUNEO;R00125;PIEMONTE
2024;A751;BELLINZAGO LOMBARDO;MI;MILANO;R00090;LOMBARDIA
2024;A752;BELLINZAGO NOVARESE;NO;NOVARA;R00125;PIEMONTE
2024;A755;BELLONA;CE;CASERTA;R00045;CAMPANIA
2024;A756;BELLOSGUARDO;SA;SALERNO;R00045;CAMPANIA
2024;A757;BELLUNO;BL;BELLUNO;R00205;VENETO
2024;A759;BELLUSCO;MB;MONZA E BRIANZA;R00090;LOMBARDIA
2024;A588;BALDICHIERI D'ASTI;AT;ASTI;R00125;PIEMONTE
2024;A589;BALDISSERO D'ALBA;CN;CUNEO;R00125;PIEMONTE
2024;A590;BALDISSERO CANAVESE;TO;TORINO;R00125;PIEMONTE
2024;A591;BALDISSERO TORINESE;TO;TORINO;R00125;PIEMONTE
2024;A592;BALESTRATE;PA;PALERMO;R00152;SICILIA
2024;A593;BALESTRINO;SV;SAVONA;R00081;LIGURIA
2024;A594;BALLABIO;LC;LECCO;R00090;LOMBARDIA
2024;A599;BALME;TO;TORINO;R00125;PIEMONTE
2024;A600;BALMUCCIA;VC;VERCELLI;R00125;PIEMONTE
2024;A601;BALOCCO;VC;VERCELLI;R00125;PIEMONTE
2024;A603;BALSORANO;AQ;L'AQUILA;R00018;ABRUZZO
2024;A604;BALVANO;PZ;POTENZA;R00027;BASILICATA
2024;A605;BALZOLA;AL;ALESSANDRIA;R00125;PIEMONTE
2024;A606;BANARI;SS;SASSARI;R00143;SARDEGNA
2024;A607;BANCHETTE;TO;TORINO;R00125;PIEMONTE
2024;A609;VILLA VERDE;OR;ORISTANO;R00143;SARDEGNA
2024;A610;BANNIO ANZINO;VB;VERBANO-CUSIO-OSSOLA;R00125;PIEMONTE
2024;A612;BANZI;PZ;POTENZA;R00027;BASILICATA
2024;A613;BAONE;PD;PADOVA;R00205;VENETO
2024;A614;BARADILI;OR;ORISTANO;R00143;SARDEGNA
2024;A615;BARAGIANO;PZ;POTENZA;R00027;BASILICATA
2024;A616;BARANELLO;CB;CAMPOBASSO;R00116;MOLISE
2024;A617;BARANO D'ISCHIA;NA;NAPOLI;R00045;CAMPANIA
2024;A619;BARASSO;VA;VARESE;R00090;LOMBARDIA
2024;A621;BARATILI SAN PIETRO;OR;ORISTANO;R00143;SARDEGNA
2024;A625;BARBANIA;TO;TORINO;R00125;PIEMONTE
2024;B166;BREZZO DI BEDERO;VA;VARESE;R00090;LOMBARDIA
2024;B167;BRIAGLIA;CN;CUNEO;R00125;PIEMONTE
2024;B169;BRIATICO;VV;VIBO VALENTIA;R00036;CALABRIA
2024;B171;BRICHERASIO;TO;TORINO;R00125;PIEMONTE
2024;B172;BRIENNO;CO;COMO;R00090;LOMBARDIA
2024;B173;BRIENZA;PZ;POTENZA;R00027;BASILICATA
2024;B175;BRIGA ALTA;CN;CUNEO;R00125;PIEMONTE
2024;B176;BRIGA NOVARESE;NO;NOVARA;R00125;PIEMONTE
2024;B178;BRIGNANO GERA D'ADDA;BG;BERGAMO;R00090;LOMBARDIA
2024;B179;BRIGNANO-FRASCATA;AL;ALESSANDRIA;R00125;PIEMONTE
2024;B180;BRINDISI;BR;BRINDISI;R00134;PUGLIA
2024;B181;BRINDISI DI MONTAGNA;PZ;POTENZA;R00027;BASILICATA
2024;B182;BRINZIO;VA;VARESE;R00090;LOMBARDIA
2024;B183;BRIONA;NO;NOVARA;R00125;PIEMONTE
2024;B184;BRIONE BS;BS;BRESCIA;R00090;LOMBARDIA
2024;B187;BRIOSCO;MB;MONZA E BRIANZA;R00090;LOMBARDIA
2024;B188;BRISIGHELLA;RA;RAVENNA;R00054;EMILIA-ROMAGNA
2024;B191;BRISSAGO-VALTRAVAGLIA;VA;VARESE;R00090;LOMBARDIA
2024;B192;BRISSOGNE;AO;AOSTA;R00198;VALLE D'AOSTA/VALLÉE D'AOSTE
2024;B193;BRITTOLI;PE;PESCARA;R00018;ABRUZZO
2024;B194;BRIVIO;LC;LECCO;R00090;LOMBARDIA
2024;B195;BROCCOSTELLA;FR;FROSINONE;R00072;LAZIO
2024;B196;BROGLIANO;VI;VICENZA;R00205;VENETO
2024;B197;BROGNATURO;VV;VIBO VALENTIA;R00036;CALABRIA
2024;B198;BROLO;ME;MESSINA;R00152;SICILIA
2024;B200;BRONDELLO;CN;CUNEO;R00125;PIEMONTE
2024;B201;BRONI;PV;PAVIA;R00090;LOMBARDIA
2024;B202;BRONTE;CT;CATANIA;R00152;SICILIA
2024;B203;BRONZOLO;BZ;BOLZANO;R00223;PROVINCIA AUTONOMA BOLZANO
2024;B204;BROSSASCO;CN;CUNEO;R00125;PIEMONTE
2024;B205;BROSSO;TO;TORINO;R00125;PIEMONTE
2024;B207;BROVELLO-CARPUGNINO;VB;VERBANO-CUSIO-OSSOLA;R00125;PIEMONTE
2024;B209;BROZOLO;TO;TORINO;R00125;PIEMONTE
2024;B212;BRUGHERIO;MB;MONZA E BRIANZA;R00090;LOMBARDIA
2024;B213;BRUGINE;PD;PADOVA;R00205;VENETO
2024;B214;BRUGNATO;SP;LA SPEZIA;R00081;LIGURIA
2024;B215;BRUGNERA;PN;PORDENONE;R00063;FRIULI-VENEZIA GIULIA
2024;B121;BRANDIZZO;TO;TORINO;R00125;PIEMONTE
2024;B029;BORGORATTO ALESSANDRINO;AL;ALESSANDRIA;R00125;PIEMONTE
2024;B030;BORGORATTO MORMOROLO;PV;PAVIA;R00090;LOMBARDIA
2024;B031;BORGORICCO;PD;PADOVA;R00205;VENETO
2024;B033;BORGO SAN DALMAZZO;CN;CUNEO;R00125;PIEMONTE
2024;B034;FIDENZA;PR;PARMA;R00054;EMILIA-ROMAGNA
2024;B035;BORGO SAN GIACOMO;BS;BRESCIA;R00090;LOMBARDIA
2024;B036;BORGO SAN LORENZO;FI;FIRENZE;R00161;TOSCANA
2024;B037;BORGO SAN MARTINO;AL;ALESSANDRIA;R00125;PIEMONTE
2024;B038;BORGO SAN SIRO;PV;PAVIA;R00090;LOMBARDIA
2024;B040;BORGOSATOLLO;BS;BRESCIA;R00090;LOMBARDIA
2024;B041;BORGOSESIA;VC;VERCELLI;R00125;PIEMONTE
2024;B042;BORGO VAL DI TARO;PR;PARMA;R00054;EMILIA-ROMAGNA
2024;B043;BORGO TICINO;NO;NOVARA;R00125;PIEMONTE
2024;B044;BORGO TOSSIGNANO;BO;BOLOGNA;R00054;EMILIA-ROMAGNA
2024;B046;BORGO VERCELLI;VC;VERCELLI;R00125;PIEMONTE
2024;B048;BORMIDA;SV;SAVONA;R00081;LIGURIA
2024;B049;BORMIO;SO;SONDRIO;R00090;LOMBARDIA
2024;B051;BORNASCO;PV;PAVIA;R00090;LOMBARDIA
2024;B054;BORNO;BS;BRESCIA;R00090;LOMBARDIA
2024;B055;BORONEDDU;OR;ORISTANO;R00143;SARDEGNA
2024;B056;BORORE;NU;NUORO;R00143;SARDEGNA
2024;B057;BORRELLO;CH;CHIETI;R00018;ABRUZZO
2024;B058;BORRIANA;BI;BIELLA;R00125;PIEMONTE
2024;B061;BORSO DEL GRAPPA;TV;TREVISO;R00205;VENETO
2024;B062;BORTIGALI;NU;NUORO;R00143;SARDEGNA
2024;B064;BORUTTA;SS;SASSARI;R00143;SARDEGNA
2024;B067;BORZONASCA;GE;GENOVA;R00081;LIGURIA
2024;B068;BOSA;OR;ORISTANO;R00143;SARDEGNA
2024;B069;BOSARO;RO;ROVIGO;R00205;VENETO
2024;B070;BOSCHI SANT'ANNA;VR;VERONA;R00205;VENETO
2024;B071;BOSCO MARENGO;AL;ALESSANDRIA;R00125;PIEMONTE
2024;B073;BOSCO CHIESANUOVA;VR;VERONA;R00205;VENETO
2024;B075;BOSCONERO;TO;TORINO;R00125;PIEMONTE
2024;B076;BOSCOREALE;NA;NAPOLI;R00045;CAMPANIA
2024;B077;BOSCOTRECASE;NA;NAPOLI;R00045;CAMPANIA
2024;B079;BOSIA;CN;CUNEO;R00125;PIEMONTE
2024;B080;BOSIO;AL;ALESSANDRIA;R00125;PIEMONTE
2024;B081;BOSISIO PARINI;LC;LECCO;R00090;LOMBARDIA
2024;B082;BOSNASCO;PV;PAVIA;R00090;LOMBARDIA
2024;B083;BOSSICO;BG;BERGAMO;R00090;LOMBARDIA
2024;B084;BOSSOLASCO;CN;CUNEO;R00125;PIEMONTE
2024;B085;BOTRICELLO;CZ;CATANZARO;R00036;CALABRIA
2024;B086;BOTRUGNO;LE;LECCE;R00134;PUGLIA
2024;B088;BOTTANUCO;BG;BERGAMO;R00090;LOMBARDIA
2024;B091;BOTTICINO;BS;BRESCIA;R00090;LOMBARDIA
2024;B094;BOTTIDDA;SS;SASSARI;R00143;SARDEGNA
2024;B097;BOVA;RC;REGGIO CALABRIA;R00036;CALABRIA
2024;B098;BOVALINO;RC;REGGIO CALABRIA;R00036;CALABRIA
2024;B099;BOVA MARINA;RC;REGGIO CALABRIA;R00036;CALABRIA
2024;B100;BOVEGNO;BS;BRESCIA;R00090;LOMBARDIA
2024;B101;BOVES;CN;CUNEO;R00125;PIEMONTE
2024;B102;BOVEZZO;BS;BRESCIA;R00090;LOMBARDIA
2024;B104;BOVINO;FG;FOGGIA;R00134;PUGLIA
2024;B105;BOVISIO-MASCIAGO;MB;MONZA E BRIANZA;R00090;LOMBARDIA
2024;B106;BOVOLENTA;PD;PADOVA;R00205;VENETO
2024;B107;BOVOLONE;VR;VERONA;R00205;VENETO
2024;B109;BOZZOLE;AL;ALESSANDRIA;R00125;PIEMONTE
2024;B110;BOZZOLO;MN;MANTOVA;R00090;LOMBARDIA
2024;B111;BRA;CN;CUNEO;R00125;PIEMONTE
2024;B112;BRACCA;BG;BERGAMO;R00090;LOMBARDIA
2024;B114;BRACCIANO;RM;ROMA;R00072;LAZIO
2024;B115;BRACIGLIANO;SA;SALERNO;R00045;CAMPANIA
2024;B116;BRAIES;BZ;BOLZANO;R00223;PROVINCIA AUTONOMA BOLZANO
2024;B117;BRALLO DI PREGOLA;PV;PAVIA;R00090;LOMBARDIA
2024;B118;BRANCALEONE;RC;REGGIO CALABRIA;R00036;CALABRIA
2024;B120;BRANDICO;BS;BRESCIA;R00090;LOMBARDIA
2024;B028;BORGO PRIOLO;PV;PAVIA;R00090;LOMBARDIA
2024;A948;BOLOTANA;NU;NUORO;R00143;SARDEGNA
2024;A949;BOLSENA;VT;VITERBO;R00072;LAZIO
2024;A950;BOLTIERE;BG;BERGAMO;R00090;LOMBARDIA
2024;A952;BOLZANO;BZ;BOLZANO;R00223;PROVINCIA AUTONOMA BOLZANO
2024;A953;BOLZANO NOVARESE;NO;NOVARA;R00125;PIEMONTE
2024;A954;BOLZANO VICENTINO;VI;VICENZA;R00205;VENETO
2024;A955;BOMARZO;VT;VITERBO;R00072;LAZIO
2024;A956;BOMBA;CH;CHIETI;R00018;ABRUZZO
2024;A957;BOMPENSIERE;CL;CALTANISSETTA;R00152;SICILIA
2024;A958;BOMPIETRO;PA;PALERMO;R00152;SICILIA
2024;A959;BOMPORTO;MO;MODENA;R00054;EMILIA-ROMAGNA
2024;A960;BONARCADO;OR;ORISTANO;R00143;SARDEGNA
2024;A961;BONASSOLA;SP;LA SPEZIA;R00081;LIGURIA
2024;A962;BONATE DI SOTTO;BG;BERGAMO;R00090;LOMBARDIA
2024;A963;BONATE SOPRA;BG;BERGAMO;R00090;LOMBARDIA
2024;A964;BONAVIGO;VR;VERONA;R00205;VENETO
2024;A965;BONDENO;FE;FERRARA;R00054;EMILIA-ROMAGNA
2024;A968;BONDONE;TN;TRENTO;R00214;PROVINCIA AUTONOMA TRENTO
2024;A970;BONEA;BN;BENEVENTO;R00045;CAMPANIA
2024;A971;BONEFRO;CB;CAMPOBASSO;R00116;MOLISE
2024;A972;BONEMERSE;CR;CREMONA;R00090;LOMBARDIA
2024;A973;BONIFATI;CS;COSENZA;R00036;CALABRIA
2024;A975;BONITO;AV;AVELLINO;R00045;CAMPANIA
2024;A976;BONNANARO;SS;SASSARI;R00143;SARDEGNA
2024;A977;BONO;SS;SASSARI;R00143;SARDEGNA
2024;A978;BONORVA;SS;SASSARI;R00143;SARDEGNA
2024;A979;BONVICINO;CN;CUNEO;R00125;PIEMONTE
2024;A981;BORBONA;RI;RIETI;R00072;LAZIO
2024;A982;BORCA DI CADORE;BL;BELLUNO;R00205;VENETO
2024;A983;BORDANO;UD;UDINE;R00063;FRIULI-VENEZIA GIULIA
2024;A984;BORDIGHERA;IM;IMPERIA;R00081;LIGURIA
2024;A986;BORDOLANO;CR;CREMONA;R00090;LOMBARDIA
2024;A987;BORE;PR;PARMA;R00054;EMILIA-ROMAGNA
2024;A988;BORETTO;RE;REGGIO EMILIA;R00054;EMILIA-ROMAGNA
2024;A989;BORGARELLO;PV;PAVIA;R00090;LOMBARDIA
2024;A990;BORGARO TORINESE;TO;TORINO;R00125;PIEMONTE
2024;A991;BORGETTO;PA;PALERMO;R00152;SICILIA
2024;B005;BORGIO-VEREZZI;SV;SAVONA;R00081;LIGURIA
2024;M312;LONATO DEL GARDA;BS;BRESCIA;R00090;LOMBARDIA
2024;M313;LEDRO;TN;TRENTO;R00214;PROVINCIA AUTONOMA TRENTO
2024;M314;COMANO TERME;TN;TRENTO;R00214;PROVINCIA AUTONOMA TRENTO
2024;I718;SIAMANNA;OR;ORISTANO;R00143;SARDEGNA
2024;A618;BARANZATE;MI;MILANO;R00090;LOMBARDIA
2024;M311;CAMPOLONGO TAPOGLIANO;UD;UDINE;R00063;FRIULI-VENEZIA GIULIA
2024;M315;GRAVEDONA ED UNITI;CO;COMO;R00090;LOMBARDIA
2024;B006;BORGO VALSUGANA;TN;TRENTO;R00214;PROVINCIA AUTONOMA TRENTO
2024;B007;BORGO A MOZZANO;LU;LUCCA;R00161;TOSCANA
2024;B008;BORGOROSE;RI;RIETI;R00072;LAZIO
2024;B009;BORGO D'ALE;VC;VERCELLI;R00125;PIEMONTE
2024;B010;BORGO DI TERZO;BG;BERGAMO;R00090;LOMBARDIA
2024;B012;MOTTEGGIANA;MN;MANTOVA;R00090;LOMBARDIA
2024;B014;SUARDI;PV;PAVIA;R00090;LOMBARDIA
2024;B015;BORGOFRANCO D'IVREA;TO;TORINO;R00125;PIEMONTE
2024;B016;BORGOLAVEZZARO;NO;NOVARA;R00125;PIEMONTE
2024;B017;BORGO SAN GIOVANNI;LO;LODI;R00090;LOMBARDIA
2024;B018;BORGOMALE;CN;CUNEO;R00125;PIEMONTE
2024;B019;BORGOMANERO;NO;NOVARA;R00125;PIEMONTE
2024;B020;BORGOMARO;IM;IMPERIA;R00081;LIGURIA
2024;B021;BORGOMASINO;TO;TORINO;R00125;PIEMONTE
2024;A947;BOLOGNOLA;MC;MACERATA;R00107;MARCHE
2024;B024;BORGONE DI SUSA;TO;TORINO;R00125;PIEMONTE
2024;B025;BORGONOVO VAL TIDONE;PC;PIACENZA;R00054;EMILIA-ROMAGNA
2024;B026;BORGO PACE;PU;PESARO - URBINO;R00107;MARCHE
2024;A844;BIANDRATE;NO;NOVARA;R00125;PIEMONTE
2024;A845;BIANDRONNO;VA;VARESE;R00090;LOMBARDIA
2024;A846;BIANZANO;BG;BERGAMO;R00090;LOMBARDIA
2024;A847;BIANZE';VC;VERCELLI;R00125;PIEMONTE
2024;A848;BIANZONE;SO;SONDRIO;R00090;LOMBARDIA
2024;A849;BIASSONO;MB;MONZA E BRIANZA;R00090;LOMBARDIA
2024;A850;BIBBIANO;RE;REGGIO EMILIA;R00054;EMILIA-ROMAGNA
2024;A851;BIBBIENA;AR;AREZZO;R00161;TOSCANA
2024;A852;BIBBONA;LI;LIVORNO;R00161;TOSCANA
2024;A853;BIBIANA;TO;TORINO;R00125;PIEMONTE
2024;A854;BICCARI;FG;FOGGIA;R00134;PUGLIA
2024;A855;BICINICCO;UD;UDINE;R00063;FRIULI-VENEZIA GIULIA
2024;A856;BIDONI';OR;ORISTANO;R00143;SARDEGNA
2024;A857;BLERA;VT;VITERBO;R00072;LAZIO
2024;A859;BIELLA;BI;BIELLA;R00125;PIEMONTE
2024;A861;BIENNO;BS;BRESCIA;R00090;LOMBARDIA
2024;A863;BIENO;TN;TRENTO;R00214;PROVINCIA AUTONOMA TRENTO
2024;A864;BIENTINA;PI;PISA;R00161;TOSCANA
2024;A870;BINAGO;CO;COMO;R00090;LOMBARDIA
2024;A872;BINASCO;MI;MILANO;R00090;LOMBARDIA
2024;A874;BINETTO;BA;BARI;R00134;PUGLIA
2024;A876;BIOGLIO;BI;BIELLA;R00125;PIEMONTE
2024;A877;BIONAZ;AO;AOSTA;R00198;VALLE D'AOSTA/VALLÉE D'AOSTE
2024;A878;BIONE;BS;BRESCIA;R00090;LOMBARDIA
2024;A880;BIRORI;NU;NUORO;R00143;SARDEGNA
2024;A881;BISACCIA;AV;AVELLINO;R00045;CAMPANIA
2024;A882;BISACQUINO;PA;PALERMO;R00152;SICILIA
2024;A883;BISCEGLIE;BT;BARLETTA_ANDRIA_TRANI;R00134;PUGLIA
2024;A884;BISEGNA;AQ;L'AQUILA;R00018;ABRUZZO
2024;A885;BISENTI;TE;TERAMO;R00018;ABRUZZO
2024;A887;BISIGNANO;CS;COSENZA;R00036;CALABRIA
2024;A889;BISTAGNO;AL;ALESSANDRIA;R00125;PIEMONTE
2024;A891;BISUSCHIO;VA;VARESE;R00090;LOMBARDIA
2024;A892;BITETTO;BA;BARI;R00134;PUGLIA
2024;A893;BITONTO;BA;BARI;R00134;PUGLIA
2024;A894;BITRITTO;BA;BARI;R00134;PUGLIA
2024;A895;BITTI;NU;NUORO;R00143;SARDEGNA
2024;A896;BIVONA;AG;AGRIGENTO;R00152;SICILIA
2024;A897;BIVONGI;RC;REGGIO CALABRIA;R00036;CALABRIA
2024;A898;BIZZARONE;CO;COMO;R00090;LOMBARDIA
2024;A902;BLEGGIO SUPERIORE;TN;TRENTO;R00214;PROVINCIA AUTONOMA TRENTO
2024;A903;BLELLO;BG;BERGAMO;R00090;LOMBARDIA
2024;A904;BLESSAGNO;CO;COMO;R00090;LOMBARDIA
2024;A905;BLEVIO;CO;COMO;R00090;LOMBARDIA
2024;A906;BOARA PISANI;PD;PADOVA;R00205;VENETO
2024;A909;BOBBIO;PC;PIACENZA;R00054;EMILIA-ROMAGNA
2024;A910;BOBBIO PELLICE;TO;TORINO;R00125;PIEMONTE
2024;A911;BOCA;NO;NOVARA;R00125;PIEMONTE
2024;A912;BOCCHIGLIERO;CS;COSENZA;R00036;CALABRIA
2024;A914;BOCCIOLETO;VC;VERCELLI;R00125;PIEMONTE
2024;A916;BOCENAGO;TN;TRENTO;R00214;PROVINCIA AUTONOMA TRENTO
2024;A918;BODIO LOMNAGO;VA;VARESE;R00090;LOMBARDIA
2024;A919;BOFFALORA D'ADDA;LO;LODI;R00090;LOMBARDIA
2024;A920;BOFFALORA SOPRA TICINO;MI;MILANO;R00090;LOMBARDIA
2024;A922;BOGLIASCO;GE;GENOVA;R00081;LIGURIA
2024;A925;BOGNANCO;VB;VERBANO-CUSIO-OSSOLA;R00125;PIEMONTE
2024;A929;BOGOGNO;NO;NOVARA;R00125;PIEMONTE
2024;A930;BOIANO;CB;CAMPOBASSO;R00116;MOLISE
2024;A931;BOISSANO;SV;SAVONA;R00081;LIGURIA
2024;A932;BOLANO;SP;LA SPEZIA;R00081;LIGURIA
2024;A937;BOLGARE;BG;BERGAMO;R00090;LOMBARDIA
2024;A940;BOLLATE;MI;MILANO;R00090;LOMBARDIA
2024;A941;BOLLENGO;TO;TORINO;R00125;PIEMONTE
2024;A942;NOVA SIRI;MT;MATERA;R00027;BASILICATA
2024;A944;BOLOGNA;BO;BOLOGNA;R00054;EMILIA-ROMAGNA
2024;A945;BOLOGNANO;PE;PESCARA;R00018;ABRUZZO
2024;A843;BIANCO;RC;REGGIO CALABRIA;R00036;CALABRIA
2024;A946;BOLOGNETTA;PA;PALERMO;R00152;SICILIA
2024;A761;BELMONTE DEL SANNIO;IS;ISERNIA;R00116;MOLISE
2024;A762;BELMONTE CALABRO;CS;COSENZA;R00036;CALABRIA
2024;A763;BELMONTE CASTELLO;FR;FROSINONE;R00072;LAZIO
2024;A764;BELMONTE MEZZAGNO;PA;PALERMO;R00152;SICILIA
2024;A765;BELMONTE IN SABINA;RI;RIETI;R00072;LAZIO
2024;A766;BELPASSO;CT;CATANIA;R00152;SICILIA
2024;A768;BELSITO;CS;COSENZA;R00036;CALABRIA
2024;A769;BELVEDERE OSTRENSE;AN;ANCONA;R00107;MARCHE
2024;A770;BELVEGLIO;AT;ASTI;R00125;PIEMONTE
2024;A771;LIZZANO IN BELVEDERE;BO;BOLOGNA;R00054;EMILIA-ROMAGNA
2024;A772;BELVEDERE DI SPINELLO;KR;CROTONE;R00036;CALABRIA
2024;A773;BELVEDERE MARITTIMO;CS;COSENZA;R00036;CALABRIA
2024;A774;BELVEDERE LANGHE;CN;CUNEO;R00125;PIEMONTE
2024;A776;BELVI;NU;NUORO;R00143;SARDEGNA
2024;A777;BEMA;SO;SONDRIO;R00090;LOMBARDIA
2024;A778;BENE LARIO;CO;COMO;R00090;LOMBARDIA
2024;A779;BENE VAGIENNA;CN;CUNEO;R00125;PIEMONTE
2024;A780;BENESTARE;RC;REGGIO CALABRIA;R00036;CALABRIA
2024;A781;BENETUTTI;SS;SASSARI;R00143;SARDEGNA
2024;A782;BENEVELLO;CN;CUNEO;R00125;PIEMONTE
2024;A783;BENEVENTO;BN;BENEVENTO;R00045;CAMPANIA
2024;A784;BENNA;BI;BIELLA;R00125;PIEMONTE
2024;A785;BENTIVOGLIO;BO;BOLOGNA;R00054;EMILIA-ROMAGNA
2024;A786;BERBENNO;BG;BERGAMO;R00090;LOMBARDIA
2024;A787;BERBENNO DI VALTELLINA;SO;SONDRIO;R00090;LOMBARDIA
2024;A788;BERCETO;PR;PARMA;R00054;EMILIA-ROMAGNA
2024;A791;BEREGAZZO CON FIGLIARO;CO;COMO;R00090;LOMBARDIA
2024;A792;BEREGUARDO;PV;PAVIA;R00090;LOMBARDIA
2024;A793;BERGAMASCO;AL;ALESSANDRIA;R00125;PIEMONTE
2024;A794;BERGAMO;BG;BERGAMO;R00090;LOMBARDIA
2024;A795;BERGANTINO;RO;ROVIGO;R00205;VENETO
2024;A796;BERGEGGI;SV;SAVONA;R00081;LIGURIA
2024;A798;BERGOLO;CN;CUNEO;R00125;PIEMONTE
2024;A799;BERLINGO;BS;BRESCIA;R00090;LOMBARDIA
2024;A801;BERNALDA;MT;MATERA;R00027;BASILICATA
2024;A802;BERNAREGGIO;MB;MONZA E BRIANZA;R00090;LOMBARDIA
2024;A804;BERNATE TICINO;MI;MILANO;R00090;LOMBARDIA
2024;A805;BERNEZZO;CN;CUNEO;R00125;PIEMONTE
2024;A809;BERTINORO;FC;FORLI' - CESENA;R00054;EMILIA-ROMAGNA
2024;A810;BERTIOLO;UD;UDINE;R00063;FRIULI-VENEZIA GIULIA
2024;A811;BERTONICO;LO;LODI;R00090;LOMBARDIA
2024;A812;BERZANO DI SAN PIETRO;AT;ASTI;R00125;PIEMONTE
2024;A813;BERZANO DI TORTONA;AL;ALESSANDRIA;R00125;PIEMONTE
2024;A815;BERZO SAN FERMO;BG;BERGAMO;R00090;LOMBARDIA
2024;A816;BERZO DEMO;BS;BRESCIA;R00090;LOMBARDIA
2024;A817;BERZO INFERIORE;BS;BRESCIA;R00090;LOMBARDIA
2024;A818;BESANA IN BRIANZA;MB;MONZA E BRIANZA;R00090;LOMBARDIA
2024;A819;BESANO;VA;VARESE;R00090;LOMBARDIA
2024;A820;BESATE;MI;MILANO;R00090;LOMBARDIA
2024;A821;BESENELLO;TN;TRENTO;R00214;PROVINCIA AUTONOMA TRENTO
2024;A823;BESENZONE;PC;PIACENZA;R00054;EMILIA-ROMAGNA
2024;A825;BESNATE;VA;VARESE;R00090;LOMBARDIA
2024;A992;BORGHETTO DI VARA;SP;LA SPEZIA;R00081;LIGURIA
2024;A993;BORGHETTO D'ARROSCIA;IM;IMPERIA;R00081;LIGURIA
2024;A995;BORGHETTO LODIGIANO;LO;LODI;R00090;LOMBARDIA
2024;A996;BORGO VELINO;RI;RIETI;R00072;LAZIO
2024;A998;BORGHETTO DI BORBERA;AL;ALESSANDRIA;R00125;PIEMONTE
2024;A999;BORGHETTO SANTO SPIRITO;SV;SAVONA;R00081;LIGURIA
2024;B001;BORGHI;FC;FORLI' - CESENA;R00054;EMILIA-ROMAGNA
2024;B002;BORGIA;CZ;CATANZARO;R00036;CALABRIA
2024;B003;BORGIALLO;TO;TORINO;R00125;PIEMONTE
2024;L307;TORTORETO;TE;TERAMO;R00018;ABRUZZO
2024;L308;TORTORICI;ME;MESSINA;R00152;SICILIA
2024;L309;TORVISCOSA;UD;UDINE;R00063;FRIULI-VENEZIA GIULIA
2024;L310;TUSCANIA;VT;VITERBO;R00072;LAZIO
2024;L230;TORO;CB;CAMPOBASSO;R00116;MOLISE
2024;L149;TESIMO;BZ;BOLZANO;R00223;PROVINCIA AUTONOMA BOLZANO
2024;L150;TESSENNANO;VT;VITERBO;R00072;LAZIO
2024;L152;TESTICO;SV;SAVONA;R00081;LIGURIA
2024;L153;TETI;NU;NUORO;R00143;SARDEGNA
2024;L155;TEVEROLA;CE;CASERTA;R00045;CAMPANIA
2024;L156;TEZZE SUL BRENTA;VI;VICENZA;R00205;VENETO
2024;L157;THIENE;VI;VICENZA;R00205;VENETO
2024;L158;THIESI;SS;SASSARI;R00143;SARDEGNA
2024;L160;TIANA;NU;NUORO;R00143;SARDEGNA
2024;L164;TICENGO;CR;CREMONA;R00090;LOMBARDIA
2024;L165;TICINETO;AL;ALESSANDRIA;R00125;PIEMONTE
2024;L166;TIGGIANO;LE;LECCE;R00134;PUGLIA
2024;L167;TIGLIETO;GE;GENOVA;R00081;LIGURIA
2024;L168;TIGLIOLE;AT;ASTI;R00125;PIEMONTE
2024;L169;TIGNALE;BS;BRESCIA;R00090;LOMBARDIA
2024;L172;TINNURA;OR;ORISTANO;R00143;SARDEGNA
2024;L173;TIONE DEGLI ABRUZZI;AQ;L'AQUILA;R00018;ABRUZZO
2024;L174;TIONE DI TRENTO;TN;TRENTO;R00214;PROVINCIA AUTONOMA TRENTO
2024;L175;TIRANO;SO;SONDRIO;R00090;LOMBARDIA
2024;L176;TIRES;BZ;BOLZANO;R00223;PROVINCIA AUTONOMA BOLZANO
2024;L177;TIRIOLO;CZ;CATANZARO;R00036;CALABRIA
2024;L178;TIROLO;BZ;BOLZANO;R00223;PROVINCIA AUTONOMA BOLZANO
2024;L180;TISSI;SS;SASSARI;R00143;SARDEGNA
2024;L181;TITO;PZ;POTENZA;R00027;BASILICATA
2024;L182;TIVOLI;RM;ROMA;R00072;LAZIO
2024;L183;TIZZANO VAL PARMA;PR;PARMA;R00054;EMILIA-ROMAGNA
2024;L184;TOANO;RE;REGGIO EMILIA;R00054;EMILIA-ROMAGNA
2024;L185;TOCCO CAUDIO;BN;BENEVENTO;R00045;CAMPANIA
2024;L186;TOCCO DA CASAURIA;PE;PESCARA;R00018;ABRUZZO
2024;L187;TOCENO;VB;VERBANO-CUSIO-OSSOLA;R00125;PIEMONTE
2024;L188;TODI;PG;PERUGIA;R00189;UMBRIA
2024;L189;TOFFIA;RI;RIETI;R00072;LAZIO
2024;L190;TOIRANO;SV;SAVONA;R00081;LIGURIA
2024;L191;TOLENTINO;MC;MACERATA;R00107;MARCHE
2024;L192;TOLFA;RM;ROMA;R00072;LAZIO
2024;L193;TOLLEGNO;BI;BIELLA;R00125;PIEMONTE
2024;L194;TOLLO;CH;CHIETI;R00018;ABRUZZO
2024;L195;TOLMEZZO;UD;UDINE;R00063;FRIULI-VENEZIA GIULIA
2024;L197;TOLVE;PZ;POTENZA;R00027;BASILICATA
2024;L199;TOMBOLO;PD;PADOVA;R00205;VENETO
2024;L200;TON;TN;TRENTO;R00214;PROVINCIA AUTONOMA TRENTO
2024;L202;TONARA;NU;NUORO;R00143;SARDEGNA
2024;L203;TONCO;AT;ASTI;R00125;PIEMONTE
2024;L205;TORA E PICCILLI;CE;CASERTA;R00045;CAMPANIA
2024;L206;TORANO CASTELLO;CS;COSENZA;R00036;CALABRIA
2024;L207;TORANO NUOVO;TE;TERAMO;R00018;ABRUZZO
2024;L210;TORBOLE CASAGLIA;BS;BRESCIA;R00090;LOMBARDIA
2024;L211;TORCEGNO;TN;TRENTO;R00214;PROVINCIA AUTONOMA TRENTO
2024;L212;TORCHIARA;SA;SALERNO;R00045;CAMPANIA
2024;L213;TORCHIAROLO;BR;BRINDISI;R00134;PUGLIA
2024;L214;TORELLA DE' LOMBARDI;AV;AVELLINO;R00045;CAMPANIA
2024;L215;TORELLA DEL SANNIO;CB;CAMPOBASSO;R00116;MOLISE
2024;L216;TORGIANO;PG;PERUGIA;R00189;UMBRIA
2024;L217;TORGNON;AO;AOSTA;R00198;VALLE D'AOSTA/VALLÉE D'AOSTE
2024;L218;TORINO DI SANGRO;CH;CHIETI;R00018;ABRUZZO
2024;L219;TORINO;TO;TORINO;R00125;PIEMONTE
2024;L220;TORITTO;BA;BARI;R00134;PUGLIA
2024;L221;TORLINO VIMERCATI;CR;CREMONA;R00090;LOMBARDIA
2024;L223;TORNACO;NO;NOVARA;R00125;PIEMONTE
2024;L224;TORNARECCIO;CH;CHIETI;R00018;ABRUZZO
2024;L225;TORNATA;CR;CREMONA;R00090;LOMBARDIA
2024;L227;TORNIMPARTE;AQ;L'AQUILA;R00018;ABRUZZO
2024;L228;TORNO;CO;COMO;R00090;LOMBARDIA
2024;L229;TORNOLO;PR;PARMA;R00054;EMILIA-ROMAGNA
2024;L147;TESERO;TN;TRENTO;R00214;PROVINCIA AUTONOMA TRENTO
2024;L059;TASSAROLO;AL;ALESSANDRIA;R00125;PIEMONTE
2024;L061;TAURANO;AV;AVELLINO;R00045;CAMPANIA
2024;L062;TAURASI;AV;AVELLINO;R00045;CAMPANIA
2024;L063;TAURIANOVA;RC;REGGIO CALABRIA;R00036;CALABRIA
2024;L064;TAURISANO;LE;LECCE;R00134;PUGLIA
2024;L065;TAVAGNACCO;UD;UDINE;R00063;FRIULI-VENEZIA GIULIA
2024;L066;TAVAGNASCO;TO;TORINO;R00125;PIEMONTE
2024;L069;TAVENNA;CB;CAMPOBASSO;R00116;MOLISE
2024;L070;TAVERNA;CZ;CATANZARO;R00036;CALABRIA
2024;L071;TAVERNERIO;CO;COMO;R00090;LOMBARDIA
2024;L073;TAVERNOLA BERGAMASCA;BG;BERGAMO;R00090;LOMBARDIA
2024;L074;TAVIANO;LE;LECCE;R00134;PUGLIA
2024;L075;TAVIGLIANO;BI;BIELLA;R00125;PIEMONTE
2024;L078;TAVOLETO;PU;PESARO - URBINO;R00107;MARCHE
2024;L081;TAVULLIA;PU;PESARO - URBINO;R00107;MARCHE
2024;L082;TEANA;PZ;POTENZA;R00027;BASILICATA
2024;L083;TEANO;CE;CASERTA;R00045;CAMPANIA
2024;L084;TEGLIO;SO;SONDRIO;R00090;LOMBARDIA
2024;L085;TEGLIO VENETO;VE;VENEZIA;R00205;VENETO
2024;L086;TELESE;BN;BENEVENTO;R00045;CAMPANIA
2024;L087;TELGATE;BG;BERGAMO;R00090;LOMBARDIA
2024;L089;TELVE;TN;TRENTO;R00214;PROVINCIA AUTONOMA TRENTO
2024;L090;TELVE DI SOPRA;TN;TRENTO;R00214;PROVINCIA AUTONOMA TRENTO
2024;L094;TEMU';BS;BRESCIA;R00090;LOMBARDIA
2024;L096;TENNA;TN;TRENTO;R00214;PROVINCIA AUTONOMA TRENTO
2024;L097;TENNO;TN;TRENTO;R00214;PROVINCIA AUTONOMA TRENTO
2024;L100;TEOLO;PD;PADOVA;R00205;VENETO
2024;L102;TEORA;AV;AVELLINO;R00045;CAMPANIA
2024;L103;TERAMO;TE;TERAMO;R00018;ABRUZZO
2024;L104;TERDOBBIATE;NO;NOVARA;R00125;PIEMONTE
2024;L105;TERELLE;FR;FROSINONE;R00072;LAZIO
2024;L106;TERENTO;BZ;BOLZANO;R00223;PROVINCIA AUTONOMA BOLZANO
2024;L108;TERLANO;BZ;BOLZANO;R00223;PROVINCIA AUTONOMA BOLZANO
2024;L109;TERLIZZI;BA;BARI;R00134;PUGLIA
2024;L111;TERMENO;BZ;BOLZANO;R00223;PROVINCIA AUTONOMA BOLZANO
2024;L112;TERMINI IMERESE;PA;PALERMO;R00152;SICILIA
2024;L113;TERMOLI;CB;CAMPOBASSO;R00116;MOLISE
2024;L115;TERNATE;VA;VARESE;R00090;LOMBARDIA
2024;L116;TERNENGO;BI;BIELLA;R00125;PIEMONTE
2024;L117;TERNI;TR;TERNI;R00189;UMBRIA
2024;L118;TERNO D'ISOLA;BG;BERGAMO;R00090;LOMBARDIA
2024;L120;TERRACINA;LT;LATINA;R00072;LAZIO
2024;L121;TERRAGNOLO;TN;TRENTO;R00214;PROVINCIA AUTONOMA TRENTO
2024;L122;TERRALBA;OR;ORISTANO;R00143;SARDEGNA
2024;L123;TERRANUOVA BRACCIOLINI;AR;AREZZO;R00161;TOSCANA
2024;L124;TERRANOVA DA SIBARI;CS;COSENZA;R00036;CALABRIA
2024;L125;TERRANOVA DEI PASSERINI;LO;LODI;R00090;LOMBARDIA
2024;L126;TERRANOVA DI POLLINO;PZ;POTENZA;R00027;BASILICATA
2024;L127;TERRANOVA SAPPO MINULIO;RC;REGGIO CALABRIA;R00036;CALABRIA
2024;L131;TERRASINI;PA;PALERMO;R00152;SICILIA
2024;L132;TERRASSA PADOVANA;PD;PADOVA;R00205;VENETO
2024;L134;TERRAVECCHIA;CS;COSENZA;R00036;CALABRIA
2024;L136;TERRAZZO;VR;VERONA;R00205;VENETO
2024;L138;TERRICCIOLA;PI;PISA;R00161;TOSCANA
2024;L139;TERRUGGIA;AL;ALESSANDRIA;R00125;PIEMONTE
2024;L142;TERZIGNO;NA;NAPOLI;R00045;CAMPANIA
2024;L143;TERZO;AL;ALESSANDRIA;R00125;PIEMONTE
2024;L144;TERZO DI AQUILEIA;UD;UDINE;R00063;FRIULI-VENEZIA GIULIA
2024;L145;TERZOLAS;TN;TRENTO;R00214;PROVINCIA AUTONOMA TRENTO
2024;L146;TERZORIO;IM;IMPERIA;R00081;LIGURIA
2024;L058;TARZO;TV;TREVISO;R00205;VENETO
2024;I963;STORNARELLA;FG;FOGGIA;R00134;PUGLIA
2024;I964;STORO;TN;TRENTO;R00214;PROVINCIA AUTONOMA TRENTO
2024;I965;STRA;VE;VENEZIA;R00205;VENETO
2024;I968;STRADELLA;PV;PAVIA;R00090;LOMBARDIA
2024;I969;STRAMBINELLO;TO;TORINO;R00125;PIEMONTE
2024;I970;STRAMBINO;TO;TORINO;R00125;PIEMONTE
2024;I973;STRANGOLAGALLI;FR;FROSINONE;R00072;LAZIO
2024;H503;ROMAGNANO AL MONTE;SA;SALERNO;R00045;CAMPANIA
2024;H505;ROMAGNESE;PV;PAVIA;R00090;LOMBARDIA
2024;H507;ROMANA;SS;SASSARI;R00143;SARDEGNA
2024;H508;ROMANENGO;CR;CREMONA;R00090;LOMBARDIA
2024;H509;ROMANO DI LOMBARDIA;BG;BERGAMO;R00090;LOMBARDIA
2024;H511;ROMANO CANAVESE;TO;TORINO;R00125;PIEMONTE
2024;H512;ROMANO D'EZZELINO;VI;VICENZA;R00205;VENETO
2024;A626;BARBARA;AN;ANCONA;R00107;MARCHE
2024;A628;BARBARANO ROMANO;VT;VITERBO;R00072;LAZIO
2024;A629;BARBARESCO;CN;CUNEO;R00125;PIEMONTE
2024;A630;BARBARIGA;BS;BRESCIA;R00090;LOMBARDIA
2024;A631;BARBATA;BG;BERGAMO;R00090;LOMBARDIA
2024;A632;BARBERINO DI MUGELLO;FI;FIRENZE;R00161;TOSCANA
2024;A634;BARBIANELLO;PV;PAVIA;R00090;LOMBARDIA
2024;A635;BARBIANO;BZ;BOLZANO;R00223;PROVINCIA AUTONOMA BOLZANO
2024;A637;BARBONA;PD;PADOVA;R00205;VENETO
2024;A638;BARCELLONA POZZO DI GOTTO;ME;MESSINA;R00152;SICILIA
2024;A640;BARCIS;PN;PORDENONE;R00063;FRIULI-VENEZIA GIULIA
2024;A643;BARD;AO;AOSTA;R00198;VALLE D'AOSTA/VALLÉE D'AOSTE
2024;A646;BARDI;PR;PARMA;R00054;EMILIA-ROMAGNA
2024;A647;BARDINETO;SV;SAVONA;R00081;LIGURIA
2024;A650;BARDOLINO;VR;VERONA;R00205;VENETO
2024;A651;BARDONECCHIA;TO;TORINO;R00125;PIEMONTE
2024;A652;BAREGGIO;MI;MILANO;R00090;LOMBARDIA
2024;A653;BARENGO;NO;NOVARA;R00125;PIEMONTE
2024;A655;BARESSA;OR;ORISTANO;R00143;SARDEGNA
2024;A656;BARETE;AQ;L'AQUILA;R00018;ABRUZZO
2024;A657;BARGA;LU;LUCCA;R00161;TOSCANA
2024;A658;BARGAGLI;GE;GENOVA;R00081;LIGURIA
2024;A660;BARGE;CN;CUNEO;R00125;PIEMONTE
2024;A661;BARGHE;BS;BRESCIA;R00090;LOMBARDIA
2024;A662;BARI;BA;BARI;R00134;PUGLIA
2024;A664;BARIANO;BG;BERGAMO;R00090;LOMBARDIA
2024;A665;BARICELLA;BO;BOLOGNA;R00054;EMILIA-ROMAGNA
2024;A666;BARILE;PZ;POTENZA;R00027;BASILICATA
2024;A667;BARISCIANO;AQ;L'AQUILA;R00018;ABRUZZO
2024;A668;BARLASSINA;MB;MONZA E BRIANZA;R00090;LOMBARDIA
2024;A669;BARLETTA;BT;BARLETTA_ANDRIA_TRANI;R00134;PUGLIA
2024;A670;BARNI;CO;COMO;R00090;LOMBARDIA
2024;A671;BAROLO;CN;CUNEO;R00125;PIEMONTE
2024;A673;BARONE CANAVESE;TO;TORINO;R00125;PIEMONTE
2024;A674;BARONISSI;SA;SALERNO;R00045;CAMPANIA
2024;A587;BALANGERO;TO;TORINO;R00125;PIEMONTE
2024;A676;BARRAFRANCA;EN;ENNA;R00152;SICILIA
2024;A507;AVELENGO;BZ;BOLZANO;R00223;PROVINCIA AUTONOMA BOLZANO
2024;A508;AVELLA;AV;AVELLINO;R00045;CAMPANIA
2024;A509;AVELLINO;AV;AVELLINO;R00045;CAMPANIA
2024;A511;AVERARA;BG;BERGAMO;R00090;LOMBARDIA
2024;A512;AVERSA;CE;CASERTA;R00045;CAMPANIA
2024;A514;AVETRANA;TA;TARANTO;R00134;PUGLIA
2024;A515;AVEZZANO;AQ;L'AQUILA;R00018;ABRUZZO
2024;A516;AVIANO;PN;PORDENONE;R00063;FRIULI-VENEZIA GIULIA
2024;A517;AVIATICO;BG;BERGAMO;R00090;LOMBARDIA
2024;A518;AVIGLIANA;TO;TORINO;R00125;PIEMONTE
2024;A519;AVIGLIANO;PZ;POTENZA;R00027;BASILICATA
2024;A520;AVIO;TN;TRENTO;R00214;PROVINCIA AUTONOMA TRENTO
2024;A521;AVISE;AO;AOSTA;R00198;VALLE D'AOSTA/VALLÉE D'AOSTE
2024;A522;AVOLA;SR;SIRACUSA;R00152;SICILIA
2024;A523;AVOLASCA;AL;ALESSANDRIA;R00125;PIEMONTE
2024;A525;AZEGLIO;TO;TORINO;R00125;PIEMONTE
2024;A526;AZZANELLO;CR;CREMONA;R00090;LOMBARDIA
2024;A527;AZZANO D'ASTI;AT;ASTI;R00125;PIEMONTE
2024;A528;AZZANO SAN PAOLO;BG;BERGAMO;R00090;LOMBARDIA
2024;A529;AZZANO MELLA;BS;BRESCIA;R00090;LOMBARDIA
2024;A357;ARBOREA;OR;ORISTANO;R00143;SARDEGNA
2024;A358;ARBORIO;VC;VERCELLI;R00125;PIEMONTE
2024;A360;ARCADE;TV;TREVISO;R00205;VENETO
2024;A363;ARCE;FR;FROSINONE;R00072;LAZIO
2024;A365;ARCENE;BG;BERGAMO;R00090;LOMBARDIA
2024;A366;ARCEVIA;AN;ANCONA;R00107;MARCHE
2024;A367;ARCHI;CH;CHIETI;R00018;ABRUZZO
2024;A368;SAN NICOLO' D'ARCIDANO;OR;ORISTANO;R00143;SARDEGNA
2024;A369;ARCIDOSSO;GR;GROSSETO;R00161;TOSCANA
2024;A370;ARCINAZZO ROMANO;RM;ROMA;R00072;LAZIO
2024;A371;ARCISATE;VA;VARESE;R00090;LOMBARDIA
2024;A372;ARCO;TN;TRENTO;R00214;PROVINCIA AUTONOMA TRENTO
2024;A373;ARCOLA;SP;LA SPEZIA;R00081;LIGURIA
2024;A374;ARCOLE;VR;VERONA;R00205;VENETO
2024;A375;ARCONATE;MI;MILANO;R00090;LOMBARDIA
2024;A376;ARCORE;MB;MONZA E BRIANZA;R00090;LOMBARDIA
2024;A377;ARCUGNANO;VI;VICENZA;R00205;VENETO
2024;A379;ARDARA;SS;SASSARI;R00143;SARDEGNA
2024;A380;ARDAULI;OR;ORISTANO;R00143;SARDEGNA
2024;A382;ARDENNO;SO;SONDRIO;R00090;LOMBARDIA
2024;A383;ARDESIO;BG;BERGAMO;R00090;LOMBARDIA
2024;A385;ARDORE;RC;REGGIO CALABRIA;R00036;CALABRIA
2024;A386;ARENA;VV;VIBO VALENTIA;R00036;CALABRIA
2024;A387;ARENA PO;PV;PAVIA;R00090;LOMBARDIA
2024;A388;ARENZANO;GE;GENOVA;R00081;LIGURIA
2024;A389;ARESE;MI;MILANO;R00090;LOMBARDIA
2024;A390;AREZZO;AR;AREZZO;R00161;TOSCANA
2024;A391;ARGEGNO;CO;COMO;R00090;LOMBARDIA
2024;A392;ARGELATO;BO;BOLOGNA;R00054;EMILIA-ROMAGNA
2024;A393;ARGENTA;FE;FERRARA;R00054;EMILIA-ROMAGNA
2024;A394;ARGENTERA;CN;CUNEO;R00125;PIEMONTE
2024;A396;ARGUELLO;CN;CUNEO;R00125;PIEMONTE
2024;A397;ARGUSTO;CZ;CATANZARO;R00036;CALABRIA
2024;A398;ARI;CH;CHIETI;R00018;ABRUZZO
2024;A399;ARIANO IRPINO;AV;AVELLINO;R00045;CAMPANIA
2024;A400;ARIANO NEL POLESINE;RO;ROVIGO;R00205;VENETO
2024;A401;ARICCIA;RM;ROMA;R00072;LAZIO
2024;A402;ARIELLI;CH;CHIETI;R00018;ABRUZZO
2024;A403;ARIENZO;CE;CASERTA;R00045;CAMPANIA
2024;A405;ARIGNANO;TO;TORINO;R00125;PIEMONTE
2024;A407;ARITZO;NU;NUORO;R00143;SARDEGNA
2024;A409;ARIZZANO;VB;VERBANO-CUSIO-OSSOLA;R00125;PIEMONTE
2024;A412;ARLENA DI CASTRO;VT;VITERBO;R00072;LAZIO
2024;A413;ARLUNO;MI;MILANO;R00090;LOMBARDIA
2024;A414;ARMENO;NO;NOVARA;R00125;PIEMONTE
2024;A329;APIRO;MC;MACERATA;R00107;MARCHE
2024;A415;ARMENTO;PZ;POTENZA;R00027;BASILICATA
2024;A418;ARMO;IM;IMPERIA;R00081;LIGURIA
2024;A421;ARNARA;FR;FROSINONE;R00072;LAZIO
2024;A251;AMALFI;SA;SALERNO;R00045;CAMPANIA
2024;A252;AMANDOLA;FM;FERMO;R00107;MARCHE
2024;A253;AMANTEA;CS;COSENZA;R00036;CALABRIA
2024;A254;AMARO;UD;UDINE;R00063;FRIULI-VENEZIA GIULIA
2024;A255;AMARONI;CZ;CATANZARO;R00036;CALABRIA
2024;A256;AMASENO;FR;FROSINONE;R00072;LAZIO
2024;A257;AMATO;CZ;CATANZARO;R00036;CALABRIA
2024;A258;AMATRICE;RI;RIETI;R00072;LAZIO
2024;A259;AMBIVERE;BG;BERGAMO;R00090;LOMBARDIA
2024;A261;AMEGLIA;SP;LA SPEZIA;R00081;LIGURIA
2024;A262;AMELIA;TR;TERNI;R00189;UMBRIA
2024;A263;AMENDOLARA;CS;COSENZA;R00036;CALABRIA
2024;A264;AMENO;NO;NOVARA;R00125;PIEMONTE
2024;A265;AMOROSI;BN;BENEVENTO;R00045;CAMPANIA
2024;A266;CORTINA D'AMPEZZO;BL;BELLUNO;R00205;VENETO
2024;A267;AMPEZZO;UD;UDINE;R00063;FRIULI-VENEZIA GIULIA
2024;A268;ANACAPRI;NA;NAPOLI;R00045;CAMPANIA
2024;A269;ANAGNI;FR;FROSINONE;R00072;LAZIO
2024;A270;ANCARANO;TE;TERAMO;R00018;ABRUZZO
2024;A271;ANCONA;AN;ANCONA;R00107;MARCHE
2024;A272;ANDALI;CZ;CATANZARO;R00036;CALABRIA
2024;A273;ANDALO VALTELLINO;SO;SONDRIO;R00090;LOMBARDIA
2024;A274;ANDALO;TN;TRENTO;R00214;PROVINCIA AUTONOMA TRENTO
2024;A275;ANDEZENO;TO;TORINO;R00125;PIEMONTE
2024;A278;ANDORA;SV;SAVONA;R00081;LIGURIA
2024;A280;ANDORNO MICCA;BI;BIELLA;R00125;PIEMONTE
2024;A281;ANDRANO;LE;LECCE;R00134;PUGLIA
2024;A282;ANDRATE;TO;TORINO;R00125;PIEMONTE
2024;A283;ANDREIS;PN;PORDENONE;R00063;FRIULI-VENEZIA GIULIA
2024;A284;ANDRETTA;AV;AVELLINO;R00045;CAMPANIA
2024;A286;ANDRIANO;BZ;BOLZANO;R00223;PROVINCIA AUTONOMA BOLZANO
2024;A287;ANELA;SS;SASSARI;R00143;SARDEGNA
2024;A288;ANFO;BS;BRESCIA;R00090;LOMBARDIA
2024;A290;ANGERA;VA;VARESE;R00090;LOMBARDIA
2024;A291;ANGHIARI;AR;AREZZO;R00161;TOSCANA
2024;A292;ANGIARI;VR;VERONA;R00205;VENETO
2024;A293;ANGOLO TERME;BS;BRESCIA;R00090;LOMBARDIA
2024;A294;ANGRI;SA;SALERNO;R00045;CAMPANIA
2024;A295;ANGROGNA;TO;TORINO;R00125;PIEMONTE
2024;A296;ANGUILLARA VENETA;PD;PADOVA;R00205;VENETO
2024;A297;ANGUILLARA SABAZIA;RM;ROMA;R00072;LAZIO
2024;A299;ANNICCO;CR;CREMONA;R00090;LOMBARDIA
2024;A300;CASTELLO DI ANNONE;AT;ASTI;R00125;PIEMONTE
2024;A301;ANNONE DI BRIANZA;LC;LECCO;R00090;LOMBARDIA
2024;A302;ANNONE VENETO;VE;VENEZIA;R00205;VENETO
2024;A303;ANOIA;RC;REGGIO CALABRIA;R00036;CALABRIA
2024;A304;ANTEGNATE;BG;BERGAMO;R00090;LOMBARDIA
2024;A305;ANTEY SAINT ANDRE';AO;AOSTA;R00198;VALLE D'AOSTA/VALLÉE D'AOSTE
2024;A306;ANTERIVO;BZ;BOLZANO;R00223;PROVINCIA AUTONOMA BOLZANO
2024;A308;LA MAGDELEINE;AO;AOSTA;R00198;VALLE D'AOSTA/VALLÉE D'AOSTE
2024;A309;ANTICOLI CORRADO;RM;ROMA;R00072;LAZIO
2024;A310;FIUGGI;FR;FROSINONE;R00072;LAZIO
2024;A312;ANTIGNANO;AT;ASTI;R00125;PIEMONTE
2024;A313;ANTILLO;ME;MESSINA;R00152;SICILIA
2024;A314;ANTONIMINA;RC;REGGIO CALABRIA;R00036;CALABRIA
2024;A315;ANTRODOCO;RI;RIETI;R00072;LAZIO
2024;A317;ANTRONA SCHIERANCO;VB;VERBANO-CUSIO-OSSOLA;R00125;PIEMONTE
2024;A318;ANVERSA DEGLI ABRUZZI;AQ;L'AQUILA;R00018;ABRUZZO
2024;A319;ANZANO DEL PARCO;CO;COMO;R00090;LOMBARDIA
2024;A320;ANZANO DI PUGLIA;FG;FOGGIA;R00134;PUGLIA
2024;A321;ANZI;PZ;POTENZA;R00027;BASILICATA
2024;A249;ALZATE BRIANZA;CO;COMO;R00090;LOMBARDIA
2024;A323;ANZIO;RM;ROMA;R00072;LAZIO
2024;A324;ANZOLA DELL'EMILIA;BO;BOLOGNA;R00054;EMILIA-ROMAGNA
2024;A325;ANZOLA D'OSSOLA;VB;VERBANO-CUSIO-OSSOLA;R00125;PIEMONTE
2024;A326;AOSTA;AO;AOSTA;R00198;VALLE D'AOSTA/VALLÉE D'AOSTE
2024;A327;APECCHIO;PU;PESARO - URBINO;R00107;MARCHE
2024;A328;APICE;BN;BENEVENTO;R00045;CAMPANIA
2024;A172;ALBOSAGGIA;SO;SONDRIO;R00090;LOMBARDIA
2024;A173;ALBUGNANO;AT;ASTI;R00125;PIEMONTE
2024;A175;ALBUZZANO;PV;PAVIA;R00090;LOMBARDIA
2024;A176;ALCAMO;TP;TRAPANI;R00152;SICILIA
2024;A177;ALCARA LI FUSI;ME;MESSINA;R00152;SICILIA
2024;A178;ALDENO;TN;TRENTO;R00214;PROVINCIA AUTONOMA TRENTO
2024;A179;ALDINO;BZ;BOLZANO;R00223;PROVINCIA AUTONOMA BOLZANO
2024;A180;ALES;OR;ORISTANO;R00143;SARDEGNA
2024;A181;ALESSANDRIA DELLA ROCCA;AG;AGRIGENTO;R00152;SICILIA
2024;A182;ALESSANDRIA;AL;ALESSANDRIA;R00125;PIEMONTE
2024;A183;ALESSANDRIA DEL CARRETTO;CS;COSENZA;R00036;CALABRIA
2024;A184;ALESSANO;LE;LECCE;R00134;PUGLIA
2024;A185;ALEZIO;LE;LECCE;R00134;PUGLIA
2024;A186;ALFANO;SA;SALERNO;R00045;CAMPANIA
2024;A187;ALFEDENA;AQ;L'AQUILA;R00018;ABRUZZO
2024;A188;ALFIANELLO;BS;BRESCIA;R00090;LOMBARDIA
2024;A189;ALFIANO NATTA;AL;ALESSANDRIA;R00125;PIEMONTE
2024;A191;ALFONSINE;RA;RAVENNA;R00054;EMILIA-ROMAGNA
2024;A192;ALGHERO;SS;SASSARI;R00143;SARDEGNA
2024;A193;ALGUA;BG;BERGAMO;R00090;LOMBARDIA
2024;A194;ALI';ME;MESSINA;R00152;SICILIA
2024;A195;ALIA;PA;PALERMO;R00152;SICILIA
2024;A530;AZZANO DECIMO;PN;PORDENONE;R00063;FRIULI-VENEZIA GIULIA
2024;A531;AZZATE;VA;VARESE;R00090;LOMBARDIA
2024;A532;AZZIO;VA;VARESE;R00090;LOMBARDIA
2024;A533;AZZONE;BG;BERGAMO;R00090;LOMBARDIA
2024;A534;BACENO;VB;VERBANO-CUSIO-OSSOLA;R00125;PIEMONTE
2024;A535;BACOLI;NA;NAPOLI;R00045;CAMPANIA
2024;A536;BADALUCCO;IM;IMPERIA;R00081;LIGURIA
2024;A537;BADIA;BZ;BOLZANO;R00223;PROVINCIA AUTONOMA BOLZANO
2024;A538;BADIA PAVESE;PV;PAVIA;R00090;LOMBARDIA
2024;A539;BADIA POLESINE;RO;ROVIGO;R00205;VENETO
2024;A540;BADIA CALAVENA;VR;VERONA;R00205;VENETO
2024;A541;BADIA TEDALDA;AR;AREZZO;R00161;TOSCANA
2024;A542;BADOLATO;CZ;CATANZARO;R00036;CALABRIA
2024;A544;BAGALADI;RC;REGGIO CALABRIA;R00036;CALABRIA
2024;A546;BAGHERIA;PA;PALERMO;R00152;SICILIA
2024;A547;BAGNACAVALLO;RA;RAVENNA;R00054;EMILIA-ROMAGNA
2024;A550;BAGNARIA;PV;PAVIA;R00090;LOMBARDIA
2024;A551;BAGNARA DI ROMAGNA;RA;RAVENNA;R00054;EMILIA-ROMAGNA
2024;A552;BAGNARA CALABRA;RC;REGGIO CALABRIA;R00036;CALABRIA
2024;A553;BAGNARIA ARSA;UD;UDINE;R00063;FRIULI-VENEZIA GIULIA
2024;A555;BAGNASCO;CN;CUNEO;R00125;PIEMONTE
2024;A557;BAGNATICA;BG;BERGAMO;R00090;LOMBARDIA
2024;A560;BAGNI DI LUCCA;LU;LUCCA;R00161;TOSCANA
2024;A561;MONTECATINI-TERME;PT;PISTOIA;R00161;TOSCANA
2024;A562;SAN GIULIANO TERME;PI;PISA;R00161;TOSCANA
2024;A564;BAGNO A RIPOLI;FI;FIRENZE;R00161;TOSCANA
2024;A565;BAGNO DI ROMAGNA;FC;FORLI' - CESENA;R00054;EMILIA-ROMAGNA
2024;A566;BAGNOLI IRPINO;AV;AVELLINO;R00045;CAMPANIA
2024;A567;BAGNOLI DEL TRIGNO;IS;ISERNIA;R00116;MOLISE
2024;A568;BAGNOLI DI SOPRA;PD;PADOVA;R00205;VENETO
2024;A569;BAGNOLO MELLA;BS;BRESCIA;R00090;LOMBARDIA
2024;A570;BAGNOLO CREMASCO;CR;CREMONA;R00090;LOMBARDIA
2024;A571;BAGNOLO PIEMONTE;CN;CUNEO;R00125;PIEMONTE
2024;A572;BAGNOLO DEL SALENTO;LE;LECCE;R00134;PUGLIA
2024;A573;BAGNOLO IN PIANO;RE;REGGIO EMILIA;R00054;EMILIA-ROMAGNA
2024;A574;BAGNOLO DI PO;RO;ROVIGO;R00205;VENETO
2024;A575;BAGNOLO SAN VITO;MN;MANTOVA;R00090;LOMBARDIA
2024;A576;BAGNONE;MS;MASSA CARRARA;R00161;TOSCANA
2024;A577;BAGNOREGIO;VT;VITERBO;R00072;LAZIO
2024;A578;BAGOLINO;BS;BRESCIA;R00090;LOMBARDIA
2024;A579;BAIA E LATINA;CE;CASERTA;R00045;CAMPANIA
2024;A580;BAIANO;AV;AVELLINO;R00045;CAMPANIA
2024;A581;BAIARDO;IM;IMPERIA;R00081;LIGURIA
2024;A584;BAIRO;TO;TORINO;R00125;PIEMONTE
2024;A586;BAISO;RE;REGGIO EMILIA;R00054;EMILIA-ROMAGNA
2024;A506;AVEGNO;GE;GENOVA;R00081;LIGURIA
2024;A424;ARNAD;AO;AOSTA;R00198;VALLE D'AOSTA/VALLÉE D'AOSTE
2024;A425;ARNESANO;LE;LECCE;R00134;PUGLIA
2024;A427;AROLA;VB;VERBANO-CUSIO-OSSOLA;R00125;PIEMONTE
2024;A429;ARONA;NO;NOVARA;R00125;PIEMONTE
2024;A430;AROSIO;CO;COMO;R00090;LOMBARDIA
2024;A431;ARPAIA;BN;BENEVENTO;R00045;CAMPANIA
2024;A432;ARPAISE;BN;BENEVENTO;R00045;CAMPANIA
2024;A433;ARPINO;FR;FROSINONE;R00072;LAZIO
2024;A434;ARQUA' PETRARCA;PD;PADOVA;R00205;VENETO
2024;A435;ARQUA' POLESINE;RO;ROVIGO;R00205;VENETO
2024;A436;ARQUATA SCRIVIA;AL;ALESSANDRIA;R00125;PIEMONTE
2024;A437;ARQUATA DEL TRONTO;AP;ASCOLI PICENO;R00107;MARCHE
2024;A438;ARRE;PD;PADOVA;R00205;VENETO
2024;A439;ARRONE;TR;TERNI;R00189;UMBRIA
2024;A440;ARZAGO D'ADDA;BG;BERGAMO;R00090;LOMBARDIA
2024;A441;ARSAGO SEPRIO;VA;VARESE;R00090;LOMBARDIA
2024;A443;ARSIE';BL;BELLUNO;R00205;VENETO
2024;A444;ARSIERO;VI;VICENZA;R00205;VENETO
2024;A445;ARSITA;TE;TERAMO;R00018;ABRUZZO
2024;A446;ARSOLI;RM;ROMA;R00072;LAZIO
2024;A447;ARTA TERME;UD;UDINE;R00063;FRIULI-VENEZIA GIULIA
2024;A448;ARTEGNA;UD;UDINE;R00063;FRIULI-VENEZIA GIULIA
2024;A449;ARTENA;RM;ROMA;R00072;LAZIO
2024;A451;ARTOGNE;BS;BRESCIA;R00090;LOMBARDIA
2024;A452;ARVIER;AO;AOSTA;R00198;VALLE D'AOSTA/VALLÉE D'AOSTE
2024;A455;ARZANO;NA;NAPOLI;R00045;CAMPANIA
2024;A458;ARZERGRANDE;PD;PADOVA;R00205;VENETO
2024;A459;ARZIGNANO;VI;VICENZA;R00205;VENETO
2024;A460;ASCEA;SA;SALERNO;R00045;CAMPANIA
2024;A461;ASCIANO;SI;SIENA;R00161;TOSCANA
2024;A462;ASCOLI PICENO;AP;ASCOLI PICENO;R00107;MARCHE
2024;A463;ASCOLI SATRIANO;FG;FOGGIA;R00134;PUGLIA
2024;A464;ASCREA;RI;RIETI;R00072;LAZIO
2024;A465;ASIAGO;VI;VICENZA;R00205;VENETO
2024;A466;ASIGLIANO VERCELLESE;VC;VERCELLI;R00125;PIEMONTE
2024;A467;ASIGLIANO VENETO;VI;VICENZA;R00205;VENETO
2024;A468;SINALUNGA;SI;SIENA;R00161;TOSCANA
2024;A470;ASOLA;MN;MANTOVA;R00090;LOMBARDIA
2024;A471;ASOLO;TV;TREVISO;R00205;VENETO
2024;A472;CASPERIA;RI;RIETI;R00072;LAZIO
2024;A473;ASSAGO;MI;MILANO;R00090;LOMBARDIA
2024;A474;ASSEMINI;CA;CAGLIARI;R00143;SARDEGNA
2024;A475;ASSISI;PG;PERUGIA;R00189;UMBRIA
2024;A476;ASSO;CO;COMO;R00090;LOMBARDIA
2024;A477;ASSOLO;OR;ORISTANO;R00143;SARDEGNA
2024;A478;ASSORO;EN;ENNA;R00152;SICILIA
2024;A479;ASTI;AT;ASTI;R00125;PIEMONTE
2024;A480;ASUNI;OR;ORISTANO;R00143;SARDEGNA
2024;A481;ATELETA;AQ;L'AQUILA;R00018;ABRUZZO
2024;A482;ATELLA;PZ;POTENZA;R00027;BASILICATA
2024;A484;ATENA LUCANA;SA;SALERNO;R00045;CAMPANIA
2024;A485;ATESSA;CH;CHIETI;R00018;ABRUZZO
2024;A486;ATINA;FR;FROSINONE;R00072;LAZIO
2024;A487;ATRANI;SA;SALERNO;R00045;CAMPANIA
2024;A488;ATRI;TE;TERAMO;R00018;ABRUZZO
2024;A489;ATRIPALDA;AV;AVELLINO;R00045;CAMPANIA
2024;A490;ATTIGLIANO;TR;TERNI;R00189;UMBRIA
2024;A491;ATTIMIS;UD;UDINE;R00063;FRIULI-VENEZIA GIULIA
2024;A492;ATZARA;NU;NUORO;R00143;SARDEGNA
2024;A494;AUGUSTA;SR;SIRACUSA;R00152;SICILIA
2024;A495;AULETTA;SA;SALERNO;R00045;CAMPANIA
2024;A496;AULLA;MS;MASSA CARRARA;R00161;TOSCANA
2024;A497;AURANO;VB;VERBANO-CUSIO-OSSOLA;R00125;PIEMONTE
2024;A499;AURIGO;IM;IMPERIA;R00081;LIGURIA
2024;A501;AURONZO DI CADORE;BL;BELLUNO;R00205;VENETO
2024;A502;AUSONIA;FR;FROSINONE;R00072;LAZIO
2024;A422;ARNASCO;SV;SAVONA;R00081;LIGURIA
2024;A503;AUSTIS;NU;NUORO;R00143;SARDEGNA
2024;A330;APOLLOSA;BN;BENEVENTO;R00045;CAMPANIA
2024;A332;APPIANO;BZ;BOLZANO;R00223;PROVINCIA AUTONOMA BOLZANO
2024;A333;APPIANO GENTILE;CO;COMO;R00090;LOMBARDIA
2024;A334;APPIGNANO;MC;MACERATA;R00107;MARCHE
2024;A335;APPIGNANO DEL TRONTO;AP;ASCOLI PICENO;R00107;MARCHE
2024;A337;APRICA;SO;SONDRIO;R00090;LOMBARDIA
2024;A338;APRICALE;IM;IMPERIA;R00081;LIGURIA
2024;A339;APRICENA;FG;FOGGIA;R00134;PUGLIA
2024;A340;APRIGLIANO;CS;COSENZA;R00036;CALABRIA
2024;A341;APRILIA;LT;LATINA;R00072;LAZIO
2024;A343;AQUARA;SA;SALERNO;R00045;CAMPANIA
2024;A344;AQUILA D'ARROSCIA;IM;IMPERIA;R00081;LIGURIA
2024;A345;L'AQUILA;AQ;L'AQUILA;R00018;ABRUZZO
2024;A346;AQUILEIA;UD;UDINE;R00063;FRIULI-VENEZIA GIULIA
2024;A347;AQUILONIA;AV;AVELLINO;R00045;CAMPANIA
2024;A348;AQUINO;FR;FROSINONE;R00072;LAZIO
2024;A350;ARADEO;LE;LECCE;R00134;PUGLIA
2024;A351;ARAGONA;AG;AGRIGENTO;R00152;SICILIA
2024;A352;ARAMENGO;AT;ASTI;R00125;PIEMONTE
2024;A354;ARBA;PN;PORDENONE;R00063;FRIULI-VENEZIA GIULIA
2024;A355;TORTOLI';NU;NUORO;R00143;SARDEGNA
2024;B235;BUBBIANO;MI;MILANO;R00090;LOMBARDIA
2024;B236;BUBBIO;AT;ASTI;R00125;PIEMONTE
2024;B237;BUCCHERI;SR;SIRACUSA;R00152;SICILIA
2024;B238;BUCCHIANICO;CH;CHIETI;R00018;ABRUZZO
2024;B239;BUCCIANO;BN;BENEVENTO;R00045;CAMPANIA
2024;B240;BUCCINASCO;MI;MILANO;R00090;LOMBARDIA
2024;B242;BUCCINO;SA;SALERNO;R00045;CAMPANIA
2024;B243;BUCINE;AR;AREZZO;R00161;TOSCANA
2024;B247;BUDOIA;PN;PORDENONE;R00063;FRIULI-VENEZIA GIULIA
2024;B249;BUDRIO;BO;BOLOGNA;R00054;EMILIA-ROMAGNA
2024;B251;BUGGIANO;PT;PISTOIA;R00161;TOSCANA
2024;B255;BUGLIO IN MONTE;SO;SONDRIO;R00090;LOMBARDIA
2024;B256;BUGNARA;AQ;L'AQUILA;R00018;ABRUZZO
2024;B258;BUGUGGIATE;VA;VARESE;R00090;LOMBARDIA
2024;B259;BUIA;UD;UDINE;R00063;FRIULI-VENEZIA GIULIA
2024;B261;BULCIAGO;LC;LECCO;R00090;LOMBARDIA
2024;B262;BULGAROGRASSO;CO;COMO;R00090;LOMBARDIA
2024;B264;BULTEI;SS;SASSARI;R00143;SARDEGNA
2024;B265;BULZI;SS;SASSARI;R00143;SARDEGNA
2024;B266;BUONABITACOLO;SA;SALERNO;R00045;CAMPANIA
2024;B267;BUONALBERGO;BN;BENEVENTO;R00045;CAMPANIA
2024;B268;MONTEBELLO SUL SANGRO;CH;CHIETI;R00018;ABRUZZO
2024;B269;BUONCONVENTO;SI;SIENA;R00161;TOSCANA
2024;B270;BUONVICINO;CS;COSENZA;R00036;CALABRIA
2024;B272;BURAGO DI MOLGORA;MB;MONZA E BRIANZA;R00090;LOMBARDIA
2024;B275;BURGIO;AG;AGRIGENTO;R00152;SICILIA
2024;B276;BURGOS;SS;SASSARI;R00143;SARDEGNA
2024;B278;BURIASCO;TO;TORINO;R00125;PIEMONTE
2024;B279;BUROLO;TO;TORINO;R00125;PIEMONTE
2024;B280;BURONZO;VC;VERCELLI;R00125;PIEMONTE
2024;B281;BUSACHI;OR;ORISTANO;R00143;SARDEGNA
2024;B282;BUSALLA;GE;GENOVA;R00081;LIGURIA
2024;B284;BUSANO;TO;TORINO;R00125;PIEMONTE
2024;B285;BUSCA;CN;CUNEO;R00125;PIEMONTE
2024;B286;BUSCATE;MI;MILANO;R00090;LOMBARDIA
2024;B287;BUSCEMI;SR;SIRACUSA;R00152;SICILIA
2024;B288;BUSETO PALIZZOLO;TP;TRAPANI;R00152;SICILIA
2024;B289;BUSNAGO;MB;MONZA E BRIANZA;R00090;LOMBARDIA
2024;B292;BUSSERO;MI;MILANO;R00090;LOMBARDIA
2024;B293;BUSSETO;PR;PARMA;R00054;EMILIA-ROMAGNA
2024;B294;BUSSI SUL TIRINO;PE;PESCARA;R00018;ABRUZZO
2024;B295;BUSSO;CB;CAMPOBASSO;R00116;MOLISE
2024;B296;BUSSOLENGO;VR;VERONA;R00205;VENETO
2024;B297;BUSSOLENO;TO;TORINO;R00125;PIEMONTE
2024;B300;BUSTO ARSIZIO;VA;VARESE;R00090;LOMBARDIA
2024;B301;BUSTO GAROLFO;MI;MILANO;R00090;LOMBARDIA
2024;B302;BUTERA;CL;CALTANISSETTA;R00152;SICILIA
2024;B303;BUTI;PI;PISA;R00161;TOSCANA
2024;B304;BUTTAPIETRA;VR;VERONA;R00205;VENETO
2024;B305;BUTTIGLIERA ALTA;TO;TORINO;R00125;PIEMONTE
2024;B306;BUTTIGLIERA D'ASTI;AT;ASTI;R00125;PIEMONTE
2024;B216;BRUINO;TO;TORINO;R00125;PIEMONTE
2024;B123;BRANZI;BG;BERGAMO;R00090;LOMBARDIA
2024;B124;BRAONE;BS;BRESCIA;R00090;LOMBARDIA
2024;B126;BREBBIA;VA;VARESE;R00090;LOMBARDIA
2024;B128;BREDA DI PIAVE;TV;TREVISO;R00205;VENETO
2024;B129;CASTELVERDE;CR;CREMONA;R00090;LOMBARDIA
2024;B132;BREGANZE;VI;VICENZA;R00205;VENETO
2024;B134;BREGNANO;CO;COMO;R00090;LOMBARDIA
2024;B137;BREMBATE;BG;BERGAMO;R00090;LOMBARDIA
2024;B138;BREMBATE DI SOPRA;BG;BERGAMO;R00090;LOMBARDIA
2024;B141;BREMBIO;LO;LODI;R00090;LOMBARDIA
2024;B142;BREME;PV;PAVIA;R00090;LOMBARDIA
2024;B143;BRENDOLA;VI;VICENZA;R00205;VENETO
2024;B144;BRENNA;CO;COMO;R00090;LOMBARDIA
2024;B145;BRENNERO;BZ;BOLZANO;R00223;PROVINCIA AUTONOMA BOLZANO
2024;B149;BRENO;BS;BRESCIA;R00090;LOMBARDIA
2024;B150;BRENTA;VA;VARESE;R00090;LOMBARDIA
2024;B152;BRENTINO BELLUNO;VR;VERONA;R00205;VENETO
2024;B153;BRENTONICO;TN;TRENTO;R00214;PROVINCIA AUTONOMA TRENTO
2024;B154;BRENZONE;VR;VERONA;R00205;VENETO
2024;B156;BRESCELLO;RE;REGGIO EMILIA;R00054;EMILIA-ROMAGNA
2024;B157;BRESCIA;BS;BRESCIA;R00090;LOMBARDIA
2024;B158;BRESIMO;TN;TRENTO;R00214;PROVINCIA AUTONOMA TRENTO
2024;B159;BRESSANA BOTTARONE;PV;PAVIA;R00090;LOMBARDIA
2024;B160;BRESSANONE;BZ;BOLZANO;R00223;PROVINCIA AUTONOMA BOLZANO
2024;B161;BRESSANVIDO;VI;VICENZA;R00205;VENETO
2024;B162;BRESSO;MI;MILANO;R00090;LOMBARDIA
2024;L880;VIGLIANO BIELLESE;BI;BIELLA;R00125;PIEMONTE
2024;L881;VIGNALE MONFERRATO;AL;ALESSANDRIA;R00125;PIEMONTE
2024;L882;VIGNANELLO;VT;VITERBO;R00072;LAZIO
2024;L883;VIGNATE;MI;MILANO;R00090;LOMBARDIA
2024;L885;VIGNOLA;MO;MODENA;R00054;EMILIA-ROMAGNA
2024;L886;VIGNOLA-FALESINA;TN;TRENTO;R00214;PROVINCIA AUTONOMA TRENTO
2024;L887;VIGNOLE BORBERA;AL;ALESSANDRIA;R00125;PIEMONTE
2024;L888;VIGNOLO;CN;CUNEO;R00125;PIEMONTE
2024;L889;VIGNONE;VB;VERBANO-CUSIO-OSSOLA;R00125;PIEMONTE
2024;L890;VIGO DI CADORE;BL;BELLUNO;R00205;VENETO
2024;L892;VIGODARZERE;PD;PADOVA;R00205;VENETO
2024;L894;VIGOLO;BG;BERGAMO;R00090;LOMBARDIA
2024;L897;VIGOLZONE;PC;PIACENZA;R00054;EMILIA-ROMAGNA
2024;L898;VIGONE;TO;TORINO;R00125;PIEMONTE
2024;L899;VIGONOVO;VE;VENEZIA;R00205;VENETO
2024;L900;VIGONZA;PD;PADOVA;R00205;VENETO
2024;L904;VIGUZZOLO;AL;ALESSANDRIA;R00125;PIEMONTE
2024;L905;VILLA SANTA LUCIA;FR;FROSINONE;R00072;LAZIO
2024;L906;VILLADOSSOLA;VB;VERBANO-CUSIO-OSSOLA;R00125;PIEMONTE
2024;L907;VILLA DI CHIAVENNA;SO;SONDRIO;R00090;LOMBARDIA
2024;L908;VILLA DI TIRANO;SO;SONDRIO;R00090;LOMBARDIA
2024;L909;VILLA SANTINA;UD;UDINE;R00063;FRIULI-VENEZIA GIULIA
2024;L912;VILLA BARTOLOMEA;VR;VERONA;R00205;VENETO
2024;L913;VILLA BASILICA;LU;LUCCA;R00161;TOSCANA
2024;L915;VILLABASSA;BZ;BOLZANO;R00223;PROVINCIA AUTONOMA BOLZANO
2024;L916;VILLABATE;PA;PALERMO;R00152;SICILIA
2024;L917;VILLA BISCOSSI;PV;PAVIA;R00090;LOMBARDIA
2024;L919;VILLA CARCINA;BS;BRESCIA;R00090;LOMBARDIA
2024;L920;VILLA CASTELLI;BR;BRINDISI;R00134;PUGLIA
2024;L922;VILLA CELIERA;PE;PESCARA;R00018;ABRUZZO
2024;L923;VILLACHIARA;BS;BRESCIA;R00090;LOMBARDIA
2024;L926;VILLA COLLEMANDINA;LU;LUCCA;R00161;TOSCANA
2024;L928;VILLA CORTESE;MI;MILANO;R00090;LOMBARDIA
2024;L929;VILLA D'ADDA;BG;BERGAMO;R00090;LOMBARDIA
2024;L840;VICENZA;VI;VICENZA;R00205;VENETO
2024;L748;VERCANA;CO;COMO;R00090;LOMBARDIA
2024;L749;VERCEIA;SO;SONDRIO;R00090;LOMBARDIA
2024;L750;VERCELLI;VC;VERCELLI;R00125;PIEMONTE
2024;L751;VERCURAGO;LC;LECCO;R00090;LOMBARDIA
2024;L752;VERDELLINO;BG;BERGAMO;R00090;LOMBARDIA
2024;L753;VERDELLO;BG;BERGAMO;R00090;LOMBARDIA
2024;L758;VERDUNO;CN;CUNEO;R00125;PIEMONTE
2024;L762;VERGATO;BO;BOLOGNA;R00054;EMILIA-ROMAGNA
2024;L764;VERGHERETO;FC;FORLI' - CESENA;R00054;EMILIA-ROMAGNA
2024;L765;VERGIATE;VA;VARESE;R00090;LOMBARDIA
2024;L769;VERMIGLIO;TN;TRENTO;R00214;PROVINCIA AUTONOMA TRENTO
2024;L771;VERNANTE;CN;CUNEO;R00125;PIEMONTE
2024;L772;VERNASCA;PC;PIACENZA;R00054;EMILIA-ROMAGNA
2024;L773;VERNATE;MI;MILANO;R00090;LOMBARDIA
2024;L774;VERNAZZA;SP;LA SPEZIA;R00081;LIGURIA
2024;L775;VERNIO;PO;PRATO;R00161;TOSCANA
2024;L776;VERNOLE;LE;LECCE;R00134;PUGLIA
2024;L777;VEROLANUOVA;BS;BRESCIA;R00090;LOMBARDIA
2024;L778;VEROLAVECCHIA;BS;BRESCIA;R00090;LOMBARDIA
2024;L779;VEROLENGO;TO;TORINO;R00125;PIEMONTE
2024;L780;VEROLI;FR;FROSINONE;R00072;LAZIO
2024;L781;VERONA;VR;VERONA;R00205;VENETO
2024;L783;VERRAYES;AO;AOSTA;R00198;VALLE D'AOSTA/VALLÉE D'AOSTE
2024;L784;VERRETTO;PV;PAVIA;R00090;LOMBARDIA
2024;L785;VERRONE;BI;BIELLA;R00125;PIEMONTE
2024;L787;VERRUA SAVOIA;TO;TORINO;R00125;PIEMONTE
2024;L788;VERRUA PO;PV;PAVIA;R00090;LOMBARDIA
2024;L792;VERTEMATE CON MINOPRIO;CO;COMO;R00090;LOMBARDIA
2024;L795;VERTOVA;BG;BERGAMO;R00090;LOMBARDIA
2024;L797;VERUCCHIO;RN;RIMINI;R00054;EMILIA-ROMAGNA
2024;L799;VERVIO;SO;SONDRIO;R00090;LOMBARDIA
2024;L801;VERZEGNIS;UD;UDINE;R00063;FRIULI-VENEZIA GIULIA
2024;L802;VERZINO;KR;CROTONE;R00036;CALABRIA
2024;L804;VERZUOLO;CN;CUNEO;R00125;PIEMONTE
2024;L805;VESCOVANA;PD;PADOVA;R00205;VENETO
2024;L806;VESCOVATO;CR;CREMONA;R00090;LOMBARDIA
2024;L807;VESIME;AT;ASTI;R00125;PIEMONTE
2024;L808;VESPOLATE;NO;NOVARA;R00125;PIEMONTE
2024;L809;VESSALICO;IM;IMPERIA;R00081;LIGURIA
2024;L810;VESTENANOVA;VR;VERONA;R00205;VENETO
2024;L811;VESTIGNE';TO;TORINO;R00125;PIEMONTE
2024;L812;VESTONE;BS;BRESCIA;R00090;LOMBARDIA
2024;L814;VETRALLA;VT;VITERBO;R00072;LAZIO
2024;L815;VETTO;RE;REGGIO EMILIA;R00054;EMILIA-ROMAGNA
2024;L816;VEZZA D'OGLIO;BS;BRESCIA;R00090;LOMBARDIA
2024;L817;VEZZA D'ALBA;CN;CUNEO;R00125;PIEMONTE
2024;L819;VEZZANO LIGURE;SP;LA SPEZIA;R00081;LIGURIA
2024;L820;VEZZANO SUL CROSTOLO;RE;REGGIO EMILIA;R00054;EMILIA-ROMAGNA
2024;L823;VEZZI PORTIO;SV;SAVONA;R00081;LIGURIA
2024;L826;VIADANA;MN;MANTOVA;R00090;LOMBARDIA
2024;L827;VIADANICA;BG;BERGAMO;R00090;LOMBARDIA
2024;L828;VIAGRANDE;CT;CATANIA;R00152;SICILIA
2024;L829;VIALE D'ASTI;AT;ASTI;R00125;PIEMONTE
2024;L830;VIALFRE';TO;TORINO;R00125;PIEMONTE
2024;L831;VIANO;RE;REGGIO EMILIA;R00054;EMILIA-ROMAGNA
2024;L833;VIAREGGIO;LU;LUCCA;R00161;TOSCANA
2024;L834;VIARIGI;AT;ASTI;R00125;PIEMONTE
2024;L835;VIBONATI;SA;SALERNO;R00045;CAMPANIA
2024;L836;VICALVI;FR;FROSINONE;R00072;LAZIO
2024;L837;VICARI;PA;PALERMO;R00152;SICILIA
2024;L838;VICCHIO;FI;FIRENZE;R00161;TOSCANA
2024;L747;VERBICARO;CS;COSENZA;R00036;CALABRIA
2024;L665;VANZAGO;MI;MILANO;R00090;LOMBARDIA
2024;L666;VANZONE CON SAN CARLO;VB;VERBANO-CUSIO-OSSOLA;R00125;PIEMONTE
2024;L667;VAPRIO D'ADDA;MI;MILANO;R00090;LOMBARDIA
2024;L668;VAPRIO D'AGOGNA;NO;NOVARA;R00125;PIEMONTE
2024;L669;VARALLO;VC;VERCELLI;R00125;PIEMONTE
2024;L670;VARALLO POMBIA;NO;NOVARA;R00125;PIEMONTE
2024;L671;VARANO BORGHI;VA;VARESE;R00090;LOMBARDIA
2024;L672;VARANO DE' MELEGARI;PR;PARMA;R00054;EMILIA-ROMAGNA
2024;L673;VARAPODIO;RC;REGGIO CALABRIA;R00036;CALABRIA
2024;L675;VARAZZE;SV;SAVONA;R00081;LIGURIA
2024;L676;VARCO SABINO;RI;RIETI;R00072;LAZIO
2024;L677;VAREDO;MB;MONZA E BRIANZA;R00090;LOMBARDIA
2024;L680;VARENNA;LC;LECCO;R00090;LOMBARDIA
2024;L681;VARESE LIGURE;SP;LA SPEZIA;R00081;LIGURIA
2024;L682;VARESE;VA;VARESE;R00090;LOMBARDIA
2024;L685;VARISELLA;TO;TORINO;R00125;PIEMONTE
2024;L686;VARMO;UD;UDINE;R00063;FRIULI-VENEZIA GIULIA
2024;L687;VARNA;BZ;BOLZANO;R00223;PROVINCIA AUTONOMA BOLZANO
2024;L689;VARSI;PR;PARMA;R00054;EMILIA-ROMAGNA
2024;L690;VARZI;PV;PAVIA;R00090;LOMBARDIA
2024;L691;VARZO;VB;VERBANO-CUSIO-OSSOLA;R00125;PIEMONTE
2024;L693;VASIA;IM;IMPERIA;R00081;LIGURIA
2024;L696;VASTOGIRARDI;IS;ISERNIA;R00116;MOLISE
2024;L698;VAUDA CANAVESE;TO;TORINO;R00125;PIEMONTE
2024;L699;VAZZANO;VV;VIBO VALENTIA;R00036;CALABRIA
2024;L700;VAZZOLA;TV;TREVISO;R00205;VENETO
2024;L702;VECCHIANO;PI;PISA;R00161;TOSCANA
2024;L703;VEDANO OLONA;VA;VARESE;R00090;LOMBARDIA
2024;L704;VEDANO AL LAMBRO;MB;MONZA E BRIANZA;R00090;LOMBARDIA
2024;L706;VEDELAGO;TV;TREVISO;R00205;VENETO
2024;L707;VEDESETA;BG;BERGAMO;R00090;LOMBARDIA
2024;L709;VEDUGGIO CON COLZANO;MB;MONZA E BRIANZA;R00090;LOMBARDIA
2024;L710;VEGGIANO;PD;PADOVA;R00205;VENETO
2024;L711;VEGLIE;LE;LECCE;R00134;PUGLIA
2024;L712;VEGLIO;BI;BIELLA;R00125;PIEMONTE
2024;L713;VEIANO;VT;VITERBO;R00072;LAZIO
2024;L715;VELESO;CO;COMO;R00090;LOMBARDIA
2024;L716;VELEZZO LOMELLINA;PV;PAVIA;R00090;LOMBARDIA
2024;L719;VELLETRI;RM;ROMA;R00072;LAZIO
2024;L720;VELLEZZO BELLINI;PV;PAVIA;R00090;LOMBARDIA
2024;L722;VELO VERONESE;VR;VERONA;R00205;VENETO
2024;L723;VELO D'ASTICO;VI;VICENZA;R00205;VENETO
2024;L724;VELTURNO;BZ;BOLZANO;R00223;PROVINCIA AUTONOMA BOLZANO
2024;L725;VENAFRO;IS;ISERNIA;R00116;MOLISE
2024;H199;RAVENNA;RA;RAVENNA;R00054;EMILIA-ROMAGNA
2024;H200;RAVEO;UD;UDINE;R00063;FRIULI-VENEZIA GIULIA
2024;H202;RAVISCANINA;CE;CASERTA;R00045;CAMPANIA
2024;H203;RE;VB;VERBANO-CUSIO-OSSOLA;R00125;PIEMONTE
2024;H204;REA;PV;PAVIA;R00090;LOMBARDIA
2024;H205;REALMONTE;AG;AGRIGENTO;R00152;SICILIA
2024;H206;REANA DEL ROIALE;UD;UDINE;R00063;FRIULI-VENEZIA GIULIA
2024;H207;REANO;TO;TORINO;R00125;PIEMONTE
2024;H210;RECALE;CE;CASERTA;R00045;CAMPANIA
2024;H211;RECANATI;MC;MACERATA;R00107;MARCHE
2024;H212;RECCO;GE;GENOVA;R00081;LIGURIA
2024;H213;RECETTO;NO;NOVARA;R00125;PIEMONTE
2024;H214;RECOARO TERME;VI;VICENZA;R00205;VENETO
2024;H216;REDAVALLE;PV;PAVIA;R00090;LOMBARDIA
2024;H218;REDONDESCO;MN;MANTOVA;R00090;LOMBARDIA
2024;H219;REFRANCORE;AT;ASTI;R00125;PIEMONTE
2024;H220;REFRONTOLO;TV;TREVISO;R00205;VENETO
2024;H221;REGALBUTO;EN;ENNA;R00152;SICILIA
2024;H222;REGGELLO;FI;FIRENZE;R00161;TOSCANA
2024;H223;REGGIO EMILIA;RE;REGGIO EMILIA;R00054;EMILIA-ROMAGNA
2024;H224;REGGIO CALABRIA;RC;REGGIO CALABRIA;R00036;CALABRIA
2024;H225;REGGIOLO;RE;REGGIO EMILIA;R00054;EMILIA-ROMAGNA
2024;H227;REINO;BN;BENEVENTO;R00045;CAMPANIA
2024;H228;REITANO;ME;MESSINA;R00152;SICILIA
2024;H129;QUINGENTOLE;MN;MANTOVA;R00090;LOMBARDIA
2024;H229;REMANZACCO;UD;UDINE;R00063;FRIULI-VENEZIA GIULIA
2024;H030;PREMENO;VB;VERBANO-CUSIO-OSSOLA;R00125;PIEMONTE
2024;H033;PREMIA;VB;VERBANO-CUSIO-OSSOLA;R00125;PIEMONTE
2024;H034;PREMILCUORE;FC;FORLI' - CESENA;R00054;EMILIA-ROMAGNA
2024;H036;PREMOLO;BG;BERGAMO;R00090;LOMBARDIA
2024;H037;PREMOSELLO-CHIOVENDA;VB;VERBANO-CUSIO-OSSOLA;R00125;PIEMONTE
2024;H038;PREONE;UD;UDINE;R00063;FRIULI-VENEZIA GIULIA
2024;H040;PREPOTTO;UD;UDINE;R00063;FRIULI-VENEZIA GIULIA
2024;H042;PRE' SAINT DIDIER;AO;AOSTA;R00198;VALLE D'AOSTA/VALLÉE D'AOSTE
2024;H043;PRESEGLIE;BS;BRESCIA;R00090;LOMBARDIA
2024;H045;PRESENZANO;CE;CASERTA;R00045;CAMPANIA
2024;H046;PRESEZZO;BG;BERGAMO;R00090;LOMBARDIA
2024;H048;PRESSANA;VR;VERONA;R00205;VENETO
2024;H052;PRETORO;CH;CHIETI;R00018;ABRUZZO
2024;H055;PREVALLE;BS;BRESCIA;R00090;LOMBARDIA
2024;H056;PREZZA;AQ;L'AQUILA;R00018;ABRUZZO
2024;H059;PRIERO;CN;CUNEO;R00125;PIEMONTE
2024;H061;PRIGNANO SULLA SECCHIA;MO;MODENA;R00054;EMILIA-ROMAGNA
2024;H062;PRIGNANO CILENTO;SA;SALERNO;R00045;CAMPANIA
2024;H063;PRIMALUNA;LC;LECCO;R00090;LOMBARDIA
2024;H068;PRIOCCA;CN;CUNEO;R00125;PIEMONTE
2024;H069;PRIOLA;CN;CUNEO;R00125;PIEMONTE
2024;H070;PRIZZI;PA;PALERMO;R00152;SICILIA
2024;H071;PROCENO;VT;VITERBO;R00072;LAZIO
2024;H072;PROCIDA;NA;NAPOLI;R00045;CAMPANIA
2024;H073;PROPATA;GE;GENOVA;R00081;LIGURIA
2024;H074;PROSERPIO;CO;COMO;R00090;LOMBARDIA
2024;H076;PROSSEDI;LT;LATINA;R00072;LAZIO
2024;H077;PROVAGLIO VAL SABBIA;BS;BRESCIA;R00090;LOMBARDIA
2024;H078;PROVAGLIO D'ISEO;BS;BRESCIA;R00090;LOMBARDIA
2024;H081;PROVES;BZ;BOLZANO;R00223;PROVINCIA AUTONOMA BOLZANO
2024;H083;PROVVIDENTI;CB;CAMPOBASSO;R00116;MOLISE
2024;H085;PRUNETTO;CN;CUNEO;R00125;PIEMONTE
2024;H086;PUEGNAGO SUL GARDA;BS;BRESCIA;R00090;LOMBARDIA
2024;H087;PUGLIANELLO;BN;BENEVENTO;R00045;CAMPANIA
2024;H088;PULA;CA;CAGLIARI;R00143;SARDEGNA
2024;H089;PULFERO;UD;UDINE;R00063;FRIULI-VENEZIA GIULIA
2024;H090;PULSANO;TA;TARANTO;R00134;PUGLIA
2024;H091;PUMENENGO;BG;BERGAMO;R00090;LOMBARDIA
2024;H094;PUSIANO;CO;COMO;R00090;LOMBARDIA
2024;H095;PUTIFIGARI;SS;SASSARI;R00143;SARDEGNA
2024;H096;PUTIGNANO;BA;BARI;R00134;PUGLIA
2024;H097;QUADRELLE;AV;AVELLINO;R00045;CAMPANIA
2024;H098;QUADRI;CH;CHIETI;R00018;ABRUZZO
2024;H100;QUAGLIUZZO;TO;TORINO;R00125;PIEMONTE
2024;H101;QUALIANO;NA;NAPOLI;R00045;CAMPANIA
2024;H102;QUARANTI;AT;ASTI;R00125;PIEMONTE
2024;H104;QUARGNENTO;AL;ALESSANDRIA;R00125;PIEMONTE
2024;H106;QUARNA SOPRA;VB;VERBANO-CUSIO-OSSOLA;R00125;PIEMONTE
2024;H107;QUARNA SOTTO;VB;VERBANO-CUSIO-OSSOLA;R00125;PIEMONTE
2024;H108;QUARONA;VC;VERCELLI;R00125;PIEMONTE
2024;H109;QUARRATA;PT;PISTOIA;R00161;TOSCANA
2024;H110;QUART;AO;AOSTA;R00198;VALLE D'AOSTA/VALLÉE D'AOSTE
2024;H114;QUARTO;NA;NAPOLI;R00045;CAMPANIA
2024;H117;QUARTO D'ALTINO;VE;VENEZIA;R00205;VENETO
2024;H118;QUARTU SANT'ELENA;CA;CAGLIARI;R00143;SARDEGNA
2024;H120;QUASSOLO;TO;TORINO;R00125;PIEMONTE
2024;H121;QUATTORDIO;AL;ALESSANDRIA;R00125;PIEMONTE
2024;H122;QUATTRO CASTELLA;RE;REGGIO EMILIA;R00054;EMILIA-ROMAGNA
2024;H126;QUILIANO;SV;SAVONA;R00081;LIGURIA
2024;H127;QUINCINETTO;TO;TORINO;R00125;PIEMONTE
2024;H128;QUINDICI;AV;AVELLINO;R00045;CAMPANIA
2024;H029;PREMARIACCO;UD;UDINE;R00063;FRIULI-VENEZIA GIULIA
2024;G942;POTENZA;PZ;POTENZA;R00027;BASILICATA
2024;G943;POVE DEL GRAPPA;VI;VICENZA;R00205;VENETO
2024;G944;POVEGLIANO;TV;TREVISO;R00205;VENETO
2024;G945;POVEGLIANO VERONESE;VR;VERONA;R00205;VENETO
2024;G947;POVIGLIO;RE;REGGIO EMILIA;R00054;EMILIA-ROMAGNA
2024;G949;POVOLETTO;UD;UDINE;R00063;FRIULI-VENEZIA GIULIA
2024;G951;POZZAGLIA SABINO;RI;RIETI;R00072;LAZIO
2024;G953;POZZALLO;RG;RAGUSA;R00152;SICILIA
2024;G954;POZZILLI;IS;ISERNIA;R00116;MOLISE
2024;G955;POZZO D'ADDA;MI;MILANO;R00090;LOMBARDIA
2024;G957;POZZOLEONE;VI;VICENZA;R00205;VENETO
2024;G959;POZZOLENGO;BS;BRESCIA;R00090;LOMBARDIA
2024;G960;POZZOL GROPPO;AL;ALESSANDRIA;R00125;PIEMONTE
2024;G961;POZZOLO FORMIGARO;AL;ALESSANDRIA;R00125;PIEMONTE
2024;G962;POZZOMAGGIORE;SS;SASSARI;R00143;SARDEGNA
2024;G963;POZZONOVO;PD;PADOVA;R00205;VENETO
2024;G964;POZZUOLI;NA;NAPOLI;R00045;CAMPANIA
2024;G965;POZZUOLO MARTESANA;MI;MILANO;R00090;LOMBARDIA
2024;G966;POZZUOLO DEL FRIULI;UD;UDINE;R00063;FRIULI-VENEZIA GIULIA
2024;G968;PRADALUNGA;BG;BERGAMO;R00090;LOMBARDIA
2024;G969;PRADAMANO;UD;UDINE;R00063;FRIULI-VENEZIA GIULIA
2024;G970;PRADLEVES;CN;CUNEO;R00125;PIEMONTE
2024;G972;SASSO MARCONI;BO;BOLOGNA;R00054;EMILIA-ROMAGNA
2024;G973;PRAGELATO;TO;TORINO;R00125;PIEMONTE
2024;G974;PRAY BIELLESE;BI;BIELLA;R00125;PIEMONTE
2024;H985;SAN MARCO IN LAMIS;FG;FOGGIA;R00134;PUGLIA
2024;H986;SAN MARCO LA CATOLA;FG;FOGGIA;R00134;PUGLIA
2024;H987;SAN MARTINO ALFIERI;AT;ASTI;R00125;PIEMONTE
2024;H988;SAN MARTINO IN BADIA;BZ;BOLZANO;R00223;PROVINCIA AUTONOMA BOLZANO
2024;H989;SAN MARTINO IN PASSIRIA;BZ;BOLZANO;R00223;PROVINCIA AUTONOMA BOLZANO
2024;H990;SAN MARTINO IN PENSILIS;CB;CAMPOBASSO;R00116;MOLISE
2024;H991;SAN MARTINO SULLA MARRUCINA;CH;CHIETI;R00018;ABRUZZO
2024;H992;SAN MARTINO DI FINITA;CS;COSENZA;R00036;CALABRIA
2024;H994;SAN MARTINO D'AGRI;PZ;POTENZA;R00027;BASILICATA
2024;H996;SAN MARTINO DI VENEZZE;RO;ROVIGO;R00205;VENETO
2024;H997;SAN MARTINO CANAVESE;TO;TORINO;R00125;PIEMONTE
2024;H999;SAN MARTINO AL TAGLIAMENTO;PN;PORDENONE;R00063;FRIULI-VENEZIA GIULIA
2024;I002;SAN MARTINO SANNITA;BN;BENEVENTO;R00045;CAMPANIA
2024;I003;SAN MARTINO BUON ALBERGO;VR;VERONA;R00205;VENETO
2024;I005;SAN MARTINO DALL'ARGINE;MN;MANTOVA;R00090;LOMBARDIA
2024;I007;SAN MARTINO DEL LAGO;CR;CREMONA;R00090;LOMBARDIA
2024;I008;SAN MARTINO DI LUPARI;PD;PADOVA;R00205;VENETO
2024;I011;SAN MARTINO IN RIO;RE;REGGIO EMILIA;R00054;EMILIA-ROMAGNA
2024;I012;SAN MARTINO IN STRADA;LO;LODI;R00090;LOMBARDIA
2024;I014;SAN MARTINO SICCOMARIO;PV;PAVIA;R00090;LOMBARDIA
2024;I016;SAN MARTINO VALLE CAUDINA;AV;AVELLINO;R00045;CAMPANIA
2024;I017;SAN MARZANO OLIVETO;AT;ASTI;R00125;PIEMONTE
2024;I018;SAN MARZANO DI SAN GIUSEPPE;TA;TARANTO;R00134;PUGLIA
2024;I019;SAN MARZANO SUL SARNO;SA;SALERNO;R00045;CAMPANIA
2024;I023;SAN MASSIMO;CB;CAMPOBASSO;R00116;MOLISE
2024;I024;SAN MAURIZIO CANAVESE;TO;TORINO;R00125;PIEMONTE
2024;I025;SAN MAURIZIO D'OPAGLIO;NO;NOVARA;R00125;PIEMONTE
2024;I026;SAN MAURO MARCHESATO;KR;CROTONE;R00036;CALABRIA
2024;I027;SAN MAURO PASCOLI;FC;FORLI' - CESENA;R00054;EMILIA-ROMAGNA
2024;L727;VENARIA;TO;TORINO;R00125;PIEMONTE
2024;L728;VENAROTTA;AP;ASCOLI PICENO;R00107;MARCHE
2024;L729;VENASCA;CN;CUNEO;R00125;PIEMONTE
2024;L730;VENDONE;SV;SAVONA;R00081;LIGURIA
2024;L733;VENEGONO INFERIORE;VA;VARESE;R00090;LOMBARDIA
2024;L734;VENEGONO SUPERIORE;VA;VARESE;R00090;LOMBARDIA
2024;L735;VENETICO;ME;MESSINA;R00152;SICILIA
2024;L736;VENEZIA;VE;VENEZIA;R00205;VENETO
2024;L737;VENIANO;CO;COMO;R00090;LOMBARDIA
2024;L738;VENOSA;PZ;POTENZA;R00027;BASILICATA
2024;L739;VENTICANO;AV;AVELLINO;R00045;CAMPANIA
2024;L740;VENTIMIGLIA DI SICILIA;PA;PALERMO;R00152;SICILIA
2024;L741;VENTIMIGLIA;IM;IMPERIA;R00081;LIGURIA
2024;L742;VENTOTENE;LT;LATINA;R00072;LAZIO
2024;L743;VENZONE;UD;UDINE;R00063;FRIULI-VENEZIA GIULIA
2024;L744;VERANO BRIANZA;MB;MONZA E BRIANZA;R00090;LOMBARDIA
2024;L745;VERANO;BZ;BOLZANO;R00223;PROVINCIA AUTONOMA BOLZANO
2024;L746;VERBANIA;VB;VERBANO-CUSIO-OSSOLA;R00125;PIEMONTE
2024;L664;VANZAGHELLO;MI;MILANO;R00090;LOMBARDIA
2024;L575;VALFLORIANA;TN;TRENTO;R00214;PROVINCIA AUTONOMA TRENTO
2024;L576;VALFURVA;SO;SONDRIO;R00090;LOMBARDIA
2024;L577;VALGANNA;VA;VARESE;R00090;LOMBARDIA
2024;L578;VALGIOIE;TO;TORINO;R00125;PIEMONTE
2024;L579;VALGOGLIO;BG;BERGAMO;R00090;LOMBARDIA
2024;L580;VALGRANA;CN;CUNEO;R00125;PIEMONTE
2024;L581;VALGREGHENTINO;LC;LECCO;R00090;LOMBARDIA
2024;L582;VALGRISENCHE;AO;AOSTA;R00198;VALLE D'AOSTA/VALLÉE D'AOSTE
2024;L583;VALGUARNERA CAROPEPE;EN;ENNA;R00152;SICILIA
2024;L584;VALLADA AGORDINA;BL;BELLUNO;R00205;VENETO
2024;L586;VALLANZENGO;BI;BIELLA;R00125;PIEMONTE
2024;L588;VALLARSA;TN;TRENTO;R00214;PROVINCIA AUTONOMA TRENTO
2024;L589;VALLATA;AV;AVELLINO;R00045;CAMPANIA
2024;L590;VALLE DI CADORE;BL;BELLUNO;R00205;VENETO
2024;L591;VALLE DI MADDALONI;CE;CASERTA;R00045;CAMPANIA
2024;L593;VALLE LOMELLINA;PV;PAVIA;R00090;LOMBARDIA
2024;L594;VALLE AGRICOLA;CE;CASERTA;R00045;CAMPANIA
2024;L595;VALLE AURINA;BZ;BOLZANO;R00223;PROVINCIA AUTONOMA BOLZANO
2024;L596;VALLEBONA;IM;IMPERIA;R00081;LIGURIA
2024;L597;VALLE CASTELLANA;TE;TERAMO;R00018;ABRUZZO
2024;L598;VALLECORSA;FR;FROSINONE;R00072;LAZIO
2024;L599;VALLECROSIA;IM;IMPERIA;R00081;LIGURIA
2024;L601;VALLE DI CASIES;BZ;BOLZANO;R00223;PROVINCIA AUTONOMA BOLZANO
2024;L603;VALLEDOLMO;PA;PALERMO;R00152;SICILIA
2024;L604;VALLEDORIA;SS;SASSARI;R00143;SARDEGNA
2024;L605;VALLEMAIO;FR;FROSINONE;R00072;LAZIO
2024;L607;VALLELONGA;VV;VIBO VALENTIA;R00036;CALABRIA
2024;L609;VALLELUNGA PRATAMENO;CL;CALTANISSETTA;R00152;SICILIA
2024;L611;VALLEPIETRA;RM;ROMA;R00072;LAZIO
2024;L612;VALLERANO;VT;VITERBO;R00072;LAZIO
2024;L614;VALLEROTONDA;FR;FROSINONE;R00072;LAZIO
2024;L616;VALLESACCARDA;AV;AVELLINO;R00045;CAMPANIA
2024;L617;VALLE SALIMBENE;PV;PAVIA;R00090;LOMBARDIA
2024;L620;VALLE SAN NICOLAO;BI;BIELLA;R00125;PIEMONTE
2024;L623;VALLEVE;BG;BERGAMO;R00090;LOMBARDIA
2024;L624;VALLI DEL PASUBIO;VI;VICENZA;R00205;VENETO
2024;L625;VALLINFREDA;RM;ROMA;R00072;LAZIO
2024;L626;VALLIO;BS;BRESCIA;R00090;LOMBARDIA
2024;L627;VALLO DI NERA;PG;PERUGIA;R00189;UMBRIA
2024;L628;VALLO DELLA LUCANIA;SA;SALERNO;R00045;CAMPANIA
2024;L629;VALLO TORINESE;TO;TORINO;R00125;PIEMONTE
2024;L631;VALLORIATE;CN;CUNEO;R00125;PIEMONTE
2024;L633;VALMACCA;AL;ALESSANDRIA;R00125;PIEMONTE
2024;L634;VALMADRERA;LC;LECCO;R00090;LOMBARDIA
2024;L638;VAL MASINO;SO;SONDRIO;R00090;LOMBARDIA
2024;L639;VALMONTONE;RM;ROMA;R00072;LAZIO
2024;L640;VALMOREA;CO;COMO;R00090;LOMBARDIA
2024;L641;VALMOZZOLA;PR;PARMA;R00054;EMILIA-ROMAGNA
2024;L642;VALNEGRA;BG;BERGAMO;R00090;LOMBARDIA
2024;L643;VALPELLINE;AO;AOSTA;R00198;VALLE D'AOSTA/VALLÉE D'AOSTE
2024;L644;VALPERGA;TO;TORINO;R00125;PIEMONTE
2024;L647;VALSAVARENCHE;AO;AOSTA;R00198;VALLE D'AOSTA/VALLÉE D'AOSTE
2024;L651;VALSTRONA;VB;VERBANO-CUSIO-OSSOLA;R00125;PIEMONTE
2024;L653;VALTOPINA;PG;PERUGIA;R00189;UMBRIA
2024;L654;VALTOURNENCHE;AO;AOSTA;R00198;VALLE D'AOSTA/VALLÉE D'AOSTE
2024;L655;VALTORTA;BG;BERGAMO;R00090;LOMBARDIA
2024;L656;VALVA;SA;SALERNO;R00045;CAMPANIA
2024;L658;VALVERDE CT;CT;CATANIA;R00152;SICILIA
2024;L660;VANDOIES;BZ;BOLZANO;R00223;PROVINCIA AUTONOMA BOLZANO
2024;L574;VALFENERA;AT;ASTI;R00125;PIEMONTE
2024;L488;ULA' TIRSO;OR;ORISTANO;R00143;SARDEGNA
2024;L490;ULTIMO;BZ;BOLZANO;R00223;PROVINCIA AUTONOMA BOLZANO
2024;L492;UMBRIATICO;KR;CROTONE;R00036;CALABRIA
2024;L494;URAGO D'OGLIO;BS;BRESCIA;R00090;LOMBARDIA
2024;L496;URAS;OR;ORISTANO;R00143;SARDEGNA
2024;L497;URBANA;PD;PADOVA;R00205;VENETO
2024;L498;URBANIA;PU;PESARO - URBINO;R00107;MARCHE
2024;L499;URBE;SV;SAVONA;R00081;LIGURIA
2024;L500;URBINO;PU;PESARO - URBINO;R00107;MARCHE
2024;L501;URBISAGLIA;MC;MACERATA;R00107;MARCHE
2024;L502;URGNANO;BG;BERGAMO;R00090;LOMBARDIA
2024;L503;URI;SS;SASSARI;R00143;SARDEGNA
2024;L505;URURI;CB;CAMPOBASSO;R00116;MOLISE
2024;L507;USCIO;GE;GENOVA;R00081;LIGURIA
2024;L508;USELLUS;OR;ORISTANO;R00143;SARDEGNA
2024;L509;USINI;SS;SASSARI;R00143;SARDEGNA
2024;L511;USMATE VELATE;MB;MONZA E BRIANZA;R00090;LOMBARDIA
2024;L515;USSEAUX;TO;TORINO;R00125;PIEMONTE
2024;L516;USSEGLIO;TO;TORINO;R00125;PIEMONTE
2024;L517;USSITA;MC;MACERATA;R00107;MARCHE
2024;L519;USTICA;PA;PALERMO;R00152;SICILIA
2024;L521;UTA;CA;CAGLIARI;R00143;SARDEGNA
2024;L522;UZZANO;PT;PISTOIA;R00161;TOSCANA
2024;L524;VACCARIZZO ALBANESE;CS;COSENZA;R00036;CALABRIA
2024;L525;VACONE;RI;RIETI;R00072;LAZIO
2024;L526;VACRI;CH;CHIETI;R00018;ABRUZZO
2024;L527;VADENA;BZ;BOLZANO;R00223;PROVINCIA AUTONOMA BOLZANO
2024;L528;VADO LIGURE;SV;SAVONA;R00081;LIGURIA
2024;L529;VAGLIA;FI;FIRENZE;R00161;TOSCANA
2024;L531;VAGLIO SERRA;AT;ASTI;R00125;PIEMONTE
2024;L532;VAGLIO BASILICATA;PZ;POTENZA;R00027;BASILICATA
2024;L533;VAGLI SOTTO;LU;LUCCA;R00161;TOSCANA
2024;L535;VAIANO CREMASCO;CR;CREMONA;R00090;LOMBARDIA
2024;L537;VAIANO;PO;PRATO;R00161;TOSCANA
2024;L538;VAIE;TO;TORINO;R00125;PIEMONTE
2024;L539;VAILATE;CR;CREMONA;R00090;LOMBARDIA
2024;L540;VAIRANO PATENORA;CE;CASERTA;R00045;CAMPANIA
2024;L544;VALBONDIONE;BG;BERGAMO;R00090;LOMBARDIA
2024;L545;VALBREMBO;BG;BERGAMO;R00090;LOMBARDIA
2024;L546;VALBREVENNA;GE;GENOVA;R00081;LIGURIA
2024;L547;VALBRONA;CO;COMO;R00090;LOMBARDIA
2024;L551;VALDAGNO;VI;VICENZA;R00205;VENETO
2024;L552;VALDAORA;BZ;BOLZANO;R00223;PROVINCIA AUTONOMA BOLZANO
2024;L554;VALDASTICO;VI;VICENZA;R00205;VENETO
2024;L555;VAL DELLA TORRE;TO;TORINO;R00125;PIEMONTE
2024;L556;VALDENGO;BI;BIELLA;R00125;PIEMONTE
2024;L557;VALDIDENTRO;SO;SONDRIO;R00090;LOMBARDIA
2024;L558;VALDIERI;CN;CUNEO;R00125;PIEMONTE
2024;L561;VALDINA;ME;MESSINA;R00152;SICILIA
2024;L562;VAL DI NIZZA;PV;PAVIA;R00090;LOMBARDIA
2024;L563;VALDISOTTO;SO;SONDRIO;R00090;LOMBARDIA
2024;L564;VAL DI VIZZE;BZ;BOLZANO;R00223;PROVINCIA AUTONOMA BOLZANO
2024;L565;VALDOBBIADENE;TV;TREVISO;R00205;VENETO
2024;L566;VALDUGGIA;VC;VERCELLI;R00125;PIEMONTE
2024;L567;VALEGGIO SUL MINCIO;VR;VERONA;R00205;VENETO
2024;L568;VALEGGIO;PV;PAVIA;R00090;LOMBARDIA
2024;L569;VALENTANO;VT;VITERBO;R00072;LAZIO
2024;L570;VALENZA;AL;ALESSANDRIA;R00125;PIEMONTE
2024;L571;VALENZANO;BA;BARI;R00134;PUGLIA
2024;L572;VALERA FRATTA;LO;LODI;R00090;LOMBARDIA
2024;L485;UGGIANO LA CHIESA;LE;LECCE;R00134;PUGLIA
2024;L726;VENAUS;TO;TORINO;R00125;PIEMONTE
2024;L573;VALFABBRICA;PG;PERUGIA;R00189;UMBRIA
2024;L403;TREVILLE;AL;ALESSANDRIA;R00125;PIEMONTE
2024;L404;TREVIOLO;BG;BERGAMO;R00090;LOMBARDIA
2024;L406;TREVISO BRESCIANO;BS;BRESCIA;R00090;LOMBARDIA
2024;L407;TREVISO;TV;TREVISO;R00205;VENETO
2024;L408;TREZZANO ROSA;MI;MILANO;R00090;LOMBARDIA
2024;L409;TREZZANO SUL NAVIGLIO;MI;MILANO;R00090;LOMBARDIA
2024;L410;TREZZO TINELLA;CN;CUNEO;R00125;PIEMONTE
2024;L411;TREZZO SULL'ADDA;MI;MILANO;R00090;LOMBARDIA
2024;L413;TREZZONE;CO;COMO;R00090;LOMBARDIA
2024;L414;TRIBANO;PD;PADOVA;R00205;VENETO
2024;L415;TRIBIANO;MI;MILANO;R00090;LOMBARDIA
2024;L416;TRIBOGNA;GE;GENOVA;R00081;LIGURIA
2024;L418;TRICARICO;MT;MATERA;R00027;BASILICATA
2024;L419;TRICASE;LE;LECCE;R00134;PUGLIA
2024;L420;TRICERRO;VC;VERCELLI;R00125;PIEMONTE
2024;L421;TRICESIMO;UD;UDINE;R00063;FRIULI-VENEZIA GIULIA
2024;L424;TRIESTE;TS;TRIESTE;R00063;FRIULI-VENEZIA GIULIA
2024;L425;TRIGGIANO;BA;BARI;R00134;PUGLIA
2024;L426;TRIGOLO;CR;CREMONA;R00090;LOMBARDIA
2024;L427;TRINITA';CN;CUNEO;R00125;PIEMONTE
2024;L429;TRINO;VC;VERCELLI;R00125;PIEMONTE
2024;L430;TRIORA;IM;IMPERIA;R00081;LIGURIA
2024;L431;TRIPI;ME;MESSINA;R00152;SICILIA
2024;L432;TRISOBBIO;AL;ALESSANDRIA;R00125;PIEMONTE
2024;L433;TRISSINO;VI;VICENZA;R00205;VENETO
2024;L434;TRIUGGIO;MB;MONZA E BRIANZA;R00090;LOMBARDIA
2024;L435;TRIVENTO;CB;CAMPOBASSO;R00116;MOLISE
2024;L437;TRIVIGLIANO;FR;FROSINONE;R00072;LAZIO
2024;L438;TRIVIGNANO UDINESE;UD;UDINE;R00063;FRIULI-VENEZIA GIULIA
2024;L439;TRIVIGNO;PZ;POTENZA;R00027;BASILICATA
2024;L440;TRIVOLZIO;PV;PAVIA;R00090;LOMBARDIA
2024;L444;TRODENA;BZ;BOLZANO;R00223;PROVINCIA AUTONOMA BOLZANO
2024;L445;TROFARELLO;TO;TORINO;R00125;PIEMONTE
2024;L447;TROIA;FG;FOGGIA;R00134;PUGLIA
2024;L448;TROINA;EN;ENNA;R00152;SICILIA
2024;L449;TROMELLO;PV;PAVIA;R00090;LOMBARDIA
2024;L450;TRONTANO;VB;VERBANO-CUSIO-OSSOLA;R00125;PIEMONTE
2024;L451;TRONZANO VERCELLESE;VC;VERCELLI;R00125;PIEMONTE
2024;L452;TROPEA;VV;VIBO VALENTIA;R00036;CALABRIA
2024;L453;TROVO;PV;PAVIA;R00090;LOMBARDIA
2024;L454;TRUCCAZZANO;MI;MILANO;R00090;LOMBARDIA
2024;L455;TUBRE;BZ;BOLZANO;R00223;PROVINCIA AUTONOMA BOLZANO
2024;L458;TUFARA;CB;CAMPOBASSO;R00116;MOLISE
2024;L459;TUFILLO;CH;CHIETI;R00018;ABRUZZO
2024;L460;TUFINO;NA;NAPOLI;R00045;CAMPANIA
2024;L461;TUFO;AV;AVELLINO;R00045;CAMPANIA
2024;L462;TUGLIE;LE;LECCE;R00134;PUGLIA
2024;L463;TUILI;SU;SUD SARDEGNA;R00143;SARDEGNA
2024;L464;TULA;SS;SASSARI;R00143;SARDEGNA
2024;L466;TUORO SUL TRASIMENO;PG;PERUGIA;R00189;UMBRIA
2024;L468;VALVESTINO;BS;BRESCIA;R00090;LOMBARDIA
2024;L469;TURANO LODIGIANO;LO;LODI;R00090;LOMBARDIA
2024;L470;TURATE;CO;COMO;R00090;LOMBARDIA
2024;L471;TURBIGO;MI;MILANO;R00090;LOMBARDIA
2024;L472;TURI;BA;BARI;R00134;PUGLIA
2024;L474;TURRIACO;GO;GORIZIA;R00063;FRIULI-VENEZIA GIULIA
2024;L475;TURRIVALIGNANI;PE;PESCARA;R00018;ABRUZZO
2024;L477;TURSI;MT;MATERA;R00027;BASILICATA
2024;L478;TUSA;ME;MESSINA;R00152;SICILIA
2024;L480;UBOLDO;VA;VARESE;R00090;LOMBARDIA
2024;L482;UCRIA;ME;MESSINA;R00152;SICILIA
2024;L483;UDINE;UD;UDINE;R00063;FRIULI-VENEZIA GIULIA
2024;L402;TREVIGNANO;TV;TREVISO;R00205;VENETO
2024;L484;UGENTO;LE;LECCE;R00134;PUGLIA
2024;L314;TOSSICIA;TE;TERAMO;R00018;ABRUZZO
2024;L315;TOVO SAN GIACOMO;SV;SAVONA;R00081;LIGURIA
2024;L316;TOVO DI SANT'AGATA;SO;SONDRIO;R00090;LOMBARDIA
2024;L317;TRABIA;PA;PALERMO;R00152;SICILIA
2024;L319;TRADATE;VA;VARESE;R00090;LOMBARDIA
2024;L321;TRAMATZA;OR;ORISTANO;R00143;SARDEGNA
2024;L322;TRAMBILENO;TN;TRENTO;R00214;PROVINCIA AUTONOMA TRENTO
2024;L323;TRAMONTI;SA;SALERNO;R00045;CAMPANIA
2024;L324;TRAMONTI DI SOPRA;PN;PORDENONE;R00063;FRIULI-VENEZIA GIULIA
2024;L325;TRAMONTI DI SOTTO;PN;PORDENONE;R00063;FRIULI-VENEZIA GIULIA
2024;L326;TRAMUTOLA;PZ;POTENZA;R00027;BASILICATA
2024;L327;TRANA;TO;TORINO;R00125;PIEMONTE
2024;L328;TRANI;BT;BARLETTA_ANDRIA_TRANI;R00134;PUGLIA
2024;L330;TRAONA;SO;SONDRIO;R00090;LOMBARDIA
2024;L331;TRAPANI;TP;TRAPANI;R00152;SICILIA
2024;L332;TRAPPETO;PA;PALERMO;R00152;SICILIA
2024;L333;TRAREGO-VIGGIONA;VB;VERBANO-CUSIO-OSSOLA;R00125;PIEMONTE
2024;L334;TRASACCO;AQ;L'AQUILA;R00018;ABRUZZO
2024;L335;TRASAGHIS;UD;UDINE;R00063;FRIULI-VENEZIA GIULIA
2024;L336;TRASQUERA;VB;VERBANO-CUSIO-OSSOLA;R00125;PIEMONTE
2024;L339;TRAVAGLIATO;BS;BRESCIA;R00090;LOMBARDIA
2024;L340;TRAVES;TO;TORINO;R00125;PIEMONTE
2024;L342;TRAVEDONA-MONATE;VA;VARESE;R00090;LOMBARDIA
2024;L345;TRAVERSELLA;TO;TORINO;R00125;PIEMONTE
2024;L346;TRAVERSETOLO;PR;PARMA;R00054;EMILIA-ROMAGNA
2024;L347;TRAVESIO;PN;PORDENONE;R00063;FRIULI-VENEZIA GIULIA
2024;L348;TRAVO;PC;PIACENZA;R00054;EMILIA-ROMAGNA
2024;L349;TREBASELEGHE;PD;PADOVA;R00205;VENETO
2024;L353;TREBISACCE;CS;COSENZA;R00036;CALABRIA
2024;L355;TRECASTAGNI;CT;CATANIA;R00152;SICILIA
2024;L356;TRECATE;NO;NOVARA;R00125;PIEMONTE
2024;L357;TRECCHINA;PZ;POTENZA;R00027;BASILICATA
2024;L359;TRECENTA;RO;ROVIGO;R00205;VENETO
2024;L361;TREDOZIO;FC;FORLI' - CESENA;R00054;EMILIA-ROMAGNA
2024;L363;TREGLIO;CH;CHIETI;R00018;ABRUZZO
2024;L364;TREGNAGO;VR;VERONA;R00205;VENETO
2024;L366;TREIA;MC;MACERATA;R00107;MARCHE
2024;L367;TREISO;CN;CUNEO;R00125;PIEMONTE
2024;L369;TREMESTIERI ETNEO;CT;CATANIA;R00152;SICILIA
2024;L372;TREMOSINE;BS;BRESCIA;R00090;LOMBARDIA
2024;L377;TRENTINARA;SA;SALERNO;R00045;CAMPANIA
2024;L378;TRENTO;TN;TRENTO;R00214;PROVINCIA AUTONOMA TRENTO
2024;L379;TRENTOLA DUCENTA;CE;CASERTA;R00045;CAMPANIA
2024;L380;TRENZANO;BS;BRESCIA;R00090;LOMBARDIA
2024;L382;TREPPO GRANDE;UD;UDINE;R00063;FRIULI-VENEZIA GIULIA
2024;L383;TREPUZZI;LE;LECCE;R00134;PUGLIA
2024;L384;TREQUANDA;SI;SIENA;R00161;TOSCANA
2024;L386;TRESANA;MS;MASSA CARRARA;R00161;TOSCANA
2024;L388;TRESCORE BALNEARIO;BG;BERGAMO;R00090;LOMBARDIA
2024;L389;TRESCORE CREMASCO;CR;CREMONA;R00090;LOMBARDIA
2024;L392;TRESIVIO;SO;SONDRIO;R00090;LOMBARDIA
2024;L393;TRESNURAGHES;OR;ORISTANO;R00143;SARDEGNA
2024;L396;TREVENZUOLO;VR;VERONA;R00205;VENETO
2024;L397;TREVI;PG;PERUGIA;R00189;UMBRIA
2024;L398;TREVI NEL LAZIO;FR;FROSINONE;R00072;LAZIO
2024;L399;TREVICO;AV;AVELLINO;R00045;CAMPANIA
2024;L400;TREVIGLIO;BG;BERGAMO;R00090;LOMBARDIA
2024;L401;TREVIGNANO ROMANO;RM;ROMA;R00072;LAZIO
2024;L312;TOSCOLANO MADERNO;BS;BRESCIA;R00090;LOMBARDIA
2024;L231;TORPE';NU;NUORO;R00143;SARDEGNA
2024;L233;TORRACA;SA;SALERNO;R00045;CAMPANIA
2024;L235;TORRALBA;SS;SASSARI;R00143;SARDEGNA
2024;L237;TORRAZZA COSTE;PV;PAVIA;R00090;LOMBARDIA
2024;L238;TORRAZZA PIEMONTE;TO;TORINO;R00125;PIEMONTE
2024;L239;TORRAZZO;BI;BIELLA;R00125;PIEMONTE
2024;L240;TORRE DI RUGGIERO;CZ;CATANZARO;R00036;CALABRIA
2024;L241;TORRE MONDOVI';CN;CUNEO;R00125;PIEMONTE
2024;L243;TORRE CAJETANI;FR;FROSINONE;R00072;LAZIO
2024;L244;TORRE DI SANTA MARIA;SO;SONDRIO;R00090;LOMBARDIA
2024;L245;TORRE ANNUNZIATA;NA;NAPOLI;R00045;CAMPANIA
2024;L246;TORREANO;UD;UDINE;R00063;FRIULI-VENEZIA GIULIA
2024;L247;TORRE CANAVESE;TO;TORINO;R00125;PIEMONTE
2024;L248;TORREBELVICINO;VI;VICENZA;R00205;VENETO
2024;L250;TORRE BERETTI E CASTELLARO;PV;PAVIA;R00090;LOMBARDIA
2024;L251;TORRE BOLDONE;BG;BERGAMO;R00090;LOMBARDIA
2024;L252;TORRE BORMIDA;CN;CUNEO;R00125;PIEMONTE
2024;L253;TORREBRUNA;CH;CHIETI;R00018;ABRUZZO
2024;L254;TORRECUSO;BN;BENEVENTO;R00045;CAMPANIA
2024;L256;TORRE D'ARESE;PV;PAVIA;R00090;LOMBARDIA
2024;L257;TORRE DEI BUSI;BG;BERGAMO;R00090;LOMBARDIA
2024;L258;TORRE DE' PICENARDI;CR;CREMONA;R00090;LOMBARDIA
2024;L259;TORRE DEL GRECO;NA;NAPOLI;R00045;CAMPANIA
2024;L262;TORRE DEI NEGRI;PV;PAVIA;R00090;LOMBARDIA
2024;L263;TORRE DE' PASSERI;PE;PESCARA;R00018;ABRUZZO
2024;L265;TORRE DE' ROVERI;BG;BERGAMO;R00090;LOMBARDIA
2024;L267;TORRE DI MOSTO;VE;VENEZIA;R00205;VENETO
2024;L269;TORRE D'ISOLA;PV;PAVIA;R00090;LOMBARDIA
2024;L270;TORREGLIA;PD;PADOVA;R00205;VENETO
2024;L271;TORREGROTTA;ME;MESSINA;R00152;SICILIA
2024;L272;TORRE LE NOCELLE;AV;AVELLINO;R00045;CAMPANIA
2024;L273;TORREMAGGIORE;FG;FOGGIA;R00134;PUGLIA
2024;L274;TORRE ORSAIA;SA;SALERNO;R00045;CAMPANIA
2024;L276;TORRE PALLAVICINA;BG;BERGAMO;R00090;LOMBARDIA
2024;L277;TORRE PELLICE;TO;TORINO;R00125;PIEMONTE
2024;L278;TORRE SAN GIORGIO;CN;CUNEO;R00125;PIEMONTE
2024;L279;TORRE SAN PATRIZIO;FM;FERMO;R00107;MARCHE
2024;L280;TORRE SANTA SUSANNA;BR;BRINDISI;R00134;PUGLIA
2024;L281;TORRESINA;CN;CUNEO;R00125;PIEMONTE
2024;L282;TORRETTA;PA;PALERMO;R00152;SICILIA
2024;L284;TORREVECCHIA TEATINA;CH;CHIETI;R00018;ABRUZZO
2024;L285;TORREVECCHIA PIA;PV;PAVIA;R00090;LOMBARDIA
2024;H344;RIVAROSSA;TO;TORINO;R00125;PIEMONTE
2024;H346;RIVE;VC;VERCELLI;R00125;PIEMONTE
2024;H347;RIVE D'ARCANO;UD;UDINE;R00063;FRIULI-VENEZIA GIULIA
2024;H348;RIVELLO;PZ;POTENZA;R00027;BASILICATA
2024;H350;RIVERGARO;PC;PIACENZA;R00054;EMILIA-ROMAGNA
2024;H353;RIVISONDOLI;AQ;L'AQUILA;R00018;ABRUZZO
2024;H354;RIVODUTRI;RI;RIETI;R00072;LAZIO
2024;H355;RIVOLI;TO;TORINO;R00125;PIEMONTE
2024;H356;RIVOLI VERONESE;VR;VERONA;R00205;VENETO
2024;H357;RIVOLTA D'ADDA;CR;CREMONA;R00090;LOMBARDIA
2024;H359;RIZZICONI;RC;REGGIO CALABRIA;R00036;CALABRIA
2024;H361;ROANA;VI;VICENZA;R00205;VENETO
2024;H362;ROASCHIA;CN;CUNEO;R00125;PIEMONTE
2024;H363;ROASCIO;CN;CUNEO;R00125;PIEMONTE
2024;H364;ROVASENDA;VC;VERCELLI;R00125;PIEMONTE
2024;H365;ROASIO;VC;VERCELLI;R00125;PIEMONTE
2024;H366;ROATTO;AT;ASTI;R00125;PIEMONTE
2024;H367;ROBASSOMERO;TO;TORINO;R00125;PIEMONTE
2024;H369;ROBBIO;PV;PAVIA;R00090;LOMBARDIA
2024;H371;ROBECCHETTO CON INDUNO;MI;MILANO;R00090;LOMBARDIA
2024;H372;ROBECCO D'OGLIO;CR;CREMONA;R00090;LOMBARDIA
2024;H373;ROBECCO SUL NAVIGLIO;MI;MILANO;R00090;LOMBARDIA
2024;H375;ROBECCO PAVESE;PV;PAVIA;R00090;LOMBARDIA
2024;H376;ROBELLA;AT;ASTI;R00125;PIEMONTE
2024;H377;ROBILANTE;CN;CUNEO;R00125;PIEMONTE
2024;H378;ROBURENT;CN;CUNEO;R00125;PIEMONTE
2024;H379;ROCCA PIETORE;BL;BELLUNO;R00205;VENETO
2024;H380;ROCCAVALDINA;ME;MESSINA;R00152;SICILIA
2024;H382;ROCCABASCERANA;AV;AVELLINO;R00045;CAMPANIA
2024;H383;ROCCABERNARDA;KR;CROTONE;R00036;CALABRIA
2024;H384;ROCCABIANCA;PR;PARMA;R00054;EMILIA-ROMAGNA
2024;H385;ROCCABRUNA;CN;CUNEO;R00125;PIEMONTE
2024;H386;ROCCA CANAVESE;TO;TORINO;R00125;PIEMONTE
2024;H387;ROCCA CANTERANO;RM;ROMA;R00072;LAZIO
2024;H389;ROCCACASALE;AQ;L'AQUILA;R00018;ABRUZZO
2024;H390;ROCCAFLUVIONE;AP;ASCOLI PICENO;R00107;MARCHE
2024;H391;ROCCA CIGLIE';CN;CUNEO;R00125;PIEMONTE
2024;H392;ROCCA D'ARAZZO;AT;ASTI;R00125;PIEMONTE
2024;H393;ROCCADARCE;FR;FROSINONE;R00072;LAZIO
2024;H394;ROCCADASPIDE;SA;SALERNO;R00045;CAMPANIA
2024;H395;ROCCA DE' BALDI;CN;CUNEO;R00125;PIEMONTE
2024;H396;ROCCA DE' GIORGI;PV;PAVIA;R00090;LOMBARDIA
2024;H398;ROCCA D'EVANDRO;CE;CASERTA;R00045;CAMPANIA
2024;H399;ROCCA DI BOTTE;AQ;L'AQUILA;R00018;ABRUZZO
2024;H321;RIPATRANSONE;AP;ASCOLI PICENO;R00107;MARCHE
2024;H233;RENATE;MB;MONZA E BRIANZA;R00090;LOMBARDIA
2024;H235;RENDE;CS;COSENZA;R00036;CALABRIA
2024;H236;RENON;BZ;BOLZANO;R00223;PROVINCIA AUTONOMA BOLZANO
2024;H238;RESANA;TV;TREVISO;R00205;VENETO
2024;H240;RESCALDINA;MI;MILANO;R00090;LOMBARDIA
2024;H242;RESIA;UD;UDINE;R00063;FRIULI-VENEZIA GIULIA
2024;H243;ERCOLANO;NA;NAPOLI;R00045;CAMPANIA
2024;H244;RESIUTTA;UD;UDINE;R00063;FRIULI-VENEZIA GIULIA
2024;H245;RESUTTANO;CL;CALTANISSETTA;R00152;SICILIA
2024;H246;RETORBIDO;PV;PAVIA;R00090;LOMBARDIA
2024;H247;REVELLO;CN;CUNEO;R00125;PIEMONTE
2024;H250;REVIGLIASCO D'ASTI;AT;ASTI;R00125;PIEMONTE
2024;H253;REVINE LAGO;TV;TREVISO;R00205;VENETO
2024;H255;REZZAGO;CO;COMO;R00090;LOMBARDIA
2024;H256;REZZATO;BS;BRESCIA;R00090;LOMBARDIA
2024;H257;REZZO;IM;IMPERIA;R00081;LIGURIA
2024;H258;REZZOAGLIO;GE;GENOVA;R00081;LIGURIA
2024;H259;VAL REZZO;CO;COMO;R00090;LOMBARDIA
2024;H262;RHEMES NOTRE DAME;AO;AOSTA;R00198;VALLE D'AOSTA/VALLÉE D'AOSTE
2024;H263;RHEMES SAINT GEORGES;AO;AOSTA;R00198;VALLE D'AOSTA/VALLÉE D'AOSTE
2024;H264;RHO;MI;MILANO;R00090;LOMBARDIA
2024;H265;RIACE;RC;REGGIO CALABRIA;R00036;CALABRIA
2024;H266;RIALTO;SV;SAVONA;R00081;LIGURIA
2024;H267;RIANO;RM;ROMA;R00072;LAZIO
2024;H268;RIARDO;CE;CASERTA;R00045;CAMPANIA
2024;H269;RIBERA;AG;AGRIGENTO;R00152;SICILIA
2024;H270;RIBORDONE;TO;TORINO;R00125;PIEMONTE
2024;H271;RICADI;VV;VIBO VALENTIA;R00036;CALABRIA
2024;H272;RICALDONE;AL;ALESSANDRIA;R00125;PIEMONTE
2024;H273;RICCIA;CB;CAMPOBASSO;R00116;MOLISE
2024;H274;RICCIONE;RN;RIMINI;R00054;EMILIA-ROMAGNA
2024;H275;RICCO' DEL GOLFO DI SPEZIA;SP;LA SPEZIA;R00081;LIGURIA
2024;H276;RICENGO;CR;CREMONA;R00090;LOMBARDIA
2024;H277;RICIGLIANO;SA;SALERNO;R00045;CAMPANIA
2024;H280;RIESE PIO X;TV;TREVISO;R00205;VENETO
2024;H281;RIESI;CL;CALTANISSETTA;R00152;SICILIA
2024;H282;RIETI;RI;RIETI;R00072;LAZIO
2024;H284;RIFIANO;BZ;BOLZANO;R00223;PROVINCIA AUTONOMA BOLZANO
2024;H284;RIFIANO;BZ;BOLZANO;R00223;PROVINCIA AUTONOMA BOLZANO
2024;H285;RIFREDDO;CN;CUNEO;R00125;PIEMONTE
2024;H286;RIGNANO SULL'ARNO;FI;FIRENZE;R00161;TOSCANA
2024;H287;RIGNANO GARGANICO;FG;FOGGIA;R00134;PUGLIA
2024;H288;RIGNANO FLAMINIO;RM;ROMA;R00072;LAZIO
2024;H289;RIGOLATO;UD;UDINE;R00063;FRIULI-VENEZIA GIULIA
2024;H293;RIMELLA;VC;VERCELLI;R00125;PIEMONTE
2024;H294;RIMINI;RN;RIMINI;R00054;EMILIA-ROMAGNA
2024;H298;RIO SALICETO;RE;REGGIO EMILIA;R00054;EMILIA-ROMAGNA
2024;H299;RIO DI PUSTERIA;BZ;BOLZANO;R00223;PROVINCIA AUTONOMA BOLZANO
2024;H300;RIOFREDDO;RM;ROMA;R00072;LAZIO
2024;H301;RIOLA SARDO;OR;ORISTANO;R00143;SARDEGNA
2024;H302;RIOLO TERME;RA;RAVENNA;R00054;EMILIA-ROMAGNA
2024;H303;RIOLUNATO;MO;MODENA;R00054;EMILIA-ROMAGNA
2024;H304;RIOMAGGIORE;SP;LA SPEZIA;R00081;LIGURIA
2024;H307;RIONERO IN VULTURE;PZ;POTENZA;R00027;BASILICATA
2024;H308;RIONERO SANNITICO;IS;ISERNIA;R00116;MOLISE
2024;H311;RIPABOTTONI;CB;CAMPOBASSO;R00116;MOLISE
2024;H312;RIPACANDIDA;PZ;POTENZA;R00027;BASILICATA
2024;H313;RIPALIMOSANI;CB;CAMPOBASSO;R00116;MOLISE
2024;H314;RIPALTA ARPINA;CR;CREMONA;R00090;LOMBARDIA
2024;H315;RIPALTA CREMASCA;CR;CREMONA;R00090;LOMBARDIA
2024;H316;RIPALTA GUERINA;CR;CREMONA;R00090;LOMBARDIA
2024;H319;RIPARBELLA;PI;PISA;R00161;TOSCANA
2024;H320;RIPA TEATINA;CH;CHIETI;R00018;ABRUZZO
2024;H230;REMEDELLO;BS;BRESCIA;R00090;LOMBARDIA
2024;H130;QUINTANO;CR;CREMONA;R00090;LOMBARDIA
2024;H131;QUINTO DI TREVISO;TV;TREVISO;R00205;VENETO
2024;H132;QUINTO VERCELLESE;VC;VERCELLI;R00125;PIEMONTE
2024;H134;QUINTO VICENTINO;VI;VICENZA;R00205;VENETO
2024;H140;QUINZANO D'OGLIO;BS;BRESCIA;R00090;LOMBARDIA
2024;H143;QUISTELLO;MN;MANTOVA;R00090;LOMBARDIA
2024;H146;RABBI;TN;TRENTO;R00214;PROVINCIA AUTONOMA TRENTO
2024;H147;RACALE;LE;LECCE;R00134;PUGLIA
2024;H148;RACALMUTO;AG;AGRIGENTO;R00152;SICILIA
2024;H150;RACCONIGI;CN;CUNEO;R00125;PIEMONTE
2024;H151;RACCUIA;ME;MESSINA;R00152;SICILIA
2024;H152;RACINES;BZ;BOLZANO;R00223;PROVINCIA AUTONOMA BOLZANO
2024;H153;RADDA IN CHIANTI;SI;SIENA;R00161;TOSCANA
2024;H154;RADDUSA;CT;CATANIA;R00152;SICILIA
2024;H156;RADICOFANI;SI;SIENA;R00161;TOSCANA
2024;H157;RADICONDOLI;SI;SIENA;R00161;TOSCANA
2024;H159;RAFFADALI;AG;AGRIGENTO;R00152;SICILIA
2024;H161;RAGOGNA;UD;UDINE;R00063;FRIULI-VENEZIA GIULIA
2024;H163;RAGUSA;RG;RAGUSA;R00152;SICILIA
2024;H165;RUVIANO;CE;CASERTA;R00045;CAMPANIA
2024;H166;RAIANO;AQ;L'AQUILA;R00018;ABRUZZO
2024;H168;RAMACCA;CT;CATANIA;R00152;SICILIA
2024;H173;RANCIO VALCUVIA;VA;VARESE;R00090;LOMBARDIA
2024;G975;PRAIA A MARE;CS;COSENZA;R00036;CALABRIA
2024;G976;PRAIANO;SA;SALERNO;R00045;CAMPANIA
2024;G977;PRALBOINO;BS;BRESCIA;R00090;LOMBARDIA
2024;G978;PRALI;TO;TORINO;R00125;PIEMONTE
2024;G979;PRALORMO;TO;TORINO;R00125;PIEMONTE
2024;G980;PRALUNGO;BI;BIELLA;R00125;PIEMONTE
2024;G981;PRAMAGGIORE;VE;VENEZIA;R00205;VENETO
2024;G982;PRAMOLLO;TO;TORINO;R00125;PIEMONTE
2024;G985;PRAROLO;VC;VERCELLI;R00125;PIEMONTE
2024;G986;PRAROSTINO;TO;TORINO;R00125;PIEMONTE
2024;G987;PRASCO;AL;ALESSANDRIA;R00125;PIEMONTE
2024;G988;PRASCORSANO;TO;TORINO;R00125;PIEMONTE
2024;G990;PRATA DI PRINCIPATO ULTRA;AV;AVELLINO;R00045;CAMPANIA
2024;L286;TORRI IN SABINA;RI;RIETI;R00072;LAZIO
2024;L287;TORRI DEL BENACO;VR;VERONA;R00205;VENETO
2024;L290;TORRICE;FR;FROSINONE;R00072;LAZIO
2024;L291;TORRICELLA PELIGNA;CH;CHIETI;R00018;ABRUZZO
2024;L292;TORRICELLA VERZATE;PV;PAVIA;R00090;LOMBARDIA
2024;L293;TORRICELLA IN SABINA;RI;RIETI;R00072;LAZIO
2024;L294;TORRICELLA;TA;TARANTO;R00134;PUGLIA
2024;L295;TORRICELLA SICURA;TE;TERAMO;R00018;ABRUZZO
2024;L296;TORRICELLA DEL PIZZO;CR;CREMONA;R00090;LOMBARDIA
2024;L297;TORRI DI QUARTESOLO;VI;VICENZA;R00205;VENETO
2024;L298;TORRIGLIA;GE;GENOVA;R00081;LIGURIA
2024;L299;TORRILE;PR;PARMA;R00054;EMILIA-ROMAGNA
2024;L301;TORRIONI;AV;AVELLINO;R00045;CAMPANIA
2024;L302;TORRITA TIBERINA;RM;ROMA;R00072;LAZIO
2024;L303;TORRITA DI SIENA;SI;SIENA;R00161;TOSCANA
2024;L304;TORTONA;AL;ALESSANDRIA;R00125;PIEMONTE
2024;L305;TORTORA;CS;COSENZA;R00036;CALABRIA
2024;L306;TORTORELLA;SA;SALERNO;R00045;CAMPANIA
2024;G851;PONTE NIZZA;PV;PAVIA;R00090;LOMBARDIA
2024;G852;PONTENURE;PC;PIACENZA;R00054;EMILIA-ROMAGNA
2024;G853;PONTERANICA;BG;BERGAMO;R00090;LOMBARDIA
2024;G854;PONT SAINT MARTIN;AO;AOSTA;R00198;VALLE D'AOSTA/VALLÉE D'AOSTE
2024;G855;PONTE SAN NICOLO';PD;PADOVA;R00205;VENETO
2024;G856;PONTE SAN PIETRO;BG;BERGAMO;R00090;LOMBARDIA
2024;G858;PONTESTURA;AL;ALESSANDRIA;R00125;PIEMONTE
2024;G859;PONTEVICO;BS;BRESCIA;R00090;LOMBARDIA
2024;G860;PONTEY;AO;AOSTA;R00198;VALLE D'AOSTA/VALLÉE D'AOSTE
2024;G861;PONTI;AL;ALESSANDRIA;R00125;PIEMONTE
2024;G862;PONTI SUL MINCIO;MN;MANTOVA;R00090;LOMBARDIA
2024;G864;PONTIDA;BG;BERGAMO;R00090;LOMBARDIA
2024;G865;PONTINIA;LT;LATINA;R00072;LAZIO
2024;G866;PONTINVREA;SV;SAVONA;R00081;LIGURIA
2024;G867;PONTIROLO NUOVO;BG;BERGAMO;R00090;LOMBARDIA
2024;G869;PONTOGLIO;BS;BRESCIA;R00090;LOMBARDIA
2024;G870;PONTREMOLI;MS;MASSA CARRARA;R00161;TOSCANA
2024;G871;PONZA;LT;LATINA;R00072;LAZIO
2024;G872;PONZANO MONFERRATO;AL;ALESSANDRIA;R00125;PIEMONTE
2024;G873;PONZANO DI FERMO;FM;FERMO;R00107;MARCHE
2024;G874;PONZANO ROMANO;RM;ROMA;R00072;LAZIO
2024;G875;PONZANO VENETO;TV;TREVISO;R00205;VENETO
2024;G877;PONZONE;AL;ALESSANDRIA;R00125;PIEMONTE
2024;G878;POPOLI;PE;PESCARA;R00018;ABRUZZO
2024;G879;POPPI;AR;AREZZO;R00161;TOSCANA
2024;G881;PORANO;TR;TERNI;R00189;UMBRIA
2024;G882;PORCARI;LU;LUCCA;R00161;TOSCANA
2024;G886;PORCIA;PN;PORDENONE;R00063;FRIULI-VENEZIA GIULIA
2024;G887;STELLA CILENTO;SA;SALERNO;R00045;CAMPANIA
2024;G888;PORDENONE;PN;PORDENONE;R00063;FRIULI-VENEZIA GIULIA
2024;G889;PORLEZZA;CO;COMO;R00090;LOMBARDIA
2024;G890;PORNASSIO;IM;IMPERIA;R00081;LIGURIA
2024;G891;PORPETTO;UD;UDINE;R00063;FRIULI-VENEZIA GIULIA
2024;G894;PORTACOMARO;AT;ASTI;R00125;PIEMONTE
2024;G895;PORTALBERA;PV;PAVIA;R00090;LOMBARDIA
2024;G900;PORTE;TO;TORINO;R00125;PIEMONTE
2024;G902;PORTICI;NA;NAPOLI;R00045;CAMPANIA
2024;G903;PORTICO DI CASERTA;CE;CASERTA;R00045;CAMPANIA
2024;G904;PORTICO E SAN BENEDETTO;FC;FORLI' - CESENA;R00054;EMILIA-ROMAGNA
2024;G905;PORTIGLIOLA;RC;REGGIO CALABRIA;R00036;CALABRIA
2024;G906;PORTO CERESIO;VA;VARESE;R00090;LOMBARDIA
2024;G907;PORTO VALTRAVAGLIA;VA;VARESE;R00090;LOMBARDIA
2024;G909;PORTOBUFFOLE';TV;TREVISO;R00205;VENETO
2024;G910;PORTOCANNONE;CB;CAMPOBASSO;R00116;MOLISE
2024;G912;PORTOFERRAIO;LI;LIVORNO;R00161;TOSCANA
2024;G913;PORTOFINO;GE;GENOVA;R00081;LIGURIA
2024;G914;PORTOGRUARO;VE;VENEZIA;R00205;VENETO
2024;G916;PORTOMAGGIORE;FE;FERRARA;R00054;EMILIA-ROMAGNA
2024;G917;PORTO MANTOVANO;MN;MANTOVA;R00090;LOMBARDIA
2024;G919;PORTO RECANATI;MC;MACERATA;R00107;MARCHE
2024;G920;PORTO SAN GIORGIO;FM;FERMO;R00107;MARCHE
2024;G921;PORTO SANT'ELPIDIO;FM;FERMO;R00107;MARCHE
2024;G923;PORTO TOLLE;RO;ROVIGO;R00205;VENETO
2024;G924;PORTO TORRES;SS;SASSARI;R00143;SARDEGNA
2024;G925;PORTOVENERE;SP;LA SPEZIA;R00081;LIGURIA
2024;G927;PORTULA;BI;BIELLA;R00125;PIEMONTE
2024;G929;POSADA;NU;NUORO;R00143;SARDEGNA
2024;G931;POSINA;VI;VICENZA;R00205;VENETO
2024;G932;POSITANO;SA;SALERNO;R00045;CAMPANIA
2024;G933;POSSAGNO;TV;TREVISO;R00205;VENETO
2024;G934;POSTA;RI;RIETI;R00072;LAZIO
2024;G935;POSTA FIBRENO;FR;FROSINONE;R00072;LAZIO
2024;G936;POSTAL;BZ;BOLZANO;R00223;PROVINCIA AUTONOMA BOLZANO
2024;G937;POSTALESIO;SO;SONDRIO;R00090;LOMBARDIA
2024;G939;POSTIGLIONE;SA;SALERNO;R00045;CAMPANIA
2024;G849;PONTELATONE;CE;CASERTA;R00045;CAMPANIA
2024;G772;POGLIANO MILANESE;MI;MILANO;R00090;LOMBARDIA
2024;G773;POGNANA LARIO;CO;COMO;R00090;LOMBARDIA
2024;G774;POGNANO;BG;BERGAMO;R00090;LOMBARDIA
2024;G775;POGNO;NO;NOVARA;R00125;PIEMONTE
2024;G776;POIANA MAGGIORE;VI;VICENZA;R00205;VENETO
2024;G777;POIRINO;TO;TORINO;R00125;PIEMONTE
2024;G779;POLAVENO;BS;BRESCIA;R00090;LOMBARDIA
2024;G780;POLCENIGO;PN;PORDENONE;R00063;FRIULI-VENEZIA GIULIA
2024;G782;POLESELLA;RO;ROVIGO;R00205;VENETO
2024;G784;POLI;RM;ROMA;R00072;LAZIO
2024;G785;POLIA;VV;VIBO VALENTIA;R00036;CALABRIA
2024;G786;POLICORO;MT;MATERA;R00027;BASILICATA
2024;G787;POLIGNANO A MARE;BA;BARI;R00134;PUGLIA
2024;G788;SAN PIETRO IN CERRO;PC;PIACENZA;R00054;EMILIA-ROMAGNA
2024;G789;POLINAGO;MO;MODENA;R00054;EMILIA-ROMAGNA
2024;G790;POLINO;TR;TERNI;R00189;UMBRIA
2024;G791;POLISTENA;RC;REGGIO CALABRIA;R00036;CALABRIA
2024;G792;POLIZZI GENEROSA;PA;PALERMO;R00152;SICILIA
2024;G793;POLLA;SA;SALERNO;R00045;CAMPANIA
2024;G794;POLLEIN;AO;AOSTA;R00198;VALLE D'AOSTA/VALLÉE D'AOSTE
2024;G795;POLLENA TROCCHIA;NA;NAPOLI;R00045;CAMPANIA
2024;G796;POLLICA;SA;SALERNO;R00045;CAMPANIA
2024;G797;POLLINA;PA;PALERMO;R00152;SICILIA
2024;G798;POLLONE;BI;BIELLA;R00125;PIEMONTE
2024;G799;POLLUTRI;CH;CHIETI;R00018;ABRUZZO
2024;G800;POLONGHERA;CN;CUNEO;R00125;PIEMONTE
2024;G801;POLPENAZZE;BS;BRESCIA;R00090;LOMBARDIA
2024;H174;RANCO;VA;VARESE;R00090;LOMBARDIA
2024;H175;RANDAZZO;CT;CATANIA;R00152;SICILIA
2024;H176;RANICA;BG;BERGAMO;R00090;LOMBARDIA
2024;H177;RANZANICO;BG;BERGAMO;R00090;LOMBARDIA
2024;H180;RANZO;IM;IMPERIA;R00081;LIGURIA
2024;H182;RAPAGNANO;FM;FERMO;R00107;MARCHE
2024;H183;RAPALLO;GE;GENOVA;R00081;LIGURIA
2024;H184;RAPINO;CH;CHIETI;R00018;ABRUZZO
2024;H185;RAPOLANO TERME;SI;SIENA;R00161;TOSCANA
2024;H186;RAPOLLA;PZ;POTENZA;R00027;BASILICATA
2024;H187;RAPONE;PZ;POTENZA;R00027;BASILICATA
2024;H188;RASSA;VC;VERCELLI;R00125;PIEMONTE
2024;H189;RASUN ANTERSELVA;BZ;BOLZANO;R00223;PROVINCIA AUTONOMA BOLZANO
2024;H192;RASURA;SO;SONDRIO;R00090;LOMBARDIA
2024;H194;RAVANUSA;AG;AGRIGENTO;R00152;SICILIA
2024;H195;RAVARINO;MO;MODENA;R00054;EMILIA-ROMAGNA
2024;H196;RAVASCLETTO;UD;UDINE;R00063;FRIULI-VENEZIA GIULIA
2024;H198;RAVELLO;SA;SALERNO;R00045;CAMPANIA
2024;I974;STREGNA;UD;UDINE;R00063;FRIULI-VENEZIA GIULIA
2024;I975;STREMBO;TN;TRENTO;R00214;PROVINCIA AUTONOMA TRENTO
2024;I976;STRESA;VB;VERBANO-CUSIO-OSSOLA;R00125;PIEMONTE
2024;I977;STREVI;AL;ALESSANDRIA;R00125;PIEMONTE
2024;I978;STRIANO;NA;NAPOLI;R00045;CAMPANIA
2024;I980;STRONA;BI;BIELLA;R00125;PIEMONTE
2024;I981;STRONCONE;TR;TERNI;R00189;UMBRIA
2024;I982;STRONGOLI;KR;CROTONE;R00036;CALABRIA
2024;I984;STROPPIANA;VC;VERCELLI;R00125;PIEMONTE
2024;I985;STROPPO;CN;CUNEO;R00125;PIEMONTE
2024;I986;STROZZA;BG;BERGAMO;R00090;LOMBARDIA
2024;I990;STURNO;AV;AVELLINO;R00045;CAMPANIA
2024;I991;SUBBIANO;AR;AREZZO;R00161;TOSCANA
2024;I992;SUBIACO;RM;ROMA;R00072;LAZIO
2024;I993;SUCCIVO;CE;CASERTA;R00045;CAMPANIA
2024;I994;SUEGLIO;LC;LECCO;R00090;LOMBARDIA
2024;I996;SUELLO;LC;LECCO;R00090;LOMBARDIA
2024;I997;SUISIO;BG;BERGAMO;R00090;LOMBARDIA
2024;I998;SULBIATE;MB;MONZA E BRIANZA;R00090;LOMBARDIA
2024;L002;SULZANO;BS;BRESCIA;R00090;LOMBARDIA
2024;L003;SUMIRAGO;VA;VARESE;R00090;LOMBARDIA
2024;L004;SUMMONTE;AV;AVELLINO;R00045;CAMPANIA
2024;L006;SUNI;OR;ORISTANO;R00143;SARDEGNA
2024;L007;SUNO;NO;NOVARA;R00125;PIEMONTE
2024;L008;SUPERSANO;LE;LECCE;R00134;PUGLIA
2024;L009;SUPINO;FR;FROSINONE;R00072;LAZIO
2024;L010;SURANO;LE;LECCE;R00134;PUGLIA
2024;L011;SURBO;LE;LECCE;R00134;PUGLIA
2024;L013;SUSA;TO;TORINO;R00125;PIEMONTE
2024;L014;SUSEGANA;TV;TREVISO;R00205;VENETO
2024;L015;SUSTINENTE;MN;MANTOVA;R00090;LOMBARDIA
2024;L016;SUTERA;CL;CALTANISSETTA;R00152;SICILIA
2024;L017;SUTRI;VT;VITERBO;R00072;LAZIO
2024;L018;SUTRIO;UD;UDINE;R00063;FRIULI-VENEZIA GIULIA
2024;L019;SUVERETO;LI;LIVORNO;R00161;TOSCANA
2024;L020;SUZZARA;MN;MANTOVA;R00090;LOMBARDIA
2024;L022;TACENO;LC;LECCO;R00090;LOMBARDIA
2024;L023;TADASUNI;OR;ORISTANO;R00143;SARDEGNA
2024;L024;TAGGIA;IM;IMPERIA;R00081;LIGURIA
2024;L025;TAGLIACOZZO;AQ;L'AQUILA;R00018;ABRUZZO
2024;L026;TAGLIO DI PO;RO;ROVIGO;R00205;VENETO
2024;L027;TAGLIOLO MONFERRATO;AL;ALESSANDRIA;R00125;PIEMONTE
2024;L030;TAIBON AGORDINO;BL;BELLUNO;R00205;VENETO
2024;L032;TAINO;VA;VARESE;R00090;LOMBARDIA
2024;L034;TALAMELLO;RN;RIMINI;R00054;EMILIA-ROMAGNA
2024;L035;TALAMONA;SO;SONDRIO;R00090;LOMBARDIA
2024;L037;TALEGGIO;BG;BERGAMO;R00090;LOMBARDIA
2024;L038;TALLA;AR;AREZZO;R00161;TOSCANA
2024;L039;TALMASSONS;UD;UDINE;R00063;FRIULI-VENEZIA GIULIA
2024;L040;TAMBRE;BL;BELLUNO;R00205;VENETO
2024;L042;TAORMINA;ME;MESSINA;R00152;SICILIA
2024;L046;TARANO;RI;RIETI;R00072;LAZIO
2024;L047;TARANTA PELIGNA;CH;CHIETI;R00018;ABRUZZO
2024;L048;TARANTASCA;CN;CUNEO;R00125;PIEMONTE
2024;L049;TARANTO;TA;TARANTO;R00134;PUGLIA
2024;L050;TARCENTO;UD;UDINE;R00063;FRIULI-VENEZIA GIULIA
2024;L055;TARSIA;CS;COSENZA;R00036;CALABRIA
2024;L056;TARTANO;SO;SONDRIO;R00090;LOMBARDIA
2024;I962;STORNARA;FG;FOGGIA;R00134;PUGLIA
2024;L057;TARVISIO;UD;UDINE;R00063;FRIULI-VENEZIA GIULIA
2024;I876;SOVERZENE;BL;BELLUNO;R00205;VENETO
2024;I877;SOVICILLE;SI;SIENA;R00161;TOSCANA
2024;I878;SOVICO;MB;MONZA E BRIANZA;R00090;LOMBARDIA
2024;M436;SOVIZZO;VI;VICENZA;R00205;VENETO
2024;M436;SOVIZZO;VI;VICENZA;R00205;VENETO
2024;M436;SOVIZZO;VI;VICENZA;R00205;VENETO
2024;I880;SOZZAGO;NO;NOVARA;R00125;PIEMONTE
2024;I881;SPADAFORA;ME;MESSINA;R00152;SICILIA
2024;I884;SPADOLA;VV;VIBO VALENTIA;R00036;CALABRIA
2024;I885;SPARANISE;CE;CASERTA;R00045;CAMPANIA
2024;I886;SPARONE;TO;TORINO;R00125;PIEMONTE
2024;I887;SPECCHIA;LE;LECCE;R00134;PUGLIA
2024;I888;SPELLO;PG;PERUGIA;R00189;UMBRIA
2024;I891;SPERLINGA;EN;ENNA;R00152;SICILIA
2024;I892;SPERLONGA;LT;LATINA;R00072;LAZIO
2024;I893;SPERONE;AV;AVELLINO;R00045;CAMPANIA
2024;I894;SPESSA;PV;PAVIA;R00090;LOMBARDIA
2024;I895;SPEZZANO ALBANESE;CS;COSENZA;R00036;CALABRIA
2024;I896;SPEZZANO DELLA SILA;CS;COSENZA;R00036;CALABRIA
2024;I899;SPIAZZO;TN;TRENTO;R00214;PROVINCIA AUTONOMA TRENTO
2024;I901;SPIGNO MONFERRATO;AL;ALESSANDRIA;R00125;PIEMONTE
2024;I902;SPIGNO SATURNIA;LT;LATINA;R00072;LAZIO
2024;I903;SPILAMBERTO;MO;MODENA;R00054;EMILIA-ROMAGNA
2024;I904;SPILIMBERGO;PN;PORDENONE;R00063;FRIULI-VENEZIA GIULIA
2024;I905;SPILINGA;VV;VIBO VALENTIA;R00036;CALABRIA
2024;I906;SPINADESCO;CR;CREMONA;R00090;LOMBARDIA
2024;I907;SPINAZZOLA;BT;BARLETTA_ANDRIA_TRANI;R00134;PUGLIA
2024;I908;SPINEA;VE;VENEZIA;R00205;VENETO
2024;I909;SPINEDA;CR;CREMONA;R00090;LOMBARDIA
2024;I910;SPINETE;CB;CAMPOBASSO;R00116;MOLISE
2024;I911;SPINETO SCRIVIA;AL;ALESSANDRIA;R00125;PIEMONTE
2024;I912;SPINETOLI;AP;ASCOLI PICENO;R00107;MARCHE
2024;I914;SPINO D'ADDA;CR;CREMONA;R00090;LOMBARDIA
2024;I916;SPINONE AL LAGO;BG;BERGAMO;R00090;LOMBARDIA
2024;I917;SPINOSO;PZ;POTENZA;R00027;BASILICATA
2024;I919;SPIRANO;BG;BERGAMO;R00090;LOMBARDIA
2024;I921;SPOLETO;PG;PERUGIA;R00189;UMBRIA
2024;I922;SPOLTORE;PE;PESCARA;R00018;ABRUZZO
2024;I923;SPONGANO;LE;LECCE;R00134;PUGLIA
2024;I924;SPORMAGGIORE;TN;TRENTO;R00214;PROVINCIA AUTONOMA TRENTO
2024;I925;SPORMINORE;TN;TRENTO;R00214;PROVINCIA AUTONOMA TRENTO
2024;I926;SPOTORNO;SV;SAVONA;R00081;LIGURIA
2024;I927;SPRESIANO;TV;TREVISO;R00205;VENETO
2024;I928;SPRIANA;SO;SONDRIO;R00090;LOMBARDIA
2024;I929;SQUILLACE;CZ;CATANZARO;R00036;CALABRIA
2024;I930;SQUINZANO;LE;LECCE;R00134;PUGLIA
2024;I932;STAFFOLO;AN;ANCONA;R00107;MARCHE
2024;I935;STAGNO LOMBARDO;CR;CREMONA;R00090;LOMBARDIA
2024;I936;STAITI;RC;REGGIO CALABRIA;R00036;CALABRIA
2024;I937;STALETTI;CZ;CATANZARO;R00036;CALABRIA
2024;I938;STANGHELLA;PD;PADOVA;R00205;VENETO
2024;I939;STARANZANO;GO;GORIZIA;R00063;FRIULI-VENEZIA GIULIA
2024;I941;STAZZANO;AL;ALESSANDRIA;R00125;PIEMONTE
2024;I942;STAZZEMA;LU;LUCCA;R00161;TOSCANA
2024;I943;STAZZONA;CO;COMO;R00090;LOMBARDIA
2024;I945;STEFANACONI;VV;VIBO VALENTIA;R00036;CALABRIA
2024;I946;STELLA;SV;SAVONA;R00081;LIGURIA
2024;I947;STELLANELLO;SV;SAVONA;R00081;LIGURIA
2024;I948;STELVIO;BZ;BOLZANO;R00223;PROVINCIA AUTONOMA BOLZANO
2024;I949;STENICO;TN;TRENTO;R00214;PROVINCIA AUTONOMA TRENTO
2024;I950;STERNATIA;LE;LECCE;R00134;PUGLIA
2024;I951;STEZZANO;BG;BERGAMO;R00090;LOMBARDIA
2024;I953;STIENTA;RO;ROVIGO;R00205;VENETO
2024;I954;STIGLIANO;MT;MATERA;R00027;BASILICATA
2024;I955;STIGNANO;RC;REGGIO CALABRIA;R00036;CALABRIA
2024;I956;STILO;RC;REGGIO CALABRIA;R00036;CALABRIA
2024;I959;STIMIGLIANO;RI;RIETI;R00072;LAZIO
2024;I960;STIO;SA;SALERNO;R00045;CAMPANIA
2024;I875;SOVERIA SIMERI;CZ;CATANZARO;R00036;CALABRIA
2024;I790;SOLAROLO RAINERIO;CR;CREMONA;R00090;LOMBARDIA
2024;I791;SOLARUSSA;OR;ORISTANO;R00143;SARDEGNA
2024;I793;SOLBIATE ARNO;VA;VARESE;R00090;LOMBARDIA
2024;I794;SOLBIATE OLONA;VA;VARESE;R00090;LOMBARDIA
2024;I796;SOLDANO;IM;IMPERIA;R00081;LIGURIA
2024;I798;SOLERO;AL;ALESSANDRIA;R00125;PIEMONTE
2024;I799;SOLESINO;PD;PADOVA;R00205;VENETO
2024;I800;SOLETO;LE;LECCE;R00134;PUGLIA
2024;I801;SOLFERINO;MN;MANTOVA;R00090;LOMBARDIA
2024;I802;SOLIERA;MO;MODENA;R00054;EMILIA-ROMAGNA
2024;I803;SOLIGNANO;PR;PARMA;R00054;EMILIA-ROMAGNA
2024;I804;SULMONA;AQ;L'AQUILA;R00018;ABRUZZO
2024;I805;SOLOFRA;AV;AVELLINO;R00045;CAMPANIA
2024;I808;SOLONGHELLO;AL;ALESSANDRIA;R00125;PIEMONTE
2024;I809;SOLOPACA;BN;BENEVENTO;R00045;CAMPANIA
2024;I812;SOLTO COLLINA;BG;BERGAMO;R00090;LOMBARDIA
2024;I813;SOLZA;BG;BERGAMO;R00090;LOMBARDIA
2024;I815;SOMAGLIA;LO;LODI;R00090;LOMBARDIA
2024;I817;SOMANO;CN;CUNEO;R00125;PIEMONTE
2024;I819;SOMMA LOMBARDO;VA;VARESE;R00090;LOMBARDIA
2024;I820;SOMMA VESUVIANA;NA;NAPOLI;R00045;CAMPANIA
2024;I821;SOMMACAMPAGNA;VR;VERONA;R00205;VENETO
2024;I822;SOMMARIVA DEL BOSCO;CN;CUNEO;R00125;PIEMONTE
2024;I823;SOMMARIVA PERNO;CN;CUNEO;R00125;PIEMONTE
2024;I824;SOMMATINO;CL;CALTANISSETTA;R00152;SICILIA
2024;I825;SOMMO;PV;PAVIA;R00090;LOMBARDIA
2024;I826;SONA;VR;VERONA;R00205;VENETO
2024;I827;SONCINO;CR;CREMONA;R00090;LOMBARDIA
2024;I828;SONDALO;SO;SONDRIO;R00090;LOMBARDIA
2024;I829;SONDRIO;SO;SONDRIO;R00090;LOMBARDIA
2024;I830;SONGAVAZZO;BG;BERGAMO;R00090;LOMBARDIA
2024;I831;SONICO;BS;BRESCIA;R00090;LOMBARDIA
2024;I832;SONNINO;LT;LATINA;R00072;LAZIO
2024;I838;SORA;FR;FROSINONE;R00072;LAZIO
2024;I839;SORAGA;TN;TRENTO;R00214;PROVINCIA AUTONOMA TRENTO
2024;I840;SORAGNA;PR;PARMA;R00054;EMILIA-ROMAGNA
2024;I841;SORANO;GR;GROSSETO;R00161;TOSCANA
2024;I843;SORBO SERPICO;AV;AVELLINO;R00045;CAMPANIA
2024;I844;SORBO SAN BASILE;CZ;CATANZARO;R00036;CALABRIA
2024;I847;SORDEVOLO;BI;BIELLA;R00125;PIEMONTE
2024;I848;SORDIO;LO;LODI;R00090;LOMBARDIA
2024;I849;SORESINA;CR;CREMONA;R00090;LOMBARDIA
2024;I850;SORGA';VR;VERONA;R00205;VENETO
2024;I851;SORGONO;NU;NUORO;R00143;SARDEGNA
2024;I852;SORI;GE;GENOVA;R00081;LIGURIA
2024;I853;SORIANELLO;VV;VIBO VALENTIA;R00036;CALABRIA
2024;I854;SORIANO CALABRO;VV;VIBO VALENTIA;R00036;CALABRIA
2024;I855;SORIANO NEL CIMINO;VT;VITERBO;R00072;LAZIO
2024;I856;SORICO;CO;COMO;R00090;LOMBARDIA
2024;I857;SORISO;NO;NOVARA;R00125;PIEMONTE
2024;I858;SORISOLE;BG;BERGAMO;R00090;LOMBARDIA
2024;I860;SORMANO;CO;COMO;R00090;LOMBARDIA
2024;I861;SORRADILE;OR;ORISTANO;R00143;SARDEGNA
2024;I862;SORRENTO;NA;NAPOLI;R00045;CAMPANIA
2024;I863;SORSO;SS;SASSARI;R00143;SARDEGNA
2024;I864;SORTINO;SR;SIRACUSA;R00152;SICILIA
2024;I865;SOSPIRO;CR;CREMONA;R00090;LOMBARDIA
2024;I866;SOSPIROLO;BL;BELLUNO;R00205;VENETO
2024;I867;SOSSANO;VI;VICENZA;R00205;VENETO
2024;I868;SOSTEGNO;BI;BIELLA;R00125;PIEMONTE
2024;I869;SOTTO IL MONTE GIOVANNI XXIII;BG;BERGAMO;R00090;LOMBARDIA
2024;I871;SOVER;TN;TRENTO;R00214;PROVINCIA AUTONOMA TRENTO
2024;I872;SOVERATO;CZ;CATANZARO;R00036;CALABRIA
2024;I873;SOVERE;BG;BERGAMO;R00090;LOMBARDIA
2024;I787;SOLAROLO;RA;RAVENNA;R00054;EMILIA-ROMAGNA
2024;I874;SOVERIA MANNELLI;CZ;CATANZARO;R00036;CALABRIA
2024;I696;SETTALA;MI;MILANO;R00090;LOMBARDIA
2024;I697;SETTEFRATI;FR;FROSINONE;R00072;LAZIO
2024;I698;SETTIME;AT;ASTI;R00125;PIEMONTE
2024;I699;SETTIMO SAN PIETRO;CA;CAGLIARI;R00143;SARDEGNA
2024;I700;SETTIMO MILANESE;MI;MILANO;R00090;LOMBARDIA
2024;I701;SETTIMO ROTTARO;TO;TORINO;R00125;PIEMONTE
2024;I702;SETTIMO VITTONE;TO;TORINO;R00125;PIEMONTE
2024;I703;SETTIMO TORINESE;TO;TORINO;R00125;PIEMONTE
2024;I704;SETTINGIANO;CZ;CATANZARO;R00036;CALABRIA
2024;I709;SEVESO;MB;MONZA E BRIANZA;R00090;LOMBARDIA
2024;I711;SEZZADIO;AL;ALESSANDRIA;R00125;PIEMONTE
2024;I712;SEZZE;LT;LATINA;R00072;LAZIO
2024;I714;SFRUZ;TN;TRENTO;R00214;PROVINCIA AUTONOMA TRENTO
2024;I715;SGONICO;TS;TRIESTE;R00063;FRIULI-VENEZIA GIULIA
2024;I716;SGURGOLA;FR;FROSINONE;R00072;LAZIO
2024;I717;SIAMAGGIORE;OR;ORISTANO;R00143;SARDEGNA
2024;I720;SIANO;SA;SALERNO;R00045;CAMPANIA
2024;I723;SICULIANA;AG;AGRIGENTO;R00152;SICILIA
2024;I725;SIDERNO;RC;REGGIO CALABRIA;R00036;CALABRIA
2024;I726;SIENA;SI;SIENA;R00161;TOSCANA
2024;I727;SIGILLO;PG;PERUGIA;R00189;UMBRIA
2024;I728;SIGNA;FI;FIRENZE;R00161;TOSCANA
2024;I729;SILANDRO;BZ;BOLZANO;R00223;PROVINCIA AUTONOMA BOLZANO
2024;I730;SILANUS;NU;NUORO;R00143;SARDEGNA
2024;I732;SILIGO;SS;SASSARI;R00143;SARDEGNA
2024;I736;SILLAVENGO;NO;NOVARA;R00125;PIEMONTE
2024;I738;SILVANO D'ORBA;AL;ALESSANDRIA;R00125;PIEMONTE
2024;I739;SILVANO PIETRA;PV;PAVIA;R00090;LOMBARDIA
2024;I741;SILVI;TE;TERAMO;R00018;ABRUZZO
2024;I742;SIMALA;OR;ORISTANO;R00143;SARDEGNA
2024;I743;SIMAXIS;OR;ORISTANO;R00143;SARDEGNA
2024;I744;SIMBARIO;VV;VIBO VALENTIA;R00036;CALABRIA
2024;I745;SIMERI E CRICHI;CZ;CATANZARO;R00036;CALABRIA
2024;I747;SINAGRA;ME;MESSINA;R00152;SICILIA
2024;I748;SINDIA;NU;NUORO;R00143;SARDEGNA
2024;I749;SINI;OR;ORISTANO;R00143;SARDEGNA
2024;I750;SINIO;CN;CUNEO;R00125;PIEMONTE
2024;I751;SINISCOLA;NU;NUORO;R00143;SARDEGNA
2024;I752;SINNAI;CA;CAGLIARI;R00143;SARDEGNA
2024;I753;SINOPOLI;RC;REGGIO CALABRIA;R00036;CALABRIA
2024;I754;SIRACUSA;SR;SIRACUSA;R00152;SICILIA
2024;I756;SIRIGNANO;AV;AVELLINO;R00045;CAMPANIA
2024;I757;SIRIS;OR;ORISTANO;R00143;SARDEGNA
2024;I758;SIROLO;AN;ANCONA;R00107;MARCHE
2024;I759;SIRONE;LC;LECCO;R00090;LOMBARDIA
2024;I761;SIRTORI;LC;LECCO;R00090;LOMBARDIA
2024;I765;SIURGUS DONIGALA;SU;SUD SARDEGNA;R00143;SARDEGNA
2024;I767;SIZZANO;NO;NOVARA;R00125;PIEMONTE
2024;I771;SLUDERNO;BZ;BOLZANO;R00223;PROVINCIA AUTONOMA BOLZANO
2024;I774;SMERILLO;FM;FERMO;R00107;MARCHE
2024;I775;SOAVE;VR;VERONA;R00205;VENETO
2024;I777;SOCCHIEVE;UD;UDINE;R00063;FRIULI-VENEZIA GIULIA
2024;I779;SOGLIANO AL RUBICONE;FC;FORLI' - CESENA;R00054;EMILIA-ROMAGNA
2024;I695;SESTU;CA;CAGLIARI;R00143;SARDEGNA
2024;I780;SOGLIANO CAVOUR;LE;LECCE;R00134;PUGLIA
2024;I781;SOGLIO;AT;ASTI;R00125;PIEMONTE
2024;I782;SOIANO DEL LAGO;BS;BRESCIA;R00090;LOMBARDIA
2024;I783;SOLAGNA;VI;VICENZA;R00205;VENETO
2024;I785;SOLARINO;SR;SIRACUSA;R00152;SICILIA
2024;I786;SOLARO;MI;MILANO;R00090;LOMBARDIA
2024;I614;SENNORI;SS;SASSARI;R00143;SARDEGNA
2024;I618;SEPINO;CB;CAMPOBASSO;R00116;MOLISE
2024;I621;SEQUALS;PN;PORDENONE;R00063;FRIULI-VENEZIA GIULIA
2024;I622;SERAVEZZA;LU;LUCCA;R00161;TOSCANA
2024;I626;SEREN DEL GRAPPA;BL;BELLUNO;R00205;VENETO
2024;I627;SERGNANO;CR;CREMONA;R00090;LOMBARDIA
2024;I628;SERIATE;BG;BERGAMO;R00090;LOMBARDIA
2024;I629;SERINA;BG;BERGAMO;R00090;LOMBARDIA
2024;I630;SERINO;AV;AVELLINO;R00045;CAMPANIA
2024;I631;SERLE;BS;BRESCIA;R00090;LOMBARDIA
2024;I632;SERMIDE;MN;MANTOVA;R00090;LOMBARDIA
2024;I633;SIRMIONE;BS;BRESCIA;R00090;LOMBARDIA
2024;I634;SERMONETA;LT;LATINA;R00072;LAZIO
2024;I635;SERNAGLIA DELLA BATTAGLIA;TV;TREVISO;R00205;VENETO
2024;I636;SERNIO;SO;SONDRIO;R00090;LOMBARDIA
2024;I637;SEROLE;AT;ASTI;R00125;PIEMONTE
2024;I639;SERRA SAN BRUNO;VV;VIBO VALENTIA;R00036;CALABRIA
2024;I640;SERRA RICCO';GE;GENOVA;R00081;LIGURIA
2024;I641;SERRACAPRIOLA;FG;FOGGIA;R00134;PUGLIA
2024;I642;SERRA D'AIELLO;CS;COSENZA;R00036;CALABRIA
2024;I643;SERRA DE' CONTI;AN;ANCONA;R00107;MARCHE
2024;I644;SERRADIFALCO;CL;CALTANISSETTA;R00152;SICILIA
2024;I645;SERRALUNGA DI CREA;AL;ALESSANDRIA;R00125;PIEMONTE
2024;I646;SERRALUNGA D'ALBA;CN;CUNEO;R00125;PIEMONTE
2024;I648;SERRAMEZZANA;SA;SALERNO;R00045;CAMPANIA
2024;I649;SERRAMONACESCA;PE;PESCARA;R00018;ABRUZZO
2024;I651;SERRAPETRONA;MC;MACERATA;R00107;MARCHE
2024;I652;SERRARA FONTANA;NA;NAPOLI;R00045;CAMPANIA
2024;I653;SERRA SAN QUIRICO;AN;ANCONA;R00107;MARCHE
2024;I654;SERRA SANT'ABBONDIO;PU;PESARO - URBINO;R00107;MARCHE
2024;I655;SERRASTRETTA;CZ;CATANZARO;R00036;CALABRIA
2024;I656;SERRATA;RC;REGGIO CALABRIA;R00036;CALABRIA
2024;I657;SERRAVALLE SCRIVIA;AL;ALESSANDRIA;R00125;PIEMONTE
2024;I659;SERRAVALLE LANGHE;CN;CUNEO;R00125;PIEMONTE
2024;I660;SERRAVALLE PISTOIESE;PT;PISTOIA;R00161;TOSCANA
2024;I661;SERRAVALLE DI CHIENTI;MC;MACERATA;R00107;MARCHE
2024;I662;SERRAVALLE A PO;MN;MANTOVA;R00090;LOMBARDIA
2024;I663;SERRAVALLE SESIA;VC;VERCELLI;R00125;PIEMONTE
2024;I666;SERRE;SA;SALERNO;R00045;CAMPANIA
2024;I669;SERRONE;FR;FROSINONE;R00072;LAZIO
2024;I671;SERSALE;CZ;CATANZARO;R00036;CALABRIA
2024;I673;SOVRAMONTE;BL;BELLUNO;R00205;VENETO
2024;I676;SESSA AURUNCA;CE;CASERTA;R00045;CAMPANIA
2024;I677;SESSA CILENTO;SA;SALERNO;R00045;CAMPANIA
2024;I678;SESSAME;AT;ASTI;R00125;PIEMONTE
2024;I679;SESSANO DEL MOLISE;IS;ISERNIA;R00116;MOLISE
2024;I681;SESTINO;AR;AREZZO;R00161;TOSCANA
2024;I682;SESTO CAMPANO;IS;ISERNIA;R00116;MOLISE
2024;I683;SESTO ED UNITI;CR;CREMONA;R00090;LOMBARDIA
2024;I684;SESTO FIORENTINO;FI;FIRENZE;R00161;TOSCANA
2024;I686;SESTO AL REGHENA;PN;PORDENONE;R00063;FRIULI-VENEZIA GIULIA
2024;I687;SESTO;BZ;BOLZANO;R00223;PROVINCIA AUTONOMA BOLZANO
2024;I688;SESTO CALENDE;VA;VARESE;R00090;LOMBARDIA
2024;I689;SESTOLA;MO;MODENA;R00054;EMILIA-ROMAGNA
2024;I690;SESTO SAN GIOVANNI;MI;MILANO;R00090;LOMBARDIA
2024;I692;SESTRIERE;TO;TORINO;R00125;PIEMONTE
2024;I693;SESTRI LEVANTE;GE;GENOVA;R00081;LIGURIA
2024;I613;SENNARIOLO;OR;ORISTANO;R00143;SARDEGNA
2024;I530;SCHILPARIO;BG;BERGAMO;R00090;LOMBARDIA
2024;I531;SCHIO;VI;VICENZA;R00205;VENETO
2024;I532;SCHIVENOGLIA;MN;MANTOVA;R00090;LOMBARDIA
2024;I533;SCIACCA;AG;AGRIGENTO;R00152;SICILIA
2024;I534;SCIARA;PA;PALERMO;R00152;SICILIA
2024;I535;SCICLI;RG;RAGUSA;R00152;SICILIA
2024;I536;SCIDO;RC;REGGIO CALABRIA;R00036;CALABRIA
2024;I537;SCILLA;RC;REGGIO CALABRIA;R00036;CALABRIA
2024;I538;SCILLATO;PA;PALERMO;R00152;SICILIA
2024;I539;SCIOLZE;TO;TORINO;R00125;PIEMONTE
2024;I540;SCISCIANO;NA;NAPOLI;R00045;CAMPANIA
2024;I541;SCLAFANI BAGNI;PA;PALERMO;R00152;SICILIA
2024;I543;SCONTRONE;AQ;L'AQUILA;R00018;ABRUZZO
2024;I544;SCOPA;VC;VERCELLI;R00125;PIEMONTE
2024;I545;SCOPELLO;VC;VERCELLI;R00125;PIEMONTE
2024;I546;SCOPPITO;AQ;L'AQUILA;R00018;ABRUZZO
2024;I548;SCORDIA;CT;CATANIA;R00152;SICILIA
2024;I549;SCORRANO;LE;LECCE;R00134;PUGLIA
2024;I551;SCORZE';VE;VENEZIA;R00205;VENETO
2024;I553;SCURCOLA MARSICANA;AQ;L'AQUILA;R00018;ABRUZZO
2024;I554;SCURELLE;TN;TRENTO;R00214;PROVINCIA AUTONOMA TRENTO
2024;I555;SCURZOLENGO;AT;ASTI;R00125;PIEMONTE
2024;I556;SEBORGA;IM;IMPERIA;R00081;LIGURIA
2024;I558;SECINARO;AQ;L'AQUILA;R00018;ABRUZZO
2024;I559;SECLI';LE;LECCE;R00134;PUGLIA
2024;I561;SECUGNAGO;LO;LODI;R00090;LOMBARDIA
2024;I562;SEDEGLIANO;UD;UDINE;R00063;FRIULI-VENEZIA GIULIA
2024;I563;SEDICO;BL;BELLUNO;R00205;VENETO
2024;I564;SEDILO;OR;ORISTANO;R00143;SARDEGNA
2024;I565;SEDINI;SS;SASSARI;R00143;SARDEGNA
2024;I566;SEDRIANO;MI;MILANO;R00090;LOMBARDIA
2024;I567;SEDRINA;BG;BERGAMO;R00090;LOMBARDIA
2024;I569;SEFRO;MC;MACERATA;R00107;MARCHE
2024;I571;SEGGIANO;GR;GROSSETO;R00161;TOSCANA
2024;I573;SEGNI;RM;ROMA;R00072;LAZIO
2024;I576;SEGONZANO;TN;TRENTO;R00214;PROVINCIA AUTONOMA TRENTO
2024;I577;SEGRATE;MI;MILANO;R00090;LOMBARDIA
2024;I578;SEGUSINO;TV;TREVISO;R00205;VENETO
2024;I580;SELARGIUS;CA;CAGLIARI;R00143;SARDEGNA
2024;I581;SELCI;RI;RIETI;R00072;LAZIO
2024;I585;SELLANO;PG;PERUGIA;R00189;UMBRIA
2024;I588;SELLERO;BS;BRESCIA;R00090;LOMBARDIA
2024;I589;SELLIA;CZ;CATANZARO;R00036;CALABRIA
2024;I590;SELLIA MARINA;CZ;CATANZARO;R00036;CALABRIA
2024;I591;SELVA DI VAL GARDENA;BZ;BOLZANO;R00223;PROVINCIA AUTONOMA BOLZANO
2024;I592;SELVA DI CADORE;BL;BELLUNO;R00205;VENETO
2024;I593;SELVA DEI MOLINI;BZ;BOLZANO;R00223;PROVINCIA AUTONOMA BOLZANO
2024;I594;SELVA DI PROGNO;VR;VERONA;R00205;VENETO
2024;I595;SELVAZZANO DENTRO;PD;PADOVA;R00205;VENETO
2024;I597;SELVINO;BG;BERGAMO;R00090;LOMBARDIA
2024;I598;SEMESTENE;SS;SASSARI;R00143;SARDEGNA
2024;I599;SEMIANA;PV;PAVIA;R00090;LOMBARDIA
2024;I600;SEMINARA;RC;REGGIO CALABRIA;R00036;CALABRIA
2024;I601;SEMPRONIANO;GR;GROSSETO;R00161;TOSCANA
2024;I602;SENAGO;MI;MILANO;R00090;LOMBARDIA
2024;I603;SENALE-SAN FELICE;BZ;BOLZANO;R00223;PROVINCIA AUTONOMA BOLZANO
2024;I604;SENALES;BZ;BOLZANO;R00223;PROVINCIA AUTONOMA BOLZANO
2024;I605;SENEGHE;OR;ORISTANO;R00143;SARDEGNA
2024;I606;SENERCHIA;AV;AVELLINO;R00045;CAMPANIA
2024;I607;SENIGA;BS;BRESCIA;R00090;LOMBARDIA
2024;I608;SENIGALLIA;AN;ANCONA;R00107;MARCHE
2024;I609;SENIS;OR;ORISTANO;R00143;SARDEGNA
2024;I529;SCHIGNANO;CO;COMO;R00090;LOMBARDIA
2024;I610;SENISE;PZ;POTENZA;R00027;BASILICATA
2024;I611;SENNA COMASCO;CO;COMO;R00090;LOMBARDIA
2024;I612;SENNA LODIGIANA;LO;LODI;R00090;LOMBARDIA
2024;I439;SARNONICO;TN;TRENTO;R00214;PROVINCIA AUTONOMA TRENTO
2024;I441;SARONNO;VA;VARESE;R00090;LOMBARDIA
2024;I442;SARRE;AO;AOSTA;R00198;VALLE D'AOSTA/VALLÉE D'AOSTE
2024;I443;SARROCH;CA;CAGLIARI;R00143;SARDEGNA
2024;I444;SARSINA;FC;FORLI' - CESENA;R00054;EMILIA-ROMAGNA
2024;I445;SARTEANO;SI;SIENA;R00161;TOSCANA
2024;I447;SARTIRANA LOMELLINA;PV;PAVIA;R00090;LOMBARDIA
2024;I448;SARULE;NU;NUORO;R00143;SARDEGNA
2024;I449;SARZANA;SP;LA SPEZIA;R00081;LIGURIA
2024;I451;SASSANO;SA;SALERNO;R00045;CAMPANIA
2024;I452;SASSARI;SS;SASSARI;R00143;SARDEGNA
2024;I453;SASSELLO;SV;SAVONA;R00081;LIGURIA
2024;I454;SASSETTA;LI;LIVORNO;R00161;TOSCANA
2024;I455;SASSINORO;BN;BENEVENTO;R00045;CAMPANIA
2024;I457;SASSO DI CASTALDA;PZ;POTENZA;R00027;BASILICATA
2024;I461;SASSOFERRATO;AN;ANCONA;R00107;MARCHE
2024;I462;SASSUOLO;MO;MODENA;R00054;EMILIA-ROMAGNA
2024;I463;SATRIANO;CZ;CATANZARO;R00036;CALABRIA
2024;I464;SAURIS;UD;UDINE;R00063;FRIULI-VENEZIA GIULIA
2024;I465;SAUZE DI CESANA;TO;TORINO;R00125;PIEMONTE
2024;I466;SAUZE D'OULX;TO;TORINO;R00125;PIEMONTE
2024;I467;SAVA;TA;TARANTO;R00134;PUGLIA
2024;I468;SAVELLI;KR;CROTONE;R00036;CALABRIA
2024;I469;SAVIANO;NA;NAPOLI;R00045;CAMPANIA
2024;I470;SAVIGLIANO;CN;CUNEO;R00125;PIEMONTE
2024;I471;SAVIGNANO IRPINO;AV;AVELLINO;R00045;CAMPANIA
2024;I472;SAVIGNANO SUL RUBICONE;FC;FORLI' - CESENA;R00054;EMILIA-ROMAGNA
2024;I473;SAVIGNANO SUL PANARO;MO;MODENA;R00054;EMILIA-ROMAGNA
2024;I475;SAVIGNONE;GE;GENOVA;R00081;LIGURIA
2024;I476;SAVIORE DELL'ADAMELLO;BS;BRESCIA;R00090;LOMBARDIA
2024;I477;SAVOCA;ME;MESSINA;R00152;SICILIA
2024;I478;SAVOGNA;UD;UDINE;R00063;FRIULI-VENEZIA GIULIA
2024;I479;SAVOGNA D'ISONZO;GO;GORIZIA;R00063;FRIULI-VENEZIA GIULIA
2024;I480;SAVONA;SV;SAVONA;R00081;LIGURIA
2024;I482;SCAFA;PE;PESCARA;R00018;ABRUZZO
2024;I483;SCAFATI;SA;SALERNO;R00045;CAMPANIA
2024;I484;SCAGNELLO;CN;CUNEO;R00125;PIEMONTE
2024;I485;SCALA COELI;CS;COSENZA;R00036;CALABRIA
2024;I486;SCALA;SA;SALERNO;R00045;CAMPANIA
2024;I487;SCALDASOLE;PV;PAVIA;R00090;LOMBARDIA
2024;I489;SCALEA;CS;COSENZA;R00036;CALABRIA
2024;I490;SCALENGHE;TO;TORINO;R00125;PIEMONTE
2024;I492;SCALETTA ZANCLEA;ME;MESSINA;R00152;SICILIA
2024;I493;SCAMPITELLA;AV;AVELLINO;R00045;CAMPANIA
2024;I494;SCANDALE;KR;CROTONE;R00036;CALABRIA
2024;I496;SCANDIANO;RE;REGGIO EMILIA;R00054;EMILIA-ROMAGNA
2024;I497;SCANDOLARA RAVARA;CR;CREMONA;R00090;LOMBARDIA
2024;I498;SCANDOLARA RIPA D'OGLIO;CR;CREMONA;R00090;LOMBARDIA
2024;I499;SCANDRIGLIA;RI;RIETI;R00072;LAZIO
2024;I501;SCANNO;AQ;L'AQUILA;R00018;ABRUZZO
2024;I503;SCANO DI MONTIFERRO;OR;ORISTANO;R00143;SARDEGNA
2024;I504;SCANSANO;GR;GROSSETO;R00161;TOSCANA
2024;I506;SCANZOROSCIATE;BG;BERGAMO;R00090;LOMBARDIA
2024;I507;SCAPOLI;IS;ISERNIA;R00116;MOLISE
2024;I510;SCARLINO;GR;GROSSETO;R00161;TOSCANA
2024;I511;SCARMAGNO;TO;TORINO;R00125;PIEMONTE
2024;I512;SCARNAFIGI;CN;CUNEO;R00125;PIEMONTE
2024;I519;SCENA;BZ;BOLZANO;R00223;PROVINCIA AUTONOMA BOLZANO
2024;I520;SCERNI;CH;CHIETI;R00018;ABRUZZO
2024;I522;SCHEGGIA E PASCELUPO;PG;PERUGIA;R00189;UMBRIA
2024;I523;SCHEGGINO;PG;PERUGIA;R00189;UMBRIA
2024;I526;SCHIAVI DI ABRUZZO;CH;CHIETI;R00018;ABRUZZO
2024;I527;SCHIAVON;VI;VICENZA;R00205;VENETO
2024;I438;SARNO;SA;SALERNO;R00045;CAMPANIA
2024;I360;SANTO STEFANO DI SESSANIO;AQ;L'AQUILA;R00018;ABRUZZO
2024;I361;SANTO STEFANO TICINO;MI;MILANO;R00090;LOMBARDIA
2024;I362;SANTO STEFANO LODIGIANO;LO;LODI;R00090;LOMBARDIA
2024;I363;SANTO STEFANO DI MAGRA;SP;LA SPEZIA;R00081;LIGURIA
2024;I364;VILLA SANTO STEFANO;FR;FROSINONE;R00072;LAZIO
2024;I365;SANTO STEFANO AL MARE;IM;IMPERIA;R00081;LIGURIA
2024;I367;SANTO STEFANO BELBO;CN;CUNEO;R00125;PIEMONTE
2024;I368;SANTO STEFANO D'AVETO;GE;GENOVA;R00081;LIGURIA
2024;I370;SANTO STEFANO DI CAMASTRA;ME;MESSINA;R00152;SICILIA
2024;I371;SANTO STEFANO IN ASPROMONTE;RC;REGGIO CALABRIA;R00036;CALABRIA
2024;I372;SANTO STEFANO ROERO;CN;CUNEO;R00125;PIEMONTE
2024;I373;SANTO STINO DI LIVENZA;VE;VENEZIA;R00205;VENETO
2024;I374;SANTU LUSSURGIU;OR;ORISTANO;R00143;SARDEGNA
2024;I375;SANT'URBANO;PD;PADOVA;R00205;VENETO
2024;I376;SAN VALENTINO IN ABRUZZO CITERIORE;PE;PESCARA;R00018;ABRUZZO
2024;I377;SAN VALENTINO TORIO;SA;SALERNO;R00045;CAMPANIA
2024;I381;SAN VENANZO;TR;TERNI;R00189;UMBRIA
2024;I382;SAN VENDEMIANO;TV;TREVISO;R00205;VENETO
2024;I384;SAN VERO MILIS;OR;ORISTANO;R00143;SARDEGNA
2024;I388;SAN VINCENZO LA COSTA;CS;COSENZA;R00036;CALABRIA
2024;I389;SAN VINCENZO VALLE ROVETO;AQ;L'AQUILA;R00018;ABRUZZO
2024;I390;SAN VINCENZO;LI;LIVORNO;R00161;TOSCANA
2024;I391;SAN VITALIANO;NA;NAPOLI;R00045;CAMPANIA
2024;I392;SAN VITO DI CADORE;BL;BELLUNO;R00205;VENETO
2024;I393;SAN VITO SULLO IONIO;CZ;CATANZARO;R00036;CALABRIA
2024;I394;SAN VITO CHIETINO;CH;CHIETI;R00018;ABRUZZO
2024;I396;SAN VITO DEI NORMANNI;BR;BRINDISI;R00134;PUGLIA
2024;I400;SAN VITO ROMANO;RM;ROMA;R00072;LAZIO
2024;I401;SAN VITO DI LEGUZZANO;VI;VICENZA;R00205;VENETO
2024;I403;SAN VITO AL TAGLIAMENTO;PN;PORDENONE;R00063;FRIULI-VENEZIA GIULIA
2024;I404;SAN VITO AL TORRE;UD;UDINE;R00063;FRIULI-VENEZIA GIULIA
2024;I405;SAN VITO DI FAGAGNA;UD;UDINE;R00063;FRIULI-VENEZIA GIULIA
2024;I407;SAN VITO LO CAPO;TP;TRAPANI;R00152;SICILIA
2024;I408;SAN VITTORE DEL LAZIO;FR;FROSINONE;R00072;LAZIO
2024;I409;SAN VITTORE OLONA;MI;MILANO;R00090;LOMBARDIA
2024;I410;SANZA;SA;SALERNO;R00045;CAMPANIA
2024;I411;SANZENO;TN;TRENTO;R00214;PROVINCIA AUTONOMA TRENTO
2024;I412;SAN ZENO NAVIGLIO;BS;BRESCIA;R00090;LOMBARDIA
2024;I414;SAN ZENO DI MONTAGNA;VR;VERONA;R00205;VENETO
2024;I415;SAN ZENONE AL LAMBRO;MI;MILANO;R00090;LOMBARDIA
2024;I416;SAN ZENONE AL PO;PV;PAVIA;R00090;LOMBARDIA
2024;I417;SAN ZENONE DEGLI EZZELINI;TV;TREVISO;R00205;VENETO
2024;I418;SAONARA;PD;PADOVA;R00205;VENETO
2024;I420;SAPONARA;ME;MESSINA;R00152;SICILIA
2024;I421;SAPPADA;UD;UDINE;R00063;FRIULI-VENEZIA GIULIA
2024;I422;SAPRI;SA;SALERNO;R00045;CAMPANIA
2024;I423;SARACENA;CS;COSENZA;R00036;CALABRIA
2024;I424;SARACINESCO;RM;ROMA;R00072;LAZIO
2024;I425;SARCEDO;VI;VICENZA;R00205;VENETO
2024;I426;SARCONI;PZ;POTENZA;R00027;BASILICATA
2024;I429;SARDIGLIANO;AL;ALESSANDRIA;R00125;PIEMONTE
2024;I430;SAREGO;VI;VICENZA;R00205;VENETO
2024;I431;SARENTINO;BZ;BOLZANO;R00223;PROVINCIA AUTONOMA BOLZANO
2024;I432;SAREZZANO;AL;ALESSANDRIA;R00125;PIEMONTE
2024;I433;SAREZZO;BS;BRESCIA;R00090;LOMBARDIA
2024;I434;SARMATO;PC;PIACENZA;R00054;EMILIA-ROMAGNA
2024;I435;SARMEDE;TV;TREVISO;R00205;VENETO
2024;I436;SARNANO;MC;MACERATA;R00107;MARCHE
2024;I437;SARNICO;BG;BERGAMO;R00090;LOMBARDIA
2024;I359;SANTO STEFANO DI ROGLIANO;CS;COSENZA;R00036;CALABRIA
2024;I286;SANT'ANGELO IN PONTANO;MC;MACERATA;R00107;MARCHE
2024;I287;SANT'ANGELO IN VADO;PU;PESARO - URBINO;R00107;MARCHE
2024;I288;SANT'ANGELO LE FRATTE;PZ;POTENZA;R00027;BASILICATA
2024;I289;SANT'ANGELO LIMOSANO;CB;CAMPOBASSO;R00116;MOLISE
2024;I290;SANT'ANGELO MUXARO;AG;AGRIGENTO;R00152;SICILIA
2024;I291;SANTA NINFA;TP;TRAPANI;R00152;SICILIA
2024;I292;SANT'ANNA D'ALFAEDO;VR;VERONA;R00205;VENETO
2024;I293;SANT'ANTIMO;NA;NAPOLI;R00045;CAMPANIA
2024;I296;SANT'ANTONINO DI SUSA;TO;TORINO;R00125;PIEMONTE
2024;I150;SAN SEBASTIANO CURONE;AL;ALESSANDRIA;R00125;PIEMONTE
2024;I151;SAN SEBASTIANO AL VESUVIO;NA;NAPOLI;R00045;CAMPANIA
2024;I152;SAN SEBASTIANO DA PO;TO;TORINO;R00125;PIEMONTE
2024;I153;SAN SECONDO PARMENSE;PR;PARMA;R00054;EMILIA-ROMAGNA
2024;I154;SAN SECONDO DI PINEROLO;TO;TORINO;R00125;PIEMONTE
2024;I155;SANSEPOLCRO;AR;AREZZO;R00161;TOSCANA
2024;I156;SAN SEVERINO MARCHE;MC;MACERATA;R00107;MARCHE
2024;I157;SAN SEVERINO LUCANO;PZ;POTENZA;R00027;BASILICATA
2024;I158;SAN SEVERO;FG;FOGGIA;R00134;PUGLIA
2024;I163;SAN SOSSIO BARONIA;AV;AVELLINO;R00045;CAMPANIA
2024;I164;SAN SOSTENE;CZ;CATANZARO;R00036;CALABRIA
2024;I165;SAN SOSTI;CS;COSENZA;R00036;CALABRIA
2024;I168;SANTA BRIGIDA;BG;BERGAMO;R00090;LOMBARDIA
2024;I169;SANTA CATERINA VILLARMOSA;CL;CALTANISSETTA;R00152;SICILIA
2024;I170;SANTA CATERINA DELLO IONIO;CZ;CATANZARO;R00036;CALABRIA
2024;I171;SANTA CATERINA ALBANESE;CS;COSENZA;R00036;CALABRIA
2024;I172;SANTA CESAREA TERME;LE;LECCE;R00134;PUGLIA
2024;I173;SANTA CRISTINA VALGARDENA;BZ;BOLZANO;R00223;PROVINCIA AUTONOMA BOLZANO
2024;I174;SANTA CRISTINA GELA;PA;PALERMO;R00152;SICILIA
2024;I175;SANTA CRISTINA E BISSONE;PV;PAVIA;R00090;LOMBARDIA
2024;I176;SANTA CRISTINA D'ASPROMONTE;RC;REGGIO CALABRIA;R00036;CALABRIA
2024;I177;SANTA CROCE SULL'ARNO;PI;PISA;R00161;TOSCANA
2024;I178;SANTA CROCE CAMERINA;RG;RAGUSA;R00152;SICILIA
2024;I179;SANTA CROCE DEL SANNIO;BN;BENEVENTO;R00045;CAMPANIA
2024;I181;SANTA CROCE DI MAGLIANO;CB;CAMPOBASSO;R00116;MOLISE
2024;I183;SANTA DOMENICA TALAO;CS;COSENZA;R00036;CALABRIA
2024;I184;SANTA DOMENICA VITTORIA;ME;MESSINA;R00152;SICILIA
2024;I185;SANTA ELISABETTA;AG;AGRIGENTO;R00152;SICILIA
2024;I187;SANTA FIORA;GR;GROSSETO;R00161;TOSCANA
2024;I188;SANTA FLAVIA;PA;PALERMO;R00152;SICILIA
2024;I189;SANT'AGAPITO;IS;ISERNIA;R00116;MOLISE
2024;I190;SANT'AGATA FOSSILI;AL;ALESSANDRIA;R00125;PIEMONTE
2024;I191;SANT'AGATA BOLOGNESE;BO;BOLOGNA;R00054;EMILIA-ROMAGNA
2024;I192;SANT'AGATA DI ESARO;CS;COSENZA;R00036;CALABRIA
2024;I193;SANT'AGATA DI PUGLIA;FG;FOGGIA;R00134;PUGLIA
2024;I196;SANT'AGATA SUL SANTERNO;RA;RAVENNA;R00054;EMILIA-ROMAGNA
2024;I197;SANT'AGATA DE' GOTI;BN;BENEVENTO;R00045;CAMPANIA
2024;I198;SANT'AGATA DEL BIANCO;RC;REGGIO CALABRIA;R00036;CALABRIA
2024;I199;SANT'AGATA DI MILITELLO;ME;MESSINA;R00152;SICILIA
2024;I201;SANT'AGATA FELTRIA;RN;RIMINI;R00054;EMILIA-ROMAGNA
2024;I202;SANT'AGATA LI BATTIATI;CT;CATANIA;R00152;SICILIA
2024;I203;SANTA GIULETTA;PV;PAVIA;R00090;LOMBARDIA
2024;I205;SANTA GIUSTA;OR;ORISTANO;R00143;SARDEGNA
2024;I132;SAN PROCOPIO;RC;REGGIO CALABRIA;R00036;CALABRIA
2024;I049;SAN NAZZARO;BN;BENEVENTO;R00045;CAMPANIA
2024;I051;SAN NAZZARO VAL CAVARGNA;CO;COMO;R00090;LOMBARDIA
2024;I052;SAN NAZZARO SESIA;NO;NOVARA;R00125;PIEMONTE
2024;I053;SANNICANDRO DI BARI;BA;BARI;R00134;PUGLIA
2024;I054;SAN NICANDRO GARGANICO;FG;FOGGIA;R00134;PUGLIA
2024;I056;SAN NICOLA LA STRADA;CE;CASERTA;R00045;CAMPANIA
2024;I057;SAN NICOLA DELL'ALTO;KR;CROTONE;R00036;CALABRIA
2024;I058;SAN NICOLA DA CRISSA;VV;VIBO VALENTIA;R00036;CALABRIA
2024;I059;SANNICOLA;LE;LECCE;R00134;PUGLIA
2024;I060;SAN NICOLA ARCELLA;CS;COSENZA;R00036;CALABRIA
2024;I061;SAN NICOLA BARONIA;AV;AVELLINO;R00045;CAMPANIA
2024;I062;SAN NICOLA MANFREDI;BN;BENEVENTO;R00045;CAMPANIA
2024;I063;SAN NICOLO' DI COMELICO;BL;BELLUNO;R00205;VENETO
2024;I065;SAN PANCRAZIO;BZ;BOLZANO;R00223;PROVINCIA AUTONOMA BOLZANO
2024;I066;SAN PANCRAZIO SALENTINO;BR;BRINDISI;R00134;PUGLIA
2024;I071;SAN PAOLO DI JESI;AN;ANCONA;R00107;MARCHE
2024;I072;SAN PAOLO DI CIVITATE;FG;FOGGIA;R00134;PUGLIA
2024;I073;SAN PAOLO BEL SITO;NA;NAPOLI;R00045;CAMPANIA
2024;I076;SAN PAOLO SOLBRITO;AT;ASTI;R00125;PIEMONTE
2024;I079;SAN PELLEGRINO TERME;BG;BERGAMO;R00090;LOMBARDIA
2024;I082;SAN PIER D'ISONZO;GO;GORIZIA;R00063;FRIULI-VENEZIA GIULIA
2024;I084;SAN PIER NICETO;ME;MESSINA;R00152;SICILIA
2024;I086;SAN PIERO PATTI;ME;MESSINA;R00152;SICILIA
2024;I088;SAN PIETRO DI CADORE;BL;BELLUNO;R00205;VENETO
2024;I089;SAN PIETRO AL TANAGRO;SA;SALERNO;R00045;CAMPANIA
2024;I090;SAN PIETRO VAL LEMINA;TO;TORINO;R00125;PIEMONTE
2024;I092;SAN PIETRO AL NATISONE;UD;UDINE;R00063;FRIULI-VENEZIA GIULIA
2024;I093;SAN PIETRO A MAIDA;CZ;CATANZARO;R00036;CALABRIA
2024;I095;SAN PIETRO APOSTOLO;CZ;CATANZARO;R00036;CALABRIA
2024;I096;SAN PIETRO AVELLANA;IS;ISERNIA;R00116;MOLISE
2024;I098;SAN PIETRO CLARENZA;CT;CATANIA;R00152;SICILIA
2024;I102;SAN PIETRO DI CARIDA';RC;REGGIO CALABRIA;R00036;CALABRIA
2024;I103;SAN PIETRO DI FELETTO;TV;TREVISO;R00205;VENETO
2024;I105;SAN PIETRO DI MORUBIO;VR;VERONA;R00205;VENETO
2024;I107;SAN PIETRO IN GU;PD;PADOVA;R00205;VENETO
2024;I108;SAN PIETRO IN AMANTEA;CS;COSENZA;R00036;CALABRIA
2024;I109;SAN PIETRO IN CARIANO;VR;VERONA;R00205;VENETO
2024;I110;SAN PIETRO IN CASALE;BO;BOLOGNA;R00054;EMILIA-ROMAGNA
2024;I113;SAN PIETRO INFINE;CE;CASERTA;R00045;CAMPANIA
2024;I114;SAN PIETRO IN GUARANO;CS;COSENZA;R00036;CALABRIA
2024;I115;SAN PIETRO IN LAMA;LE;LECCE;R00134;PUGLIA
2024;I116;SAN PIETRO MOSEZZO;NO;NOVARA;R00125;PIEMONTE
2024;I117;SAN PIETRO MUSSOLINO;VI;VICENZA;R00205;VENETO
2024;I118;VILLA SAN PIETRO;CA;CAGLIARI;R00143;SARDEGNA
2024;I119;SAN PIETRO VERNOTICO;BR;BRINDISI;R00134;PUGLIA
2024;I120;SAN PIETRO VIMINARIO;PD;PADOVA;R00205;VENETO
2024;H514;ROMANS D'ISONZO;GO;GORIZIA;R00063;FRIULI-VENEZIA GIULIA
2024;H516;ROMBIOLO;VV;VIBO VALENTIA;R00036;CALABRIA
2024;H517;ROMENO;TN;TRENTO;R00214;PROVINCIA AUTONOMA TRENTO
2024;H518;ROMENTINO;NO;NOVARA;R00125;PIEMONTE
2024;H519;ROMETTA;ME;MESSINA;R00152;SICILIA
2024;H522;RONCA';VR;VERONA;R00205;VENETO
2024;H523;RONCADE;TV;TREVISO;R00205;VENETO
2024;H525;RONCADELLE;BS;BRESCIA;R00090;LOMBARDIA
2024;H527;RONCARO;PV;PAVIA;R00090;LOMBARDIA
2024;H528;RONCEGNO TERME;TN;TRENTO;R00214;PROVINCIA AUTONOMA TRENTO
2024;H529;RONCELLO;MB;MONZA E BRIANZA;R00090;LOMBARDIA
2024;H531;RONCHI DEI LEGIONARI;GO;GORIZIA;R00063;FRIULI-VENEZIA GIULIA
2024;H532;RONCHI VALSUGANA;TN;TRENTO;R00214;PROVINCIA AUTONOMA TRENTO
2024;H533;RONCHIS;UD;UDINE;R00063;FRIULI-VENEZIA GIULIA
2024;H534;RONCIGLIONE;VT;VITERBO;R00072;LAZIO
2024;H535;RONCOBELLO;BG;BERGAMO;R00090;LOMBARDIA
2024;H536;RONCO SCRIVIA;GE;GENOVA;R00081;LIGURIA
2024;H537;RONCO BRIANTINO;MB;MONZA E BRIANZA;R00090;LOMBARDIA
2024;H538;RONCO BIELLESE;BI;BIELLA;R00125;PIEMONTE
2024;H539;RONCO CANAVESE;TO;TORINO;R00125;PIEMONTE
2024;H540;RONCO ALL'ADIGE;VR;VERONA;R00205;VENETO
2024;H541;RONCOFERRARO;MN;MANTOVA;R00090;LOMBARDIA
2024;H542;RONCOFREDDO;FC;FORLI' - CESENA;R00054;EMILIA-ROMAGNA
2024;H544;RONCOLA;BG;BERGAMO;R00090;LOMBARDIA
2024;H546;RONDANINA;GE;GENOVA;R00081;LIGURIA
2024;H547;RONDISSONE;TO;TORINO;R00125;PIEMONTE
2024;H549;RONSECCO;VC;VERCELLI;R00125;PIEMONTE
2024;H552;RONZONE;TN;TRENTO;R00214;PROVINCIA AUTONOMA TRENTO
2024;H553;ROPPOLO;BI;BIELLA;R00125;PIEMONTE
2024;H554;RORA';TO;TORINO;R00125;PIEMONTE
2024;H555;RORETO CHISONE;TO;TORINO;R00125;PIEMONTE
2024;H556;ROSA';VI;VICENZA;R00205;VENETO
2024;H558;ROSARNO;RC;REGGIO CALABRIA;R00036;CALABRIA
2024;H473;RODDINO;CN;CUNEO;R00125;PIEMONTE
2024;H559;ROSASCO;PV;PAVIA;R00090;LOMBARDIA
2024;H560;ROSATE;MI;MILANO;R00090;LOMBARDIA
2024;H401;ROCCA DI CAVE;RM;ROMA;R00072;LAZIO
2024;H402;ROCCA DI MEZZO;AQ;L'AQUILA;R00018;ABRUZZO
2024;H403;ROCCA DI NETO;KR;CROTONE;R00036;CALABRIA
2024;H404;ROCCA DI PAPA;RM;ROMA;R00072;LAZIO
2024;H405;ROCCAFIORITA;ME;MESSINA;R00152;SICILIA
2024;H406;ROCCAFORTE LIGURE;AL;ALESSANDRIA;R00125;PIEMONTE
2024;H407;ROCCAFORTE MONDOVI';CN;CUNEO;R00125;PIEMONTE
2024;H408;ROCCAFORTE DEL GRECO;RC;REGGIO CALABRIA;R00036;CALABRIA
2024;H409;ROCCAFORZATA;TA;TARANTO;R00134;PUGLIA
2024;H410;ROCCAFRANCA;BS;BRESCIA;R00090;LOMBARDIA
2024;H411;ROCCAGIOVINE;RM;ROMA;R00072;LAZIO
2024;H412;ROCCAGLORIOSA;SA;SALERNO;R00045;CAMPANIA
2024;H413;ROCCAGORGA;LT;LATINA;R00072;LAZIO
2024;H414;ROCCA GRIMALDA;AL;ALESSANDRIA;R00125;PIEMONTE
2024;H416;ROCCA IMPERIALE;CS;COSENZA;R00036;CALABRIA
2024;H417;ROCCALBEGNA;GR;GROSSETO;R00161;TOSCANA
2024;H418;ROCCALUMERA;ME;MESSINA;R00152;SICILIA
2024;H420;ROCCAMANDOLFI;IS;ISERNIA;R00116;MOLISE
2024;H421;ROCCA MASSIMA;LT;LATINA;R00072;LAZIO
2024;H422;ROCCAMENA;PA;PALERMO;R00152;SICILIA
2024;H423;ROCCAMONFINA;CE;CASERTA;R00045;CAMPANIA
2024;H424;ROCCAMONTEPIANO;CH;CHIETI;R00018;ABRUZZO
2024;H425;ROCCAMORICE;PE;PESCARA;R00018;ABRUZZO
2024;H426;ROCCANOVA;PZ;POTENZA;R00027;BASILICATA
2024;H427;ROCCANTICA;RI;RIETI;R00072;LAZIO
2024;H428;ROCCAPALUMBA;PA;PALERMO;R00152;SICILIA
2024;H429;ROCCA PIA;AQ;L'AQUILA;R00018;ABRUZZO
2024;H431;ROCCAPIEMONTE;SA;SALERNO;R00045;CAMPANIA
2024;H432;ROCCA PRIORA;RM;ROMA;R00072;LAZIO
2024;H433;ROCCARAINOLA;NA;NAPOLI;R00045;CAMPANIA
2024;H434;ROCCARASO;AQ;L'AQUILA;R00018;ABRUZZO
2024;H436;ROCCAROMANA;CE;CASERTA;R00045;CAMPANIA
2024;H437;ROCCA SAN CASCIANO;FC;FORLI' - CESENA;R00054;EMILIA-ROMAGNA
2024;H438;ROCCA SAN FELICE;AV;AVELLINO;R00045;CAMPANIA
2024;H439;ROCCA SAN GIOVANNI;CH;CHIETI;R00018;ABRUZZO
2024;H440;ROCCA SANTA MARIA;TE;TERAMO;R00018;ABRUZZO
2024;H441;ROCCA SANTO STEFANO;RM;ROMA;R00072;LAZIO
2024;H442;ROCCASCALEGNA;CH;CHIETI;R00018;ABRUZZO
2024;H443;ROCCASECCA;FR;FROSINONE;R00072;LAZIO
2024;H444;ROCCASECCA DEI VOLSCI;LT;LATINA;R00072;LAZIO
2024;H445;ROCCASICURA;IS;ISERNIA;R00116;MOLISE
2024;H446;ROCCA SINIBALDA;RI;RIETI;R00072;LAZIO
2024;H447;ROCCASPARVERA;CN;CUNEO;R00125;PIEMONTE
2024;H448;ROCCASPINALVETI;CH;CHIETI;R00018;ABRUZZO
2024;H449;ROCCASTRADA;GR;GROSSETO;R00161;TOSCANA
2024;H450;ROCCA SUSELLA;PV;PAVIA;R00090;LOMBARDIA
2024;H451;ROCCAVERANO;AT;ASTI;R00125;PIEMONTE
2024;H452;ROCCAVIGNALE;SV;SAVONA;R00081;LIGURIA
2024;H453;ROCCAVIONE;CN;CUNEO;R00125;PIEMONTE
2024;H454;ROCCAVIVARA;CB;CAMPOBASSO;R00116;MOLISE
2024;H455;ROCCELLA VALDEMONE;ME;MESSINA;R00152;SICILIA
2024;H456;ROCCELLA IONICA;RC;REGGIO CALABRIA;R00036;CALABRIA
2024;H458;ROCCHETTA A VOLTURNO;IS;ISERNIA;R00116;MOLISE
2024;H459;ROCCHETTA E CROCE;CE;CASERTA;R00045;CAMPANIA
2024;H460;ROCCHETTA NERVINA;IM;IMPERIA;R00081;LIGURIA
2024;H461;ROCCHETTA DI VARA;SP;LA SPEZIA;R00081;LIGURIA
2024;H462;ROCCHETTA BELBO;CN;CUNEO;R00125;PIEMONTE
2024;H465;ROCCHETTA LIGURE;AL;ALESSANDRIA;R00125;PIEMONTE
2024;H466;ROCCHETTA PALAFEA;AT;ASTI;R00125;PIEMONTE
2024;H467;ROCCHETTA SANT'ANTONIO;FG;FOGGIA;R00134;PUGLIA
2024;H468;ROCCHETTA TANARO;AT;ASTI;R00125;PIEMONTE
2024;H470;RODANO;MI;MILANO;R00090;LOMBARDIA
2024;H472;RODDI;CN;CUNEO;R00125;PIEMONTE
2024;H400;ROCCA DI CAMBIO;AQ;L'AQUILA;R00018;ABRUZZO
2024;H323;RIPE SAN GINESIO;MC;MACERATA;R00107;MARCHE
2024;H324;RIPI;FR;FROSINONE;R00072;LAZIO
2024;H325;RIPOSTO;CT;CATANIA;R00152;SICILIA
2024;H326;RITTANA;CN;CUNEO;R00125;PIEMONTE
2024;H327;RIVAMONTE AGORDINO;BL;BELLUNO;R00205;VENETO
2024;H328;RIVA LIGURE;IM;IMPERIA;R00081;LIGURIA
2024;H330;RIVA DEL GARDA;TN;TRENTO;R00214;PROVINCIA AUTONOMA TRENTO
2024;H331;RIVA DI SOLTO;BG;BERGAMO;R00090;LOMBARDIA
2024;H333;RIVALBA;TO;TORINO;R00125;PIEMONTE
2024;H334;RIVALTA BORMIDA;AL;ALESSANDRIA;R00125;PIEMONTE
2024;H335;RIVALTA DI TORINO;TO;TORINO;R00125;PIEMONTE
2024;H336;RIVANAZZANO;PV;PAVIA;R00090;LOMBARDIA
2024;H337;RIVA PRESSO CHIERI;TO;TORINO;R00125;PIEMONTE
2024;H338;RIVARA;TO;TORINO;R00125;PIEMONTE
2024;H340;RIVAROLO CANAVESE;TO;TORINO;R00125;PIEMONTE
2024;H341;RIVAROLO DEL RE ED UNITI;CR;CREMONA;R00090;LOMBARDIA
2024;H342;RIVAROLO MANTOVANO;MN;MANTOVA;R00090;LOMBARDIA
2024;H343;RIVARONE;AL;ALESSANDRIA;R00125;PIEMONTE
2024;G991;PRATA SANNITA;CE;CASERTA;R00045;CAMPANIA
2024;G992;PRATA D'ANSIDONIA;AQ;L'AQUILA;R00018;ABRUZZO
2024;G993;PRATA CAMPORTACCIO;SO;SONDRIO;R00090;LOMBARDIA
2024;G994;PRATA DI PORDENONE;PN;PORDENONE;R00063;FRIULI-VENEZIA GIULIA
2024;G995;PRATELLA;CE;CASERTA;R00045;CAMPANIA
2024;G997;PRATIGLIONE;TO;TORINO;R00125;PIEMONTE
2024;G999;PRATO;PO;PRATO;R00161;TOSCANA
2024;H001;PRATO SESIA;NO;NOVARA;R00125;PIEMONTE
2024;H002;PRATO CARNICO;UD;UDINE;R00063;FRIULI-VENEZIA GIULIA
2024;H004;PRATO ALLO STELVIO;BZ;BOLZANO;R00223;PROVINCIA AUTONOMA BOLZANO
2024;H006;PRATOLA SERRA;AV;AVELLINO;R00045;CAMPANIA
2024;H007;PRATOLA PELIGNA;AQ;L'AQUILA;R00018;ABRUZZO
2024;H010;PRAVISDOMINI;PN;PORDENONE;R00063;FRIULI-VENEZIA GIULIA
2024;H011;PRAZZO;CN;CUNEO;R00125;PIEMONTE
2024;H013;SAMO;RC;REGGIO CALABRIA;R00036;CALABRIA
2024;H014;PRECENICCO;UD;UDINE;R00063;FRIULI-VENEZIA GIULIA
2024;H015;PRECI;PG;PERUGIA;R00189;UMBRIA
2024;H017;PREDAPPIO;FC;FORLI' - CESENA;R00054;EMILIA-ROMAGNA
2024;H018;PREDAZZO;TN;TRENTO;R00214;PROVINCIA AUTONOMA TRENTO
2024;H019;PREDOI;BZ;BOLZANO;R00223;PROVINCIA AUTONOMA BOLZANO
2024;H020;PREDORE;BG;BERGAMO;R00090;LOMBARDIA
2024;H021;PREDOSA;AL;ALESSANDRIA;R00125;PIEMONTE
2024;H022;PREGANZIOL;TV;TREVISO;R00205;VENETO
2024;H026;PREGNANA MILANESE;MI;MILANO;R00090;LOMBARDIA
2024;H027;PRELA';IM;IMPERIA;R00081;LIGURIA
2024;H028;PREMANA;LC;LECCO;R00090;LOMBARDIA
2024;G940;POSTUA;VC;VERCELLI;R00125;PIEMONTE
2024;G850;PONTELONGO;PD;PADOVA;R00205;VENETO
2024;B691;CAPRAROLA;VT;VITERBO;R00072;LAZIO
2024;B692;CAPRAUNA;CN;CUNEO;R00125;PIEMONTE
2024;B693;CAPRESE MICHELANGELO;AR;AREZZO;R00161;TOSCANA
2024;B694;CAPREZZO;VB;VERBANO-CUSIO-OSSOLA;R00125;PIEMONTE
2024;B695;CAPRI LEONE;ME;MESSINA;R00152;SICILIA
2024;B696;CAPRI;NA;NAPOLI;R00045;CAMPANIA
2024;B697;CAPRIANA;TN;TRENTO;R00214;PROVINCIA AUTONOMA TRENTO
2024;B698;CAPRIANO DEL COLLE;BS;BRESCIA;R00090;LOMBARDIA
2024;B701;CAPRIATA D'ORBA;AL;ALESSANDRIA;R00125;PIEMONTE
2024;B703;CAPRIATE SAN GERVASIO;BG;BERGAMO;R00090;LOMBARDIA
2024;B704;CAPRIATI A VOLTURNO;CE;CASERTA;R00045;CAMPANIA
2024;B705;CAPRIE;TO;TORINO;R00125;PIEMONTE
2024;B706;CAPRIGLIA IRPINA;AV;AVELLINO;R00045;CAMPANIA
2024;B707;CAPRIGLIO;AT;ASTI;R00125;PIEMONTE
2024;B708;CAPRILE;BI;BIELLA;R00125;PIEMONTE
2024;B709;CAPRINO VERONESE;VR;VERONA;R00205;VENETO
2024;B710;CAPRINO BERGAMASCO;BG;BERGAMO;R00090;LOMBARDIA
2024;B711;CAPRIOLO;BS;BRESCIA;R00090;LOMBARDIA
2024;B712;CAPRIVA DEL FRIULI;GO;GORIZIA;R00063;FRIULI-VENEZIA GIULIA
2024;B715;CAPUA;CE;CASERTA;R00045;CAMPANIA
2024;B716;CAPURSO;BA;BARI;R00134;PUGLIA
2024;B717;CARAFFA DI CATANZARO;CZ;CATANZARO;R00036;CALABRIA
2024;B718;CARAFFA DEL BIANCO;RC;REGGIO CALABRIA;R00036;CALABRIA
2024;B719;CARAGLIO;CN;CUNEO;R00125;PIEMONTE
2024;B720;CARAMAGNA PIEMONTE;CN;CUNEO;R00125;PIEMONTE
2024;B722;CARAMANICO TERME;PE;PESCARA;R00018;ABRUZZO
2024;B724;CARAPELLE;FG;FOGGIA;R00134;PUGLIA
2024;B725;CARAPELLE CALVISIO;AQ;L'AQUILA;R00018;ABRUZZO
2024;B726;CARASCO;GE;GENOVA;R00081;LIGURIA
2024;B727;CARASSAI;AP;ASCOLI PICENO;R00107;MARCHE
2024;B729;CARATE BRIANZA;MB;MONZA E BRIANZA;R00090;LOMBARDIA
2024;B730;CARATE URIO;CO;COMO;R00090;LOMBARDIA
2024;B650;CAPERGNANICA;CR;CREMONA;R00090;LOMBARDIA
2024;B569;CAMPOTOSTO;AQ;L'AQUILA;R00018;ABRUZZO
2024;B570;CAMPO TURES;BZ;BOLZANO;R00223;PROVINCIA AUTONOMA BOLZANO
2024;B572;CAMUGNANO;BO;BOLOGNA;R00054;EMILIA-ROMAGNA
2024;B573;CANALE;CN;CUNEO;R00125;PIEMONTE
2024;B574;CANALE D'AGORDO;BL;BELLUNO;R00205;VENETO
2024;B576;CANALE MONTERANO;RM;ROMA;R00072;LAZIO
2024;B577;CANALE SAN BOVO;TN;TRENTO;R00214;PROVINCIA AUTONOMA TRENTO
2024;B578;CANARO;RO;ROVIGO;R00205;VENETO
2024;B902;CASALNOCETO;AL;ALESSANDRIA;R00125;PIEMONTE
2024;B903;VILLAPIANA;CS;COSENZA;R00036;CALABRIA
2024;B904;CASALNUOVO MONTEROTARO;FG;FOGGIA;R00134;PUGLIA
2024;B905;CASALNUOVO DI NAPOLI;NA;NAPOLI;R00045;CAMPANIA
2024;B906;SAN PAOLO ALBANESE;PZ;POTENZA;R00027;BASILICATA
2024;B907;CASALOLDO;MN;MANTOVA;R00090;LOMBARDIA
2024;B910;CASALPUSTERLENGO;LO;LODI;R00090;LOMBARDIA
2024;B911;CASALROMANO;MN;MANTOVA;R00090;LOMBARDIA
2024;B912;CASALSERUGO;PD;PADOVA;R00205;VENETO
2024;B914;POZZAGLIO ED UNITI;CR;CREMONA;R00090;LOMBARDIA
2024;B915;TRINITAPOLI;BT;BARLETTA_ANDRIA_TRANI;R00134;PUGLIA
2024;B916;CASALUCE;CE;CASERTA;R00045;CAMPANIA
2024;B917;CASALVECCHIO DI PUGLIA;FG;FOGGIA;R00134;PUGLIA
2024;B918;CASALVECCHIO SICULO;ME;MESSINA;R00152;SICILIA
2024;B919;CASALVIERI;FR;FROSINONE;R00072;LAZIO
2024;B920;CASALVOLONE;NO;NOVARA;R00125;PIEMONTE
2024;B921;CASALZUIGNO;VA;VARESE;R00090;LOMBARDIA
2024;B922;CASAMARCIANO;NA;NAPOLI;R00045;CAMPANIA
2024;B923;CASAMASSIMA;BA;BARI;R00134;PUGLIA
2024;B924;CASAMICCIOLA TERME;NA;NAPOLI;R00045;CAMPANIA
2024;B925;CASANDRINO;NA;NAPOLI;R00045;CAMPANIA
2024;B927;CASANOVA LERRONE;SV;SAVONA;R00081;LIGURIA
2024;B928;CASANOVA ELVO;VC;VERCELLI;R00125;PIEMONTE
2024;B929;CASANOVA LONATI;PV;PAVIA;R00090;LOMBARDIA
2024;B932;CASAPE;RM;ROMA;R00072;LAZIO
2024;B933;CASAPINTA;BI;BIELLA;R00125;PIEMONTE
2024;B934;CASAPROTA;RI;RIETI;R00072;LAZIO
2024;B935;CASAPULLA;CE;CASERTA;R00045;CAMPANIA
2024;B936;CASARANO;LE;LECCE;R00134;PUGLIA
2024;B937;CASARGO;LC;LECCO;R00090;LOMBARDIA
2024;B938;CASARILE;MI;MILANO;R00090;LOMBARDIA
2024;B939;CASARZA LIGURE;GE;GENOVA;R00081;LIGURIA
2024;B940;CASARSA DELLA DELIZIA;PN;PORDENONE;R00063;FRIULI-VENEZIA GIULIA
2024;B941;CASASCO;AL;ALESSANDRIA;R00125;PIEMONTE
2024;B943;CASATENOVO;LC;LECCO;R00090;LOMBARDIA
2024;B945;CASATISMA;PV;PAVIA;R00090;LOMBARDIA
2024;B946;CASAVATORE;NA;NAPOLI;R00045;CAMPANIA
2024;B947;CASAZZA;BG;BERGAMO;R00090;LOMBARDIA
2024;B948;CASCIA;PG;PERUGIA;R00189;UMBRIA
2024;B949;CASCIAGO;VA;VARESE;R00090;LOMBARDIA
2024;B950;CASCINA;PI;PISA;R00161;TOSCANA
2024;B952;SAN GIACOMO VERCELLESE;VC;VERCELLI;R00125;PIEMONTE
2024;B953;CASCINETTE D'IVREA;TO;TORINO;R00125;PIEMONTE
2024;B954;CASEI GEROLA;PV;PAVIA;R00090;LOMBARDIA
2024;B955;CASELETTE;TO;TORINO;R00125;PIEMONTE
2024;B956;CASELLA;GE;GENOVA;R00081;LIGURIA
2024;B958;CASELLE LURANI;LO;LODI;R00090;LOMBARDIA
2024;B959;CASELLE IN PITTARI;SA;SALERNO;R00045;CAMPANIA
2024;B960;CASELLE TORINESE;TO;TORINO;R00125;PIEMONTE
2024;B961;CASELLE LANDI;LO;LODI;R00090;LOMBARDIA
2024;B962;SCANDICCI;FI;FIRENZE;R00161;TOSCANA
2024;B963;CASERTA;CE;CASERTA;R00045;CAMPANIA
2024;B965;CASIER;TV;TREVISO;R00205;VENETO
2024;B966;CASIGNANA;RC;REGGIO CALABRIA;R00036;CALABRIA
2024;B967;CASINA;RE;REGGIO EMILIA;R00054;EMILIA-ROMAGNA
2024;B896;CASALINCONTRADA;CH;CHIETI;R00018;ABRUZZO
2024;B968;CASTELSILANO;KR;CROTONE;R00036;CALABRIA
2024;B969;CASTEL DI CASIO;BO;BOLOGNA;R00054;EMILIA-ROMAGNA
2024;B971;CASIRATE D'ADDA;BG;BERGAMO;R00090;LOMBARDIA
2024;B974;CASLINO D'ERBA;CO;COMO;R00090;LOMBARDIA
2024;B820;CARPIANO;MI;MILANO;R00090;LOMBARDIA
2024;B822;CARPIGNANO SALENTINO;LE;LECCE;R00134;PUGLIA
2024;B823;CARPIGNANO SESIA;NO;NOVARA;R00125;PIEMONTE
2024;B824;CURA CARPIGNANO;PV;PAVIA;R00090;LOMBARDIA
2024;B825;CARPINETI;RE;REGGIO EMILIA;R00054;EMILIA-ROMAGNA
2024;B826;CARPINETO SINELLO;CH;CHIETI;R00018;ABRUZZO
2024;B827;CARPINETO DELLA NORA;PE;PESCARA;R00018;ABRUZZO
2024;B828;CARPINETO ROMANO;RM;ROMA;R00072;LAZIO
2024;B829;CARPINO;FG;FOGGIA;R00134;PUGLIA
2024;B830;CARPINONE;IS;ISERNIA;R00116;MOLISE
2024;B832;CARRARA;MS;MASSA CARRARA;R00161;TOSCANA
2024;B835;CARRE';VI;VICENZA;R00205;VENETO
2024;B836;CARREGA;AL;ALESSANDRIA;R00125;PIEMONTE
2024;B838;CARRO;SP;LA SPEZIA;R00081;LIGURIA
2024;B839;CARRODANO;SP;LA SPEZIA;R00081;LIGURIA
2024;B840;CARROSIO;AL;ALESSANDRIA;R00125;PIEMONTE
2024;B841;CARRU';CN;CUNEO;R00125;PIEMONTE
2024;B842;CARSOLI;AQ;L'AQUILA;R00018;ABRUZZO
2024;B844;CARTIGLIANO;VI;VICENZA;R00205;VENETO
2024;B845;CARTIGNANO;CN;CUNEO;R00125;PIEMONTE
2024;B846;CARTOCETO;PU;PESARO - URBINO;R00107;MARCHE
2024;B847;CARTOSIO;AL;ALESSANDRIA;R00125;PIEMONTE
2024;B848;CARTURA;PD;PADOVA;R00205;VENETO
2024;B850;CARUGATE;MI;MILANO;R00090;LOMBARDIA
2024;B851;CARUGO;CO;COMO;R00090;LOMBARDIA
2024;B853;CARUNCHIO;CH;CHIETI;R00018;ABRUZZO
2024;B854;CARVICO;BG;BERGAMO;R00090;LOMBARDIA
2024;B856;CARZANO;TN;TRENTO;R00214;PROVINCIA AUTONOMA TRENTO
2024;B857;CASABONA;KR;CROTONE;R00036;CALABRIA
2024;B858;CASACALENDA;CB;CAMPOBASSO;R00116;MOLISE
2024;B859;CASACANDITELLA;CH;CHIETI;R00018;ABRUZZO
2024;B860;CASAGIOVE;CE;CASERTA;R00045;CAMPANIA
2024;B861;CASALANGUIDA;CH;CHIETI;R00018;ABRUZZO
2024;B862;CASALATTICO;FR;FROSINONE;R00072;LAZIO
2024;B864;CASALBELTRAME;NO;NOVARA;R00125;PIEMONTE
2024;B865;CASALBORDINO;CH;CHIETI;R00018;ABRUZZO
2024;B866;CASALBORE;AV;AVELLINO;R00045;CAMPANIA
2024;B867;CASALBORGONE;TO;TORINO;R00125;PIEMONTE
2024;B868;CASALBUONO;SA;SALERNO;R00045;CAMPANIA
2024;B869;CASALBUTTANO ED UNITI;CR;CREMONA;R00090;LOMBARDIA
2024;B870;CASAL CERMELLI;AL;ALESSANDRIA;R00125;PIEMONTE
2024;B871;CASALCIPRANO;CB;CAMPOBASSO;R00116;MOLISE
2024;B872;CASAL DI PRINCIPE;CE;CASERTA;R00045;CAMPANIA
2024;B873;CASALDUNI;BN;BENEVENTO;R00045;CAMPANIA
2024;B875;CASALE LITTA;VA;VARESE;R00090;LOMBARDIA
2024;B876;CASALE CORTE CERRO;VB;VERBANO-CUSIO-OSSOLA;R00125;PIEMONTE
2024;B877;CASALE DI SCODOSIA;PD;PADOVA;R00205;VENETO
2024;I121;SAN PIO DELLE CAMERE;AQ;L'AQUILA;R00018;ABRUZZO
2024;I122;SAN POLOMATESE;CB;CAMPOBASSO;R00116;MOLISE
2024;I123;SAN POLO D'ENZA;RE;REGGIO EMILIA;R00054;EMILIA-ROMAGNA
2024;I124;SAN POLO DI PIAVE;TV;TREVISO;R00205;VENETO
2024;I125;SAN POLO DEI CAVALIERI;RM;ROMA;R00072;LAZIO
2024;I126;SAN PONSO;TO;TORINO;R00125;PIEMONTE
2024;I128;SAN POSSIDONIO;MO;MODENA;R00054;EMILIA-ROMAGNA
2024;I129;SAN POTITO ULTRA;AV;AVELLINO;R00045;CAMPANIA
2024;I130;SAN POTITO SANNITICO;CE;CASERTA;R00045;CAMPANIA
2024;I131;SAN PRISCO;CE;CASERTA;R00045;CAMPANIA
2024;I048;SANNAZZARO DE' BURGONDI;PV;PAVIA;R00090;LOMBARDIA
2024;H967;SAN LORENZO MAGGIORE;BN;BENEVENTO;R00045;CAMPANIA
2024;H969;SAN LORENZO NUOVO;VT;VITERBO;R00072;LAZIO
2024;H970;SAN LUCA;RC;REGGIO CALABRIA;R00036;CALABRIA
2024;H971;SAN LUCIDO;CS;COSENZA;R00036;CALABRIA
2024;H973;SAN LUPO;BN;BENEVENTO;R00045;CAMPANIA
2024;H975;SAN MANGO SUL CALORE;AV;AVELLINO;R00045;CAMPANIA
2024;H976;SAN MANGO D'AQUINO;CZ;CATANZARO;R00036;CALABRIA
2024;H977;SAN MANGO PIEMONTE;SA;SALERNO;R00045;CAMPANIA
2024;H978;SAN MARCELLINO;CE;CASERTA;R00045;CAMPANIA
2024;H979;SAN MARCELLO;AN;ANCONA;R00107;MARCHE
2024;H981;SAN MARCO ARGENTANO;CS;COSENZA;R00036;CALABRIA
2024;H982;SAN MARCO D'ALUNZIO;ME;MESSINA;R00152;SICILIA
2024;H984;SAN MARCO DEI CAVOTI;BN;BENEVENTO;R00045;CAMPANIA
2024;I298;VILLA SANT'ANTONIO;OR;ORISTANO;R00143;SARDEGNA
2024;I300;SANT'ANTONIO ABATE;NA;NAPOLI;R00045;CAMPANIA
2024;I301;SANTA PAOLINA;AV;AVELLINO;R00045;CAMPANIA
2024;I302;SANT'APOLLINARE;FR;FROSINONE;R00072;LAZIO
2024;I304;SANTARCANGELO DI ROMAGNA;RN;RIMINI;R00054;EMILIA-ROMAGNA
2024;I305;SANT'ARCANGELO;PZ;POTENZA;R00027;BASILICATA
2024;I306;SANT'ARPINO;CE;CASERTA;R00045;CAMPANIA
2024;I307;SANT'ARSENIO;SA;SALERNO;R00045;CAMPANIA
2024;I308;SANTA SEVERINA;KR;CROTONE;R00036;CALABRIA
2024;I309;SANTA SOFIA D'EPIRO;CS;COSENZA;R00036;CALABRIA
2024;I310;SANTA SOFIA;FC;FORLI' - CESENA;R00054;EMILIA-ROMAGNA
2024;I311;SANTA TERESA DI RIVA;ME;MESSINA;R00152;SICILIA
2024;I314;SANTA VENERINA;CT;CATANIA;R00152;SICILIA
2024;I315;SANTA VITTORIA IN MATENANO;FM;FERMO;R00107;MARCHE
2024;I316;SANTA VITTORIA D'ALBA;CN;CUNEO;R00125;PIEMONTE
2024;I317;SANT'EGIDIO DEL MONTE ALBINO;SA;SALERNO;R00045;CAMPANIA
2024;I318;SANT'EGIDIO ALLA VIBRATA;TE;TERAMO;R00018;ABRUZZO
2024;I319;SANT'ELENA;PD;PADOVA;R00205;VENETO
2024;I320;SANT'ELIA A PIANISI;CB;CAMPOBASSO;R00116;MOLISE
2024;I321;SANT'ELIA FIUMERAPIDO;FR;FROSINONE;R00072;LAZIO
2024;I322;VALLEFIORITA;CZ;CATANZARO;R00036;CALABRIA
2024;I324;SANT'ELPIDIO A MARE;FM;FERMO;R00107;MARCHE
2024;I326;SANTE MARIE;AQ;L'AQUILA;R00018;ABRUZZO
2024;I327;SANTENA;TO;TORINO;R00125;PIEMONTE
2024;I328;SAN TEODORO ME;ME;MESSINA;R00152;SICILIA
2024;I330;SANTERAMO IN COLLE;BA;BARI;R00134;PUGLIA
2024;I332;SANT'EUFEMIA A MAIELLA;PE;PESCARA;R00018;ABRUZZO
2024;I333;SANT'EUFEMIA D'ASPROMONTE;RC;REGGIO CALABRIA;R00036;CALABRIA
2024;I335;SANT'EUSANIO DEL SANGRO;CH;CHIETI;R00018;ABRUZZO
2024;I336;SANT'EUSANIO FORCONESE;AQ;L'AQUILA;R00018;ABRUZZO
2024;I337;SANTHIA';VC;VERCELLI;R00125;PIEMONTE
2024;I339;SANTI COSMA E DAMIANO;LT;LATINA;R00072;LAZIO
2024;I341;SANT'ILARIO DELLO IONIO;RC;REGGIO CALABRIA;R00036;CALABRIA
2024;I342;SANT'ILARIO D'ENZA;RE;REGGIO EMILIA;R00054;EMILIA-ROMAGNA
2024;I344;SANT'IPPOLITO;PU;PESARO - URBINO;R00107;MARCHE
2024;I346;SANT'OLCESE;GE;GENOVA;R00081;LIGURIA
2024;I347;SAN TOMASO AGORDINO;BL;BELLUNO;R00205;VENETO
2024;I348;SANT'OMERO;TE;TERAMO;R00018;ABRUZZO
2024;I350;SANT'ONOFRIO;VV;VIBO VALENTIA;R00036;CALABRIA
2024;I351;SANTOPADRE;FR;FROSINONE;R00072;LAZIO
2024;I352;SANT'ORESTE;RM;ROMA;R00072;LAZIO
2024;I353;SANTORSO;VI;VICENZA;R00205;VENETO
2024;I354;SANT'ORSOLA;TN;TRENTO;R00214;PROVINCIA AUTONOMA TRENTO
2024;I356;SANTO STEFANO QUISQUINA;AG;AGRIGENTO;R00152;SICILIA
2024;I357;SANTO STEFANO DEL SOLE;AV;AVELLINO;R00045;CAMPANIA
2024;I284;SANT'ANGELO ROMANO;RM;ROMA;R00072;LAZIO
2024;I207;SANTA GIUSTINA IN COLLE;PD;PADOVA;R00205;VENETO
2024;I208;SANT'AGNELLO;NA;NAPOLI;R00045;CAMPANIA
2024;I210;SANT'ALBANO STURA;CN;CUNEO;R00125;PIEMONTE
2024;I213;SANT'ALESSIO CON VIALONE;PV;PAVIA;R00090;LOMBARDIA
2024;I214;SANT'ALESSIO D'ASPROMONTE;RC;REGGIO CALABRIA;R00036;CALABRIA
2024;I215;SANT'ALESSIO SICULO;ME;MESSINA;R00152;SICILIA
2024;I216;SANT'ALFIO;CT;CATANIA;R00152;SICILIA
2024;I217;SANTA LUCE;PI;PISA;R00161;TOSCANA
2024;I219;SANTA LUCIA DI SERINO;AV;AVELLINO;R00045;CAMPANIA
2024;I220;SANTA LUCIA DEL MELA;ME;MESSINA;R00152;SICILIA
2024;I221;SANTA LUCIA DI PIAVE;TV;TREVISO;R00205;VENETO
2024;I224;SANTA MARGHERITA DI BELICE;AG;AGRIGENTO;R00152;SICILIA
2024;I225;SANTA MARGHERITA LIGURE;GE;GENOVA;R00081;LIGURIA
2024;I230;SANTA MARGHERITA DI STAFFORA;PV;PAVIA;R00090;LOMBARDIA
2024;I232;SANTA MARIA A MONTE;PI;PISA;R00161;TOSCANA
2024;I233;SANTA MARIA A VICO;CE;CASERTA;R00045;CAMPANIA
2024;I234;SANTA MARIA CAPUA VETERE;CE;CASERTA;R00045;CAMPANIA
2024;I236;TRAVACO' SICCOMARIO;PV;PAVIA;R00090;LOMBARDIA
2024;I237;SANTA MARIA DELLA VERSA;PV;PAVIA;R00090;LOMBARDIA
2024;I238;SANTA MARIA DEL MOLISE;IS;ISERNIA;R00116;MOLISE
2024;I240;SANTA MARIA DI LICODIA;CT;CATANIA;R00152;SICILIA
2024;I242;SANTA MARIA DI SALA;VE;VENEZIA;R00205;VENETO
2024;I243;SANTA MARIA HOE';LC;LECCO;R00090;LOMBARDIA
2024;I244;SANTA MARIA IMBARO;CH;CHIETI;R00018;ABRUZZO
2024;I247;SANTA MARIA LA FOSSA;CE;CASERTA;R00045;CAMPANIA
2024;I248;SANTA MARIA LA LONGA;UD;UDINE;R00063;FRIULI-VENEZIA GIULIA
2024;I249;SANTA MARIA MAGGIORE;VB;VERBANO-CUSIO-OSSOLA;R00125;PIEMONTE
2024;I251;SANTA MARIA NUOVA;AN;ANCONA;R00107;MARCHE
2024;I253;SANTA MARINA;SA;SALERNO;R00045;CAMPANIA
2024;I254;SANTA MARINA SALINA;ME;MESSINA;R00152;SICILIA
2024;I255;SANTA MARINELLA;RM;ROMA;R00072;LAZIO
2024;I256;SANT'AMBROGIO SUL GARIGLIANO;FR;FROSINONE;R00072;LAZIO
2024;I258;SANT'AMBROGIO DI TORINO;TO;TORINO;R00125;PIEMONTE
2024;I259;SANT'AMBROGIO DI VALPOLICELLA;VR;VERONA;R00205;VENETO
2024;I260;SANTOMENNA;SA;SALERNO;R00045;CAMPANIA
2024;I261;SAN TAMMARO;CE;CASERTA;R00045;CAMPANIA
2024;I262;SANT'ANASTASIA;NA;NAPOLI;R00045;CAMPANIA
2024;I263;SANT'ANATOLIA DI NARCO;PG;PERUGIA;R00189;UMBRIA
2024;I264;SANT'ANDREA DI CONZA;AV;AVELLINO;R00045;CAMPANIA
2024;I265;SANT'ANDREA DEL GARIGLIANO;FR;FROSINONE;R00072;LAZIO
2024;I266;SANT'ANDREA APOSTOLO DELLO IONIO;CZ;CATANZARO;R00036;CALABRIA
2024;I273;SANT'ANGELO D'ALIFE;CE;CASERTA;R00045;CAMPANIA
2024;I274;SANT'ANGELO LODIGIANO;LO;LODI;R00090;LOMBARDIA
2024;I275;SANT'ANGELO DI PIOVE DI SACCO;PD;PADOVA;R00205;VENETO
2024;I276;SANT'ANGELO LOMELLINA;PV;PAVIA;R00090;LOMBARDIA
2024;I277;SANT'ANGELO A CUPOLO;BN;BENEVENTO;R00045;CAMPANIA
2024;I278;SANT'ANGELO A FASANELLA;SA;SALERNO;R00045;CAMPANIA
2024;I279;SANT'ANGELO ALL'ESCA;AV;AVELLINO;R00045;CAMPANIA
2024;I280;SANT'ANGELO A SCALA;AV;AVELLINO;R00045;CAMPANIA
2024;I281;SANT'ANGELO DEI LOMBARDI;AV;AVELLINO;R00045;CAMPANIA
2024;I282;SANT'ANGELO DEL PESCO;IS;ISERNIA;R00116;MOLISE
2024;I283;SANT'ANGELO IN BROLO;ME;MESSINA;R00152;SICILIA
2024;I206;SANTA GIUSTINA;BL;BELLUNO;R00205;VENETO
2024;I133;SAN PROSPERO;MO;MODENA;R00054;EMILIA-ROMAGNA
2024;I135;SAN QUIRICO D'ORCIA;SI;SIENA;R00161;TOSCANA
2024;I136;SAN QUIRINO;PN;PORDENONE;R00063;FRIULI-VENEZIA GIULIA
2024;I137;SAN RAFFAELE CIMENA;TO;TORINO;R00125;PIEMONTE
2024;I138;SANREMO;IM;IMPERIA;R00081;LIGURIA
2024;I139;SAN ROBERTO;RC;REGGIO CALABRIA;R00036;CALABRIA
2024;I140;SAN ROCCO AL PORTO;LO;LODI;R00090;LOMBARDIA
2024;I142;SAN ROMANO IN GARFAGNANA;LU;LUCCA;R00161;TOSCANA
2024;I143;SAN RUFO;SA;SALERNO;R00045;CAMPANIA
2024;I144;SAN SALVATORE MONFERRATO;AL;ALESSANDRIA;R00125;PIEMONTE
2024;I145;SAN SALVATORE TELESINO;BN;BENEVENTO;R00045;CAMPANIA
2024;I147;SAN SALVATORE DI FITALIA;ME;MESSINA;R00152;SICILIA
2024;I148;SAN SALVO;CH;CHIETI;R00018;ABRUZZO
2024;M204;ZUNGRI;VV;VIBO VALENTIA;R00036;CALABRIA
2024;M207;LARIANO;RM;ROMA;R00072;LAZIO
2024;M208;LAMEZIA TERME;CZ;CATANZARO;R00036;CALABRIA
2024;M210;TERME VIGLIATORE;ME;MESSINA;R00152;SICILIA
2024;M211;ACQUEDOLCI;ME;MESSINA;R00152;SICILIA
2024;M212;LADISPOLI;RM;ROMA;R00072;LAZIO
2024;M213;ARDEA;RM;ROMA;R00072;LAZIO
2024;M253;SICIGNANO DEGLI ALBURNI;SA;SALERNO;R00045;CAMPANIA
2024;M255;MOLINA ATERNO;AQ;L'AQUILA;R00018;ABRUZZO
2024;M256;SCANZANO IONICO;MT;MATERA;R00027;BASILICATA
2024;M257;PORTO PALO DI CAPO PASSERO;SR;SIRACUSA;R00152;SICILIA
2024;M258;AVIGLIANO UMBRO;TR;TERNI;R00189;UMBRIA
2024;M260;CASAPESENNA;CE;CASERTA;R00045;CAMPANIA
2024;M261;CASTRO LE;LE;LECCE;R00134;PUGLIA
2024;M262;CELLOLE;CE;CASERTA;R00045;CAMPANIA
2024;M263;PORTOCESAREO;LE;LECCE;R00134;PUGLIA
2024;M264;SAN CASSIANO;LE;LECCE;R00134;PUGLIA
2024;M265;VAJONT;PN;PORDENONE;R00063;FRIULI-VENEZIA GIULIA
2024;M203;ZUNGOLI;AV;AVELLINO;R00045;CAMPANIA
2024;M110;VOGHIERA;FE;FERRARA;R00054;EMILIA-ROMAGNA
2024;M111;VOGOGNA;VB;VERBANO-CUSIO-OSSOLA;R00125;PIEMONTE
2024;M113;VOLANO;TN;TRENTO;R00214;PROVINCIA AUTONOMA TRENTO
2024;M115;VOLLA;NA;NAPOLI;R00045;CAMPANIA
2024;M116;VOLONGO;CR;CREMONA;R00090;LOMBARDIA
2024;M118;VOLPAGO DEL MONTELLO;TV;TREVISO;R00205;VENETO
2024;M119;VOLPARA;PV;PAVIA;R00090;LOMBARDIA
2024;M120;VOLPEDO;AL;ALESSANDRIA;R00125;PIEMONTE
2024;M121;VOLPEGLINO;AL;ALESSANDRIA;R00125;PIEMONTE
2024;M122;VOLPIANO;TO;TORINO;R00125;PIEMONTE
2024;M123;VOLTAGGIO;AL;ALESSANDRIA;R00125;PIEMONTE
2024;M124;VOLTAGO AGORDINO;BL;BELLUNO;R00205;VENETO
2024;M125;VOLTA MANTOVANA;MN;MANTOVA;R00090;LOMBARDIA
2024;M126;VOLTERRA;PI;PISA;R00161;TOSCANA
2024;M127;VOLTIDO;CR;CREMONA;R00090;LOMBARDIA
2024;M130;VOLTURARA IRPINA;AV;AVELLINO;R00045;CAMPANIA
2024;M131;VOLTURARA APPULA;FG;FOGGIA;R00134;PUGLIA
2024;M132;VOLTURINO;FG;FOGGIA;R00134;PUGLIA
2024;M133;VOLVERA;TO;TORINO;R00125;PIEMONTE
2024;M136;VOTTIGNASCO;CN;CUNEO;R00125;PIEMONTE
2024;M138;ZACCANOPOLI;VV;VIBO VALENTIA;R00036;CALABRIA
2024;M139;ZAFFERANA ETNEA;CT;CATANIA;R00152;SICILIA
2024;M140;ZAGARISE;CZ;CATANZARO;R00036;CALABRIA
2024;M141;ZAGAROLO;RM;ROMA;R00072;LAZIO
2024;M143;ZAMBRONE;VV;VIBO VALENTIA;R00036;CALABRIA
2024;M144;ZANDOBBIO;BG;BERGAMO;R00090;LOMBARDIA
2024;M145;ZANE';VI;VICENZA;R00205;VENETO
2024;M147;ZANICA;BG;BERGAMO;R00090;LOMBARDIA
2024;M150;ZAVATTARELLO;PV;PAVIA;R00090;LOMBARDIA
2024;M152;ZECCONE;PV;PAVIA;R00090;LOMBARDIA
2024;M153;ZEDDIANI;OR;ORISTANO;R00143;SARDEGNA
2024;M156;ZELBIO;CO;COMO;R00090;LOMBARDIA
2024;M158;ZELO BUON PERSICO;LO;LODI;R00090;LOMBARDIA
2024;M161;ZEME;PV;PAVIA;R00090;LOMBARDIA
2024;M162;ZENEVREDO;PV;PAVIA;R00090;LOMBARDIA
2024;M163;ZENSON DI PIAVE;TV;TREVISO;R00205;VENETO
2024;M165;ZERBA;PC;PIACENZA;R00054;EMILIA-ROMAGNA
2024;M166;ZERBO;PV;PAVIA;R00090;LOMBARDIA
2024;M167;ZERBOLO';PV;PAVIA;R00090;LOMBARDIA
2024;M168;ZERFALIU;OR;ORISTANO;R00143;SARDEGNA
2024;M169;ZERI;MS;MASSA CARRARA;R00161;TOSCANA
2024;M170;ZERMEGHEDO;VI;VICENZA;R00205;VENETO
2024;M171;ZERO BRANCO;TV;TREVISO;R00205;VENETO
2024;M172;ZEVIO;VR;VERONA;R00205;VENETO
2024;M173;ZIANO DI FIEMME;TN;TRENTO;R00214;PROVINCIA AUTONOMA TRENTO
2024;M176;ZIBIDO SAN GIACOMO;MI;MILANO;R00090;LOMBARDIA
2024;M177;ZIGNAGO;SP;LA SPEZIA;R00081;LIGURIA
2024;M178;ZIMELLA;VR;VERONA;R00205;VENETO
2024;M179;ZIMONE;BI;BIELLA;R00125;PIEMONTE
2024;M180;ZINASCO;PV;PAVIA;R00090;LOMBARDIA
2024;M182;ZOAGLI;GE;GENOVA;R00081;LIGURIA
2024;M183;ZOCCA;MO;MODENA;R00054;EMILIA-ROMAGNA
2024;M184;ZOGNO;BG;BERGAMO;R00090;LOMBARDIA
2024;M185;ZOLA PREDOSA;BO;BOLOGNA;R00054;EMILIA-ROMAGNA
2024;M187;ZOLLINO;LE;LECCE;R00134;PUGLIA
2024;M188;ZONE;BS;BRESCIA;R00090;LOMBARDIA
2024;M189;ZOPPE' DI CADORE;BL;BELLUNO;R00205;VENETO
2024;M190;ZOPPOLA;PN;PORDENONE;R00063;FRIULI-VENEZIA GIULIA
2024;M194;ZOVENCEDO;VI;VICENZA;R00205;VENETO
2024;M196;ZUBIENA;BI;BIELLA;R00125;PIEMONTE
2024;M197;ZUCCARELLO;SV;SAVONA;R00081;LIGURIA
2024;M199;ZUGLIANO;VI;VICENZA;R00205;VENETO
2024;M200;ZUGLIO;UD;UDINE;R00063;FRIULI-VENEZIA GIULIA
2024;M201;ZUMAGLIA;BI;BIELLA;R00125;PIEMONTE
2024;M202;ZUMPANO;CS;COSENZA;R00036;CALABRIA
2024;M109;VOGHERA;PV;PAVIA;R00090;LOMBARDIA
2024;M013;VILLAR PELLICE;TO;TORINO;R00125;PIEMONTE
2024;M014;VILLAR PEROSA;TO;TORINO;R00125;PIEMONTE
2024;M015;VILLAR SAN COSTANZO;CN;CUNEO;R00125;PIEMONTE
2024;M016;VILLASALTO;SU;SUD SARDEGNA;R00143;SARDEGNA
2024;M017;VILLASANTA;MB;MONZA E BRIANZA;R00090;LOMBARDIA
2024;M018;VILLA SAN GIOVANNI;RC;REGGIO CALABRIA;R00036;CALABRIA
2024;M019;VILLA SAN SECONDO;AT;ASTI;R00125;PIEMONTE
2024;M021;VILLA SANTA LUCIA DEGLI ABRUZZI;AQ;L'AQUILA;R00018;ABRUZZO
2024;M022;VILLA SANTA MARIA;CH;CHIETI;R00018;ABRUZZO
2024;M023;VILLA SANT'ANGELO;AQ;L'AQUILA;R00018;ABRUZZO
2024;M027;VILLASTELLONE;TO;TORINO;R00125;PIEMONTE
2024;M028;VILLATA;VC;VERCELLI;R00125;PIEMONTE
2024;M030;VILLA URBANA;OR;ORISTANO;R00143;SARDEGNA
2024;M031;VILLAVALLELONGA;AQ;L'AQUILA;R00018;ABRUZZO
2024;M032;VILLAVERLA;VI;VICENZA;R00205;VENETO
2024;M041;VILLETTA BARREA;AQ;L'AQUILA;R00018;ABRUZZO
2024;M042;VILLETTE;VB;VERBANO-CUSIO-OSSOLA;R00125;PIEMONTE
2024;M043;VILLESSE;GO;GORIZIA;R00063;FRIULI-VENEZIA GIULIA
2024;M044;VILLIMPENTA;MN;MANTOVA;R00090;LOMBARDIA
2024;M045;VILLONGO;BG;BERGAMO;R00090;LOMBARDIA
2024;M048;VILLORBA;TV;TREVISO;R00205;VENETO
2024;M050;VILMINORE DI SCALVE;BG;BERGAMO;R00090;LOMBARDIA
2024;M052;VIMERCATE;MB;MONZA E BRIANZA;R00090;LOMBARDIA
2024;M053;VIMODRONE;MI;MILANO;R00090;LOMBARDIA
2024;M055;VINADIO;CN;CUNEO;R00125;PIEMONTE
2024;M057;VINCHIATURO;CB;CAMPOBASSO;R00116;MOLISE
2024;M058;VINCHIO;AT;ASTI;R00125;PIEMONTE
2024;M059;VINCI;FI;FIRENZE;R00161;TOSCANA
2024;M060;VINOVO;TO;TORINO;R00125;PIEMONTE
2024;M062;VINZAGLIO;NO;NOVARA;R00125;PIEMONTE
2024;M063;VIOLA;CN;CUNEO;R00125;PIEMONTE
2024;M065;VIONE;BS;BRESCIA;R00090;LOMBARDIA
2024;M067;VIPITENO;BZ;BOLZANO;R00223;PROVINCIA AUTONOMA BOLZANO
2024;M069;VIRLE PIEMONTE;TO;TORINO;R00125;PIEMONTE
2024;M070;VISANO;BS;BRESCIA;R00090;LOMBARDIA
2024;M071;VISCHE;TO;TORINO;R00125;PIEMONTE
2024;M072;VISCIANO;NA;NAPOLI;R00045;CAMPANIA
2024;M073;VISCO;UD;UDINE;R00063;FRIULI-VENEZIA GIULIA
2024;M077;VISONE;AL;ALESSANDRIA;R00125;PIEMONTE
2024;M078;VISSO;MC;MACERATA;R00107;MARCHE
2024;M079;VISTARINO;PV;PAVIA;R00090;LOMBARDIA
2024;M080;VISTRORIO;TO;TORINO;R00125;PIEMONTE
2024;M081;VITA;TP;TRAPANI;R00152;SICILIA
2024;M082;VITERBO;VT;VITERBO;R00072;LAZIO
2024;M083;VITICUSO;FR;FROSINONE;R00072;LAZIO
2024;M085;VITO D'ASIO;PN;PORDENONE;R00063;FRIULI-VENEZIA GIULIA
2024;M086;VITORCHIANO;VT;VITERBO;R00072;LAZIO
2024;M088;VITTORIA;RG;RAGUSA;R00152;SICILIA
2024;M089;VITTORIO VENETO;TV;TREVISO;R00205;VENETO
2024;M090;VITTORITO;AQ;L'AQUILA;R00018;ABRUZZO
2024;M091;VITTUONE;MI;MILANO;R00090;LOMBARDIA
2024;M092;VITULAZIO;CE;CASERTA;R00045;CAMPANIA
2024;M093;VITULANO;BN;BENEVENTO;R00045;CAMPANIA
2024;M094;VIU';TO;TORINO;R00125;PIEMONTE
2024;M095;VIVARO ROMANO;RM;ROMA;R00072;LAZIO
2024;M096;VIVARO;PN;PORDENONE;R00063;FRIULI-VENEZIA GIULIA
2024;M098;VIVERONE;BI;BIELLA;R00125;PIEMONTE
2024;M100;VIZZINI;CT;CATANIA;R00152;SICILIA
2024;M101;VIZZOLA TICINO;VA;VARESE;R00090;LOMBARDIA
2024;M102;VIZZOLO PREDABISSI;MI;MILANO;R00090;LOMBARDIA
2024;M103;VO;PD;PADOVA;R00205;VENETO
2024;M104;VOBARNO;BS;BRESCIA;R00090;LOMBARDIA
2024;M105;VOBBIA;GE;GENOVA;R00081;LIGURIA
2024;M106;VOCCA;VC;VERCELLI;R00125;PIEMONTE
2024;M108;VODO DI CADORE;BL;BELLUNO;R00205;VENETO
2024;M011;VILLAROSA;EN;ENNA;R00152;SICILIA
2024;L933;VILLA DEL BOSCO;BI;BIELLA;R00125;PIEMONTE
2024;L934;VILLA DEL CONTE;PD;PADOVA;R00205;VENETO
2024;L936;VILLA DI SERIO;BG;BERGAMO;R00090;LOMBARDIA
2024;L937;VILLA ESTENSE;PD;PADOVA;R00205;VENETO
2024;L938;VILLA D'OGNA;BG;BERGAMO;R00090;LOMBARDIA
2024;L939;VILLADOSE;RO;ROVIGO;R00205;VENETO
2024;L942;VILLAFALLETTO;CN;CUNEO;R00125;PIEMONTE
2024;L943;VILLA FARALDI;IM;IMPERIA;R00081;LIGURIA
2024;L944;VILLAFRANCA SICULA;AG;AGRIGENTO;R00152;SICILIA
2024;L945;VILLAFRANCA D'ASTI;AT;ASTI;R00125;PIEMONTE
2024;L946;VILLAFRANCA IN LUNIGIANA;MS;MASSA CARRARA;R00161;TOSCANA
2024;L947;VILLAFRANCA PADOVANA;PD;PADOVA;R00205;VENETO
2024;L948;VILLAFRANCA PIEMONTE;TO;TORINO;R00125;PIEMONTE
2024;L949;VILLAFRANCA DI VERONA;VR;VERONA;R00205;VENETO
2024;L950;VILLAFRANCA TIRRENA;ME;MESSINA;R00152;SICILIA
2024;L951;VILLAFRATI;PA;PALERMO;R00152;SICILIA
2024;L952;VILLAGA;VI;VICENZA;R00205;VENETO
2024;L956;VILLA GUARDIA;CO;COMO;R00090;LOMBARDIA
2024;L957;VILLA LAGARINA;TN;TRENTO;R00214;PROVINCIA AUTONOMA TRENTO
2024;L958;VILLALAGO;AQ;L'AQUILA;R00018;ABRUZZO
2024;L959;VILLALBA;CL;CALTANISSETTA;R00152;SICILIA
2024;L961;VILLALFONSINA;CH;CHIETI;R00018;ABRUZZO
2024;L963;VILLALVERNIA;AL;ALESSANDRIA;R00125;PIEMONTE
2024;L964;VILLAMAGNA;CH;CHIETI;R00018;ABRUZZO
2024;L965;VILLAMAINA;AV;AVELLINO;R00045;CAMPANIA
2024;L967;VILLAMARZANA;RO;ROVIGO;R00205;VENETO
2024;L969;VILLA MINOZZO;RE;REGGIO EMILIA;R00054;EMILIA-ROMAGNA
2024;L970;VILLAMIROGLIO;AL;ALESSANDRIA;R00125;PIEMONTE
2024;L971;VILLANDRO;BZ;BOLZANO;R00223;PROVINCIA AUTONOMA BOLZANO
2024;L972;VILLANOVA MONFERRATO;AL;ALESSANDRIA;R00125;PIEMONTE
2024;L973;VILLANOVA DEL BATTISTA;AV;AVELLINO;R00045;CAMPANIA
2024;L974;VILLANOVA MONDOVI';CN;CUNEO;R00125;PIEMONTE
2024;L975;VILLANOVA D'ALBENGA;SV;SAVONA;R00081;LIGURIA
2024;L977;VILLANOVA DEL SILLARO;LO;LODI;R00090;LOMBARDIA
2024;L978;VILLANOVA BIELLESE;BI;BIELLA;R00125;PIEMONTE
2024;L979;VILLANOVA DI CAMPOSAMPIERO;PD;PADOVA;R00205;VENETO
2024;L980;VILLANOVA SULL'ARDA;PC;PIACENZA;R00054;EMILIA-ROMAGNA
2024;L981;VILLENEUVE;AO;AOSTA;R00198;VALLE D'AOSTA/VALLÉE D'AOSTE
2024;L982;VILLANOVA CANAVESE;TO;TORINO;R00125;PIEMONTE
2024;L983;VILLANOVA D'ARDENGHI;PV;PAVIA;R00090;LOMBARDIA
2024;L984;VILLANOVA D'ASTI;AT;ASTI;R00125;PIEMONTE
2024;L985;VILLANOVA DEL GHEBBO;RO;ROVIGO;R00205;VENETO
2024;L988;VILLANOVA MARCHESANA;RO;ROVIGO;R00205;VENETO
2024;L989;VILLANOVA MONTELEONE;SS;SASSARI;R00143;SARDEGNA
2024;L990;VILLANOVA SOLARO;CN;CUNEO;R00125;PIEMONTE
2024;L991;VILLANOVA TRUSCHEDU;OR;ORISTANO;R00143;SARDEGNA
2024;L994;VILLANTERIO;PV;PAVIA;R00090;LOMBARDIA
2024;L995;VILLANUOVA SUL CLISI;BS;BRESCIA;R00090;LOMBARDIA
2024;L999;VILLAR DORA;TO;TORINO;R00125;PIEMONTE
2024;M002;VILLARBASSE;TO;TORINO;R00125;PIEMONTE
2024;M003;VILLARBOIT;VC;VERCELLI;R00125;PIEMONTE
2024;M004;VILLAREGGIA;TO;TORINO;R00125;PIEMONTE
2024;M007;VILLAR FOCCHIARDO;TO;TORINO;R00125;PIEMONTE
2024;M009;VILLAROMAGNANO;AL;ALESSANDRIA;R00125;PIEMONTE
2024;L931;VILLADEATI;AL;ALESSANDRIA;R00125;PIEMONTE
2024;L841;VICOFORTE;CN;CUNEO;R00125;PIEMONTE
2024;L842;VICO DEL GARGANO;FG;FOGGIA;R00134;PUGLIA
2024;L843;VICO NEL LAZIO;FR;FROSINONE;R00072;LAZIO
2024;L844;VILLA LITERNO;CE;CASERTA;R00045;CAMPANIA
2024;L845;VICO EQUENSE;NA;NAPOLI;R00045;CAMPANIA
2024;L846;VICOLI;PE;PESCARA;R00018;ABRUZZO
2024;L847;VICOLUNGO;NO;NOVARA;R00125;PIEMONTE
2024;L848;ZIANO PIACENTINO;PC;PIACENZA;R00054;EMILIA-ROMAGNA
2024;L850;VICOPISANO;PI;PISA;R00161;TOSCANA
2024;L851;VICOVARO;RM;ROMA;R00072;LAZIO
2024;L854;VIDIGULFO;PV;PAVIA;R00090;LOMBARDIA
2024;L856;VIDOR;TV;TREVISO;R00205;VENETO
2024;L857;VIDRACCO;TO;TORINO;R00125;PIEMONTE
2024;L858;VIESTE;FG;FOGGIA;R00134;PUGLIA
2024;L859;VIETRI DI POTENZA;PZ;POTENZA;R00027;BASILICATA
2024;L860;VIETRI SUL MARE;SA;SALERNO;R00045;CAMPANIA
2024;L865;VIGANO SAN MARTINO;BG;BERGAMO;R00090;LOMBARDIA
2024;L866;VIGANO';LC;LECCO;R00090;LOMBARDIA
2024;L868;VIGARANO MAINARDA;FE;FERRARA;R00054;EMILIA-ROMAGNA
2024;L869;VIGASIO;VR;VERONA;R00205;VENETO
2024;L872;VIGEVANO;PV;PAVIA;R00090;LOMBARDIA
2024;L873;VIGGIANELLO;PZ;POTENZA;R00027;BASILICATA
2024;L874;VIGGIANO;PZ;POTENZA;R00027;BASILICATA
2024;L876;VIGGIU';VA;VARESE;R00090;LOMBARDIA
2024;L879;VIGLIANO D'ASTI;AT;ASTI;R00125;PIEMONTE
2024;D455;FAEDIS;UD;UDINE;R00063;FRIULI-VENEZIA GIULIA
2024;D456;FAEDO VALTELLINO;SO;SONDRIO;R00090;LOMBARDIA
2024;D458;FAENZA;RA;RAVENNA;R00054;EMILIA-ROMAGNA
2024;D459;FAETO;FG;FOGGIA;R00134;PUGLIA
2024;D461;FAGAGNA;UD;UDINE;R00063;FRIULI-VENEZIA GIULIA
2024;D462;FAGGETO LARIO;CO;COMO;R00090;LOMBARDIA
2024;D463;FAGGIANO;TA;TARANTO;R00134;PUGLIA
2024;D464;FAGNANO CASTELLO;CS;COSENZA;R00036;CALABRIA
2024;D465;FAGNANO ALTO;AQ;L'AQUILA;R00018;ABRUZZO
2024;D467;FAGNANO OLONA;VA;VARESE;R00090;LOMBARDIA
2024;D468;FAI DELLA PAGANELLA;TN;TRENTO;R00214;PROVINCIA AUTONOMA TRENTO
2024;D469;FAICCHIO;BN;BENEVENTO;R00045;CAMPANIA
2024;D470;FALCADE;BL;BELLUNO;R00205;VENETO
2024;D471;FALCIANO DEL MASSICO;CE;CASERTA;R00045;CAMPANIA
2024;D472;FALCONARA MARITTIMA;AN;ANCONA;R00107;MARCHE
2024;D473;FALCONARA ALBANESE;CS;COSENZA;R00036;CALABRIA
2024;D474;FALCONE;ME;MESSINA;R00152;SICILIA
2024;D475;FALERIA;VT;VITERBO;R00072;LAZIO
2024;D476;FALERNA;CZ;CATANZARO;R00036;CALABRIA
2024;D477;FALERONE;FM;FERMO;R00107;MARCHE
2024;D480;FALLO;CH;CHIETI;R00018;ABRUZZO
2024;D482;FALOPPIO;CO;COMO;R00090;LOMBARDIA
2024;D483;FALVATERRA;FR;FROSINONE;R00072;LAZIO
2024;D484;FALZES;BZ;BOLZANO;R00223;PROVINCIA AUTONOMA BOLZANO
2024;D486;FANANO;MO;MODENA;R00054;EMILIA-ROMAGNA
2024;D487;FANNA;PN;PORDENONE;R00063;FRIULI-VENEZIA GIULIA
2024;D488;FANO;PU;PESARO - URBINO;R00107;MARCHE
2024;D489;FANO ADRIANO;TE;TERAMO;R00018;ABRUZZO
2024;D490;FARA GERA D'ADDA;BG;BERGAMO;R00090;LOMBARDIA
2024;D491;FARA OLIVANA CON SOLA;BG;BERGAMO;R00090;LOMBARDIA
2024;D492;FARA NOVARESE;NO;NOVARA;R00125;PIEMONTE
2024;D493;FARA IN SABINA;RI;RIETI;R00072;LAZIO
2024;D494;FARA FILIORUM PETRI;CH;CHIETI;R00018;ABRUZZO
2024;D495;FARA SAN MARTINO;CH;CHIETI;R00018;ABRUZZO
2024;D496;FARA VICENTINO;VI;VICENZA;R00205;VENETO
2024;D497;FARDELLA;PZ;POTENZA;R00027;BASILICATA
2024;D499;FARIGLIANO;CN;CUNEO;R00125;PIEMONTE
2024;D501;FARINDOLA;PE;PESCARA;R00018;ABRUZZO
2024;D502;FARINI D'OLMO;PC;PIACENZA;R00054;EMILIA-ROMAGNA
2024;D503;FARNESE;VT;VITERBO;R00072;LAZIO
2024;D504;FARRA D'ISONZO;GO;GORIZIA;R00063;FRIULI-VENEZIA GIULIA
2024;D505;FARRA DI SOLIGO;TV;TREVISO;R00205;VENETO
2024;D508;FASANO;BR;BRINDISI;R00134;PUGLIA
2024;D509;FASCIA;GE;GENOVA;R00081;LIGURIA
2024;D510;FAUGLIA;PI;PISA;R00161;TOSCANA
2024;D511;FAULE;CN;CUNEO;R00125;PIEMONTE
2024;D512;FAVALE DI MALVARO;GE;GENOVA;R00081;LIGURIA
2024;D513;VALSINNI;MT;MATERA;R00027;BASILICATA
2024;D514;FAVARA;AG;AGRIGENTO;R00152;SICILIA
2024;D518;FAVIGNANA;TP;TRAPANI;R00152;SICILIA
2024;D520;FAVRIA;TO;TORINO;R00125;PIEMONTE
2024;D522;ORCO FEGLINO;SV;SAVONA;R00081;LIGURIA
2024;D523;FEISOGLIO;CN;CUNEO;R00125;PIEMONTE
2024;D524;FELETTO;TO;TORINO;R00125;PIEMONTE
2024;D526;FELINO;PR;PARMA;R00054;EMILIA-ROMAGNA
2024;D527;FELITTO;SA;SALERNO;R00045;CAMPANIA
2024;D528;FELIZZANO;AL;ALESSANDRIA;R00125;PIEMONTE
2024;D530;FELTRE;BL;BELLUNO;R00205;VENETO
2024;D531;FENEGRO';CO;COMO;R00090;LOMBARDIA
2024;D532;FENESTRELLE;TO;TORINO;R00125;PIEMONTE
2024;D537;FENIS;AO;AOSTA;R00198;VALLE D'AOSTA/VALLÉE D'AOSTE
2024;D538;FERENTILLO;TR;TERNI;R00189;UMBRIA
2024;D539;FERENTINO;FR;FROSINONE;R00072;LAZIO
2024;D454;FABRO;TR;TERNI;R00189;UMBRIA
2024;D351;DOSOLO;MN;MANTOVA;R00090;LOMBARDIA
2024;D352;DOSSENA;BG;BERGAMO;R00090;LOMBARDIA
2024;D355;DOSSO DEL LIRO;CO;COMO;R00090;LOMBARDIA
2024;D356;DOUES;AO;AOSTA;R00198;VALLE D'AOSTA/VALLÉE D'AOSTE
2024;D357;DOVADOLA;FC;FORLI' - CESENA;R00054;EMILIA-ROMAGNA
2024;D358;DOVERA;CR;CREMONA;R00090;LOMBARDIA
2024;D360;DOZZA;BO;BOLOGNA;R00054;EMILIA-ROMAGNA
2024;D361;DRAGONI;CE;CASERTA;R00045;CAMPANIA
2024;D364;DRAPIA;VV;VIBO VALENTIA;R00036;CALABRIA
2024;D365;DRENA;TN;TRENTO;R00214;PROVINCIA AUTONOMA TRENTO
2024;D366;DRENCHIA;UD;UDINE;R00063;FRIULI-VENEZIA GIULIA
2024;D367;DRESANO;MI;MILANO;R00090;LOMBARDIA
2024;D371;DRO';TN;TRENTO;R00214;PROVINCIA AUTONOMA TRENTO
2024;D372;DRONERO;CN;CUNEO;R00125;PIEMONTE
2024;D373;DRUENTO;TO;TORINO;R00125;PIEMONTE
2024;D374;DRUOGNO;VB;VERBANO-CUSIO-OSSOLA;R00125;PIEMONTE
2024;D376;DUALCHI;NU;NUORO;R00143;SARDEGNA
2024;D377;DUBINO;SO;SONDRIO;R00090;LOMBARDIA
2024;D379;DUEVILLE;VI;VICENZA;R00205;VENETO
2024;D380;DUGENTA;BN;BENEVENTO;R00045;CAMPANIA
2024;D383;DUINO AURISINA;TS;TRIESTE;R00063;FRIULI-VENEZIA GIULIA
2024;D384;DUMENZA;VA;VARESE;R00090;LOMBARDIA
2024;D385;DUNO;VA;VARESE;R00090;LOMBARDIA
2024;D386;DURAZZANO;BN;BENEVENTO;R00045;CAMPANIA
2024;D388;DUSINO SAN MICHELE;AT;ASTI;R00125;PIEMONTE
2024;D390;EBOLI;SA;SALERNO;R00045;CAMPANIA
2024;D391;EDOLO;BS;BRESCIA;R00090;LOMBARDIA
2024;D392;EGNA;BZ;BOLZANO;R00223;PROVINCIA AUTONOMA BOLZANO
2024;D394;ELICE;PE;PESCARA;R00018;ABRUZZO
2024;D398;ELLO;LC;LECCO;R00090;LOMBARDIA
2024;D401;ELVA;CN;CUNEO;R00125;PIEMONTE
2024;D402;EMARESE;AO;AOSTA;R00198;VALLE D'AOSTA/VALLÉE D'AOSTE
2024;D403;EMPOLI;FI;FIRENZE;R00161;TOSCANA
2024;D406;ENDINE GAIANO;BG;BERGAMO;R00090;LOMBARDIA
2024;D407;ENEGO;VI;VICENZA;R00205;VENETO
2024;D408;ENEMONZO;UD;UDINE;R00063;FRIULI-VENEZIA GIULIA
2024;D410;ENTRACQUE;CN;CUNEO;R00125;PIEMONTE
2024;D411;ENTRATICO;BG;BERGAMO;R00090;LOMBARDIA
2024;D412;ENVIE;CN;CUNEO;R00125;PIEMONTE
2024;D414;EPISCOPIA;PZ;POTENZA;R00027;BASILICATA
2024;D415;ERACLEA;VE;VENEZIA;R00205;VENETO
2024;D416;ERBA;CO;COMO;R00090;LOMBARDIA
2024;D419;ERBE';VR;VERONA;R00205;VENETO
2024;D420;ERBEZZO;VR;VERONA;R00205;VENETO
2024;D421;ERBUSCO;BS;BRESCIA;R00090;LOMBARDIA
2024;D422;ERCHIE;BR;BRINDISI;R00134;PUGLIA
2024;D423;ERICE;TP;TRAPANI;R00152;SICILIA
2024;D424;ERLI;SV;SAVONA;R00081;LIGURIA
2024;D426;ERTO E CASSO;PN;PORDENONE;R00063;FRIULI-VENEZIA GIULIA
2024;D428;ERVE;LC;LECCO;R00090;LOMBARDIA
2024;D429;ESANATOGLIA;MC;MACERATA;R00107;MARCHE
2024;D433;EXILLES;TO;TORINO;R00125;PIEMONTE
2024;D434;ESINE;BS;BRESCIA;R00090;LOMBARDIA
2024;D436;ESINO LARIO;LC;LECCO;R00090;LOMBARDIA
2024;D440;ESPERIA;FR;FROSINONE;R00072;LAZIO
2024;D441;ESPORLATU;SS;SASSARI;R00143;SARDEGNA
2024;D442;ESTE;PD;PADOVA;R00205;VENETO
2024;C229;CASTELNUOVO BORMIDA;AL;ALESSANDRIA;R00125;PIEMONTE
2024;C230;CASTELNUOVO CALCEA;AT;ASTI;R00125;PIEMONTE
2024;C231;CASTELNUOVO CILENTO;SA;SALERNO;R00045;CAMPANIA
2024;C232;CASTELNUOVO DON BOSCO;AT;ASTI;R00125;PIEMONTE
2024;C235;CASTELNUOVO DI CONZA;SA;SALERNO;R00045;CAMPANIA
2024;C236;CASTELNUOVO DI GARFAGNANA;LU;LUCCA;R00161;TOSCANA
2024;C237;CASTELNUOVO DI PORTO;RM;ROMA;R00072;LAZIO
2024;C240;CASTELNUOVO MAGRA;SP;LA SPEZIA;R00081;LIGURIA
2024;C241;CASTELNUOVO NIGRA;TO;TORINO;R00125;PIEMONTE
2024;C242;CASTELNUOVO RANGONE;MO;MODENA;R00054;EMILIA-ROMAGNA
2024;C243;CASTELNUOVO SCRIVIA;AL;ALESSANDRIA;R00125;PIEMONTE
2024;C244;CASTELNUOVO VAL DI CECINA;PI;PISA;R00161;TOSCANA
2024;C245;CASTEL PAGANO;BN;BENEVENTO;R00045;CAMPANIA
2024;C246;CASTELPETROSO;IS;ISERNIA;R00116;MOLISE
2024;C247;CASTELPIZZUTO;IS;ISERNIA;R00116;MOLISE
2024;C248;CASTELPLANIO;AN;ANCONA;R00107;MARCHE
2024;C250;CASTELPOTO;BN;BENEVENTO;R00045;CAMPANIA
2024;C251;CASTELRAIMONDO;MC;MACERATA;R00107;MARCHE
2024;C252;CASTEL RITALDI;PG;PERUGIA;R00189;UMBRIA
2024;C253;CASTEL ROCCHERO;AT;ASTI;R00125;PIEMONTE
2024;C254;CASTELROTTO;BZ;BOLZANO;R00223;PROVINCIA AUTONOMA BOLZANO
2024;C255;CASTEL ROZZONE;BG;BERGAMO;R00090;LOMBARDIA
2024;C259;CASTEL SAN GIORGIO;SA;SALERNO;R00045;CAMPANIA
2024;C261;CASTEL SAN GIOVANNI;PC;PIACENZA;R00054;EMILIA-ROMAGNA
2024;C262;CASTEL SAN LORENZO;SA;SALERNO;R00045;CAMPANIA
2024;C263;CASTEL SAN NICCOLO';AR;AREZZO;R00161;TOSCANA
2024;C369;CAVAGNOLO;TO;TORINO;R00125;PIEMONTE
2024;C300;CASTIGLIONE OLONA;VA;VARESE;R00090;LOMBARDIA
2024;C370;CAVAION VERONESE;VR;VERONA;R00205;VENETO
2024;C372;CAVALESE;TN;TRENTO;R00214;PROVINCIA AUTONOMA TRENTO
2024;C228;CASTELNUOVO BOCCA D'ADDA;LO;LODI;R00090;LOMBARDIA
2024;B579;CANAZEI;TN;TRENTO;R00214;PROVINCIA AUTONOMA TRENTO
2024;B580;CANCELLARA;PZ;POTENZA;R00027;BASILICATA
2024;B581;CANCELLO ED ARNONE;CE;CASERTA;R00045;CAMPANIA
2024;B582;CANDA;RO;ROVIGO;R00205;VENETO
2024;B584;CANDELA;FG;FOGGIA;R00134;PUGLIA
2024;B586;CANDELO;BI;BIELLA;R00125;PIEMONTE
2024;B587;CANDIA LOMELLINA;PV;PAVIA;R00090;LOMBARDIA
2024;B588;CANDIA CANAVESE;TO;TORINO;R00125;PIEMONTE
2024;B589;CANDIANA;PD;PADOVA;R00205;VENETO
2024;B590;CANDIDA;AV;AVELLINO;R00045;CAMPANIA
2024;B591;CANDIDONI;RC;REGGIO CALABRIA;R00036;CALABRIA
2024;B592;CANDIOLO;TO;TORINO;R00125;PIEMONTE
2024;B593;CANEGRATE;MI;MILANO;R00090;LOMBARDIA
2024;B594;CANELLI;AT;ASTI;R00125;PIEMONTE
2024;B595;ORVINIO;RI;RIETI;R00072;LAZIO
2024;B597;CANEPINA;VT;VITERBO;R00072;LAZIO
2024;B598;CANEVA;PN;PORDENONE;R00063;FRIULI-VENEZIA GIULIA
2024;B602;CANICATTI';AG;AGRIGENTO;R00152;SICILIA
2024;B603;CANICATTINI BAGNI;SR;SIRACUSA;R00152;SICILIA
2024;B604;CANINO;VT;VITERBO;R00072;LAZIO
2024;B605;CANISCHIO;TO;TORINO;R00125;PIEMONTE
2024;B606;CANISTRO;AQ;L'AQUILA;R00018;ABRUZZO
2024;B607;CANNA;CS;COSENZA;R00036;CALABRIA
2024;B608;CANNOLONGA;SA;SALERNO;R00045;CAMPANIA
2024;B609;CANNARA;PG;PERUGIA;R00189;UMBRIA
2024;B610;CANNERO RIVIERA;VB;VERBANO-CUSIO-OSSOLA;R00125;PIEMONTE
2024;B612;CANNETO SULL'OGLIO;MN;MANTOVA;R00090;LOMBARDIA
2024;B613;CANNETO PAVESE;PV;PAVIA;R00090;LOMBARDIA
2024;B615;CANNOBIO;VB;VERBANO-CUSIO-OSSOLA;R00125;PIEMONTE
2024;B616;CANNOLE;LE;LECCE;R00134;PUGLIA
2024;B617;CANOLO;RC;REGGIO CALABRIA;R00036;CALABRIA
2024;B618;CANONICA D'ADDA;BG;BERGAMO;R00090;LOMBARDIA
2024;B619;CANOSA DI PUGLIA;BT;BARLETTA_ANDRIA_TRANI;R00134;PUGLIA
2024;B620;CANOSA SANNITA;CH;CHIETI;R00018;ABRUZZO
2024;B621;CANOSIO;CN;CUNEO;R00125;PIEMONTE
2024;B624;CANSANO;AQ;L'AQUILA;R00018;ABRUZZO
2024;B626;CANTAGALLO;PO;PRATO;R00161;TOSCANA
2024;B627;CANTALICE;RI;RIETI;R00072;LAZIO
2024;B628;CANTALUPA;TO;TORINO;R00125;PIEMONTE
2024;B629;CANTALUPO LIGURE;AL;ALESSANDRIA;R00125;PIEMONTE
2024;B630;CANTALUPO NEL SANNIO;IS;ISERNIA;R00116;MOLISE
2024;B631;CANTALUPO IN SABINA;RI;RIETI;R00072;LAZIO
2024;B632;MANDELA;RM;ROMA;R00072;LAZIO
2024;B633;CANTARANA;AT;ASTI;R00125;PIEMONTE
2024;B634;CANTELLO;VA;VARESE;R00090;LOMBARDIA
2024;B635;CANTERANO;RM;ROMA;R00072;LAZIO
2024;B636;CANTIANO;PU;PESARO - URBINO;R00107;MARCHE
2024;B637;CANTOIRA;TO;TORINO;R00125;PIEMONTE
2024;B639;CANTU';CO;COMO;R00090;LOMBARDIA
2024;B640;CANZANO;TE;TERAMO;R00018;ABRUZZO
2024;B641;CANZO;CO;COMO;R00090;LOMBARDIA
2024;B642;CAORLE;VE;VENEZIA;R00205;VENETO
2024;B643;CAORSO;PC;PIACENZA;R00054;EMILIA-ROMAGNA
2024;B644;CAPACCIO;SA;SALERNO;R00045;CAMPANIA
2024;B645;CAPACI;PA;PALERMO;R00152;SICILIA
2024;B646;CAPALBIO;GR;GROSSETO;R00161;TOSCANA
2024;B647;CAPANNOLI;PI;PISA;R00161;TOSCANA
2024;B567;CAMPOSPINOSO;PV;PAVIA;R00090;LOMBARDIA
2024;B648;CAPANNORI;LU;LUCCA;R00161;TOSCANA
2024;B649;CAPENA;RM;ROMA;R00072;LAZIO
2024;B497;CAMPAGNATICO;GR;GROSSETO;R00161;TOSCANA
2024;B498;CAMPAGNOLA CREMASCA;CR;CREMONA;R00090;LOMBARDIA
2024;B499;CAMPAGNOLA EMILIA;RE;REGGIO EMILIA;R00054;EMILIA-ROMAGNA
2024;B500;CAMPANA;CS;COSENZA;R00036;CALABRIA
2024;B501;CAMPARADA;MB;MONZA E BRIANZA;R00090;LOMBARDIA
2024;B502;CAMPEGINE;RE;REGGIO EMILIA;R00054;EMILIA-ROMAGNA
2024;B504;CAMPELLO SUL CLITUNNO;PG;PERUGIA;R00189;UMBRIA
2024;B505;CAMPERTOGNO;VC;VERCELLI;R00125;PIEMONTE
2024;B506;CAMPI SALENTINA;LE;LECCE;R00134;PUGLIA
2024;B507;CAMPI BISENZIO;FI;FIRENZE;R00161;TOSCANA
2024;M373;CAMPIGLIA CERVO;BI;BIELLA;R00125;PIEMONTE
2024;B509;CAMPIGLIA MARITTIMA;LI;LIVORNO;R00161;TOSCANA
2024;B510;VALPRATO SOANA;TO;TORINO;R00125;PIEMONTE
2024;B511;CAMPIGLIA DEI BERICI;VI;VICENZA;R00205;VENETO
2024;B512;CAMPIGLIONE FENILE;TO;TORINO;R00125;PIEMONTE
2024;B513;CAMPIONE D'ITALIA;CO;COMO;R00090;LOMBARDIA
2024;B514;CAMPITELLO DI FASSA;TN;TRENTO;R00214;PROVINCIA AUTONOMA TRENTO
2024;B515;CAMPLI;TE;TERAMO;R00018;ABRUZZO
2024;B516;CAMPO CALABRO;RC;REGGIO CALABRIA;R00036;CALABRIA
2024;B519;CAMPOBASSO;CB;CAMPOBASSO;R00116;MOLISE
2024;B520;CAMPOBELLO DI LICATA;AG;AGRIGENTO;R00152;SICILIA
2024;B521;CAMPOBELLO DI MAZARA;TP;TRAPANI;R00152;SICILIA
2024;B522;CAMPOCHIARO;CB;CAMPOBASSO;R00116;MOLISE
2024;B524;CAMPODARSEGO;PD;PADOVA;R00205;VENETO
2024;B525;CAMPODENNO;TN;TRENTO;R00214;PROVINCIA AUTONOMA TRENTO
2024;B526;CAMPO DI GIOVE;AQ;L'AQUILA;R00018;ABRUZZO
2024;B527;CAMPODIMELE;LT;LATINA;R00072;LAZIO
2024;B528;CAMPODIPIETRA;CB;CAMPOBASSO;R00116;MOLISE
2024;B529;CAMPO DI TRENS;BZ;BOLZANO;R00223;PROVINCIA AUTONOMA BOLZANO
2024;B530;CAMPODOLCINO;SO;SONDRIO;R00090;LOMBARDIA
2024;B531;CAMPODORO;PD;PADOVA;R00205;VENETO
2024;B532;CAMPOFELICE DI ROCCELLA;PA;PALERMO;R00152;SICILIA
2024;B533;CAMPOFELICE DI FITALIA;PA;PALERMO;R00152;SICILIA
2024;B534;CAMPOFILONE;FM;FERMO;R00107;MARCHE
2024;B535;CAMPOFIORITO;PA;PALERMO;R00152;SICILIA
2024;B536;CAMPOFORMIDO;UD;UDINE;R00063;FRIULI-VENEZIA GIULIA
2024;B537;CAMPOFRANCO;CL;CALTANISSETTA;R00152;SICILIA
2024;B538;CAMPO LIGURE;GE;GENOVA;R00081;LIGURIA
2024;B539;CAMPOGALLIANO;MO;MODENA;R00054;EMILIA-ROMAGNA
2024;B540;CHAMPORCHER;AO;AOSTA;R00198;VALLE D'AOSTA/VALLÉE D'AOSTE
2024;B541;CAMPOLATTARO;BN;BENEVENTO;R00045;CAMPANIA
2024;B542;CAMPOLI DEL MONTE TABURNO;BN;BENEVENTO;R00045;CAMPANIA
2024;B543;CAMPOLI APPENNINO;FR;FROSINONE;R00072;LAZIO
2024;B544;CAMPOLIETO;CB;CAMPOBASSO;R00116;MOLISE
2024;B546;CAMPOLONGO MAGGIORE;VE;VENEZIA;R00205;VENETO
2024;B549;CAMPOMAGGIORE;PZ;POTENZA;R00027;BASILICATA
2024;B550;CAMPOMARINO;CB;CAMPOBASSO;R00116;MOLISE
2024;B551;CAMPOMORONE;GE;GENOVA;R00081;LIGURIA
2024;B553;CAMPO NELL'ELBA;LI;LIVORNO;R00161;TOSCANA
2024;B554;CAMPONOGARA;VE;VENEZIA;R00205;VENETO
2024;B555;CAMPORA;SA;SALERNO;R00045;CAMPANIA
2024;B556;CAMPOREALE;PA;PALERMO;R00152;SICILIA
2024;B557;CAMPORGIANO;LU;LUCCA;R00161;TOSCANA
2024;B559;CAMPOROSSO;IM;IMPERIA;R00081;LIGURIA
2024;B561;CAMPOROTONDO ETNEO;CT;CATANIA;R00152;SICILIA
2024;B562;CAMPOROTONDO DI FIASTRONE;MC;MACERATA;R00107;MARCHE
2024;B563;CAMPOSAMPIERO;PD;PADOVA;R00205;VENETO
2024;B564;CAMPO SAN MARTINO;PD;PADOVA;R00205;VENETO
2024;B565;CAMPOSANO;NA;NAPOLI;R00045;CAMPANIA
2024;B566;CAMPOSANTO;MO;MODENA;R00054;EMILIA-ROMAGNA
2024;B496;CAMPAGNANO DI ROMA;RM;ROMA;R00072;LAZIO
2024;B410;CALICE AL CORNOVIGLIO;SP;LA SPEZIA;R00081;LIGURIA
2024;B413;CALIMERA;LE;LECCE;R00134;PUGLIA
2024;B415;CALITRI;AV;AVELLINO;R00045;CAMPANIA
2024;B416;CALIZZANO;SV;SAVONA;R00081;LIGURIA
2024;B417;CALLABIANA;BI;BIELLA;R00125;PIEMONTE
2024;B418;CALLIANO AT;AT;ASTI;R00125;PIEMONTE
2024;B419;CALLIANO TN;TN;TRENTO;R00214;PROVINCIA AUTONOMA TRENTO
2024;B423;CALOLZIOCORTE;LC;LECCO;R00090;LOMBARDIA
2024;B424;CALOPEZZATI;CS;COSENZA;R00036;CALABRIA
2024;B425;CALOSSO;AT;ASTI;R00125;PIEMONTE
2024;B426;CALOVETO;CS;COSENZA;R00036;CALABRIA
2024;B427;CALTABELLOTTA;AG;AGRIGENTO;R00152;SICILIA
2024;B428;CALTAGIRONE;CT;CATANIA;R00152;SICILIA
2024;B429;CALTANISSETTA;CL;CALTANISSETTA;R00152;SICILIA
2024;B430;CALTAVUTURO;PA;PALERMO;R00152;SICILIA
2024;B431;CALTIGNAGA;NO;NOVARA;R00125;PIEMONTE
2024;B432;CALTO;RO;ROVIGO;R00205;VENETO
2024;B433;CALTRANO;VI;VICENZA;R00205;VENETO
2024;B434;CALUSCO D'ADDA;BG;BERGAMO;R00090;LOMBARDIA
2024;B435;CALUSO;TO;TORINO;R00125;PIEMONTE
2024;B436;CALVAGESE DELLA RIVIERA;BS;BRESCIA;R00090;LOMBARDIA
2024;C265;CASTEL SAN PIETRO TERME;BO;BOLOGNA;R00054;EMILIA-ROMAGNA
2024;C266;CASTEL SAN PIETRO ROMANO;RM;ROMA;R00072;LAZIO
2024;C267;CASTELSANTANGELO SUL NERA;MC;MACERATA;R00107;MARCHE
2024;C268;CASTEL SANT'ANGELO;RI;RIETI;R00072;LAZIO
2024;C269;CASTEL SANT'ELIA;VT;VITERBO;R00072;LAZIO
2024;C270;CASTEL SAN VINCENZO;IS;ISERNIA;R00116;MOLISE
2024;C271;CASTELSARACENO;PZ;POTENZA;R00027;BASILICATA
2024;C272;CASTELSARDO;SS;SASSARI;R00143;SARDEGNA
2024;C273;CASTELSEPRIO;VA;VARESE;R00090;LOMBARDIA
2024;C274;CASTELSPINA;AL;ALESSANDRIA;R00125;PIEMONTE
2024;C275;CASTELTERMINI;AG;AGRIGENTO;R00152;SICILIA
2024;C276;CASTELVECCHIO DI ROCCA BARBENA;SV;SAVONA;R00081;LIGURIA
2024;C278;CASTELVECCHIO CALVISIO;AQ;L'AQUILA;R00018;ABRUZZO
2024;C279;CASTELVECCHIO SUBEQUO;AQ;L'AQUILA;R00018;ABRUZZO
2024;C280;CASTELVENERE;BN;BENEVENTO;R00045;CAMPANIA
2024;C282;VERRES;AO;AOSTA;R00198;VALLE D'AOSTA/VALLÉE D'AOSTE
2024;C283;CASTEL VETERE SUL CALORE;AV;AVELLINO;R00045;CAMPANIA
2024;C284;CASTELVETERE IN VAL FORTORE;BN;BENEVENTO;R00045;CAMPANIA
2024;C285;CAULONIA;RC;REGGIO CALABRIA;R00036;CALABRIA
2024;C286;CASTELVETRANO;TP;TRAPANI;R00152;SICILIA
2024;C287;CASTELVETRO DI MODENA;MO;MODENA;R00054;EMILIA-ROMAGNA
2024;C288;CASTELVETRO PIACENTINO;PC;PIACENZA;R00054;EMILIA-ROMAGNA
2024;C289;CASTEL VISCARDO;TR;TERNI;R00189;UMBRIA
2024;C290;CASTELVISCONTI;CR;CREMONA;R00090;LOMBARDIA
2024;C291;CASTEL VOLTURNO;CE;CASERTA;R00045;CAMPANIA
2024;C292;CASTENASO;BO;BOLOGNA;R00054;EMILIA-ROMAGNA
2024;C293;CASTENEDOLO;BS;BRESCIA;R00090;LOMBARDIA
2024;C294;CHATILLON;AO;AOSTA;R00198;VALLE D'AOSTA/VALLÉE D'AOSTE
2024;C296;CASTIGLIONE DEI PEPOLI;BO;BOLOGNA;R00054;EMILIA-ROMAGNA
2024;C297;CASTIGLIONE DI SICILIA;CT;CATANIA;R00152;SICILIA
2024;C298;CASTIGLIONE MESSER MARINO;CH;CHIETI;R00018;ABRUZZO
2024;C227;CASTELNUOVO BERARDENGA;SI;SIENA;R00161;TOSCANA
2024;C153;CASTELLEONE;CR;CREMONA;R00090;LOMBARDIA
2024;C154;CASTELLERO;AT;ASTI;R00125;PIEMONTE
2024;C155;CASTELLETTO CERVO;BI;BIELLA;R00125;PIEMONTE
2024;C156;CASTELLETTO D'ERRO;AL;ALESSANDRIA;R00125;PIEMONTE
2024;C157;CASTELLETTO DI BRANDUZZO;PV;PAVIA;R00090;LOMBARDIA
2024;C158;CASTELLETTO D'ORBA;AL;ALESSANDRIA;R00125;PIEMONTE
2024;C160;CASTELLETTO MERLI;AL;ALESSANDRIA;R00125;PIEMONTE
2024;C161;CASTELLETTO MOLINA;AT;ASTI;R00125;PIEMONTE
2024;C162;CASTELLETTO MONFERRATO;AL;ALESSANDRIA;R00125;PIEMONTE
2024;C165;CASTELLETTO STURA;CN;CUNEO;R00125;PIEMONTE
2024;C166;CASTELLETTO SOPRA TICINO;NO;NOVARA;R00125;PIEMONTE
2024;C167;CASTELLETTO UZZONE;CN;CUNEO;R00125;PIEMONTE
2024;C169;CASTELLI;TE;TERAMO;R00018;ABRUZZO
2024;C172;CASTELLINA IN CHIANTI;SI;SIENA;R00161;TOSCANA
2024;C173;CASTELLINALDO;CN;CUNEO;R00125;PIEMONTE
2024;C174;CASTELLINA MARITTIMA;PI;PISA;R00161;TOSCANA
2024;C175;CASTELLINO DEL BIFERNO;CB;CAMPOBASSO;R00116;MOLISE
2024;C176;CASTELLINO TANARO;CN;CUNEO;R00125;PIEMONTE
2024;C177;CASTELLIRI;FR;FROSINONE;R00072;LAZIO
2024;C178;CASTELLO DEL MATESE;CE;CASERTA;R00045;CAMPANIA
2024;C181;CASTELVECCANA;VA;VARESE;R00090;LOMBARDIA
2024;C183;CASTELLO CONDINO;TN;TRENTO;R00214;PROVINCIA AUTONOMA TRENTO
2024;C184;CASTELLO D'AGOGNA;PV;PAVIA;R00090;LOMBARDIA
2024;C185;CASTELLO D'ARGILE;BO;BOLOGNA;R00054;EMILIA-ROMAGNA
2024;C186;CASTELLO DELL'ACQUA;SO;SONDRIO;R00090;LOMBARDIA
2024;C187;CASTELLO DI BRIANZA;LC;LECCO;R00090;LOMBARDIA
2024;C188;CASTELLO DI CISTERNA;NA;NAPOLI;R00045;CAMPANIA
2024;C189;CASTELLO-MOLINA DI FIEMME;TN;TRENTO;R00214;PROVINCIA AUTONOMA TRENTO
2024;C190;CASTELLO DI GODEGO;TV;TREVISO;R00205;VENETO
2024;C194;CASTELLO TESINO;TN;TRENTO;R00214;PROVINCIA AUTONOMA TRENTO
2024;C195;CASTELLUCCHIO;MN;MANTOVA;R00090;LOMBARDIA
2024;C197;CASTELMAURO;CB;CAMPOBASSO;R00116;MOLISE
2024;C198;CASTELLUCCIO DE' SAURI;FG;FOGGIA;R00134;PUGLIA
2024;C199;CASTELLUCCIO INFERIORE;PZ;POTENZA;R00027;BASILICATA
2024;C200;CASTELVERRINO;IS;ISERNIA;R00116;MOLISE
2024;C201;CASTELLUCCIO SUPERIORE;PZ;POTENZA;R00027;BASILICATA
2024;C202;CASTELLUCCIO VALMAGGIORE;FG;FOGGIA;R00134;PUGLIA
2024;C203;CASTEL MADAMA;RM;ROMA;R00072;LAZIO
2024;C204;CASTEL MAGGIORE;BO;BOLOGNA;R00054;EMILIA-ROMAGNA
2024;C205;CASTELMAGNO;CN;CUNEO;R00125;PIEMONTE
2024;C206;CASTELMARTE;CO;COMO;R00090;LOMBARDIA
2024;C207;CASTELMASSA;RO;ROVIGO;R00205;VENETO
2024;C208;CASTEL MELLA;BS;BRESCIA;R00090;LOMBARDIA
2024;C209;CASTELMEZZANO;PZ;POTENZA;R00027;BASILICATA
2024;C210;CASTELMOLA;ME;MESSINA;R00152;SICILIA
2024;C211;CASTEL MORRONE;CE;CASERTA;R00045;CAMPANIA
2024;C213;CASTELNOVETTO;PV;PAVIA;R00090;LOMBARDIA
2024;C214;CASTELNUOVO DI CEVA;CN;CUNEO;R00125;PIEMONTE
2024;C215;CASTELNUOVO BARIANO;RO;ROVIGO;R00205;VENETO
2024;C216;CASTELNUOVO;TN;TRENTO;R00214;PROVINCIA AUTONOMA TRENTO
2024;C217;CASTELNUOVO DEL FRIULI;PN;PORDENONE;R00063;FRIULI-VENEZIA GIULIA
2024;C218;CASTELNOVO DI SOTTO;RE;REGGIO EMILIA;R00054;EMILIA-ROMAGNA
2024;C219;CASTELNOVO NE' MONTI;RE;REGGIO EMILIA;R00054;EMILIA-ROMAGNA
2024;C220;CASTELNUOVO BOZZENTE;CO;COMO;R00090;LOMBARDIA
2024;C222;CASTELNUOVO DELLA DAUNIA;FG;FOGGIA;R00134;PUGLIA
2024;C223;CASTELNUOVO PARANO;FR;FROSINONE;R00072;LAZIO
2024;C224;CASTELNUOVO DI FARFA;RI;RIETI;R00072;LAZIO
2024;C225;CASTELNUOVO DEL GARDA;VR;VERONA;R00205;VENETO
2024;C226;CASTELNUOVO BELBO;AT;ASTI;R00125;PIEMONTE
2024;C152;CASTELLEONE DI SUASA;AN;ANCONA;R00107;MARCHE
2024;C075;CASTEL D'AIANO;BO;BOLOGNA;R00054;EMILIA-ROMAGNA
2024;C076;CASTEL D'ARIO;MN;MANTOVA;R00090;LOMBARDIA
2024;C078;CASTEL D'AZZANO;VR;VERONA;R00205;VENETO
2024;C079;CASTELLI CALEPIO;BG;BERGAMO;R00090;LOMBARDIA
2024;C080;CASTELDELCI;RN;RIMINI;R00054;EMILIA-ROMAGNA
2024;C081;CASTELDELFINO;CN;CUNEO;R00125;PIEMONTE
2024;C082;CASTEL DEL GIUDICE;IS;ISERNIA;R00116;MOLISE
2024;C083;CASTEL DEL MONTE;AQ;L'AQUILA;R00018;ABRUZZO
2024;C085;CASTEL DEL PIANO;GR;GROSSETO;R00161;TOSCANA
2024;C086;CASTEL DEL RIO;BO;BOLOGNA;R00054;EMILIA-ROMAGNA
2024;C089;CASTELDIDONE;CR;CREMONA;R00090;LOMBARDIA
2024;C090;CASTEL DI IERI;AQ;L'AQUILA;R00018;ABRUZZO
2024;C091;CASTEL DI IUDICA;CT;CATANIA;R00152;SICILIA
2024;C093;CASTEL DI LAMA;AP;ASCOLI PICENO;R00107;MARCHE
2024;C094;CASTEL DI LUCIO;ME;MESSINA;R00152;SICILIA
2024;C096;CASTEL DI SANGRO;AQ;L'AQUILA;R00018;ABRUZZO
2024;C097;CASTEL DI SASSO;CE;CASERTA;R00045;CAMPANIA
2024;C098;CASTEL DI TORA;RI;RIETI;R00072;LAZIO
2024;C100;CASTELFIDARDO;AN;ANCONA;R00107;MARCHE
2024;C101;CASTELFIORENTINO;FI;FIRENZE;R00161;TOSCANA
2024;C102;CASTEL FOCOGNANO;AR;AREZZO;R00161;TOSCANA
2024;C104;CASTELFORTE;LT;LATINA;R00072;LAZIO
2024;C105;CASTELFRANCI;AV;AVELLINO;R00045;CAMPANIA
2024;C106;CASTELFRANCO IN MISCANO;BN;BENEVENTO;R00045;CAMPANIA
2024;C107;CASTELFRANCO EMILIA;MO;MODENA;R00054;EMILIA-ROMAGNA
2024;C108;CASTROLIBERO;CS;COSENZA;R00036;CALABRIA
2024;C110;CASTEL VITTORIO;IM;IMPERIA;R00081;LIGURIA
2024;C111;CASTELFRANCO VENETO;TV;TREVISO;R00205;VENETO
2024;C113;CASTELFRANCO DI SOTTO;PI;PISA;R00161;TOSCANA
2024;C114;CASTEL FRENTANO;CH;CHIETI;R00018;ABRUZZO
2024;C115;CASTEL GABBIANO;CR;CREMONA;R00090;LOMBARDIA
2024;C116;CASTEL GANDOLFO;RM;ROMA;R00072;LAZIO
2024;C117;CASTEL GIORGIO;TR;TERNI;R00189;UMBRIA
2024;C118;CASTEL GOFFREDO;MN;MANTOVA;R00090;LOMBARDIA
2024;C119;CASTELGOMBERTO;VI;VICENZA;R00205;VENETO
2024;C120;CASTELGRANDE;PZ;POTENZA;R00027;BASILICATA
2024;C121;CASTEL GUELFO DI BOLOGNA;BO;BOLOGNA;R00054;EMILIA-ROMAGNA
2024;C122;CASTELGUGLIELMO;RO;ROVIGO;R00205;VENETO
2024;C123;CASTELGUIDONE;CH;CHIETI;R00018;ABRUZZO
2024;C125;CASTELLABATE;SA;SALERNO;R00045;CAMPANIA
2024;C126;CASTELLAFIUME;AQ;L'AQUILA;R00018;ABRUZZO
2024;C127;CASTELL'ALFERO;AT;ASTI;R00125;PIEMONTE
2024;C128;CASTELLALTO;TE;TERAMO;R00018;ABRUZZO
2024;C129;CASTELLAMMARE DI STABIA;NA;NAPOLI;R00045;CAMPANIA
2024;C130;CASTELLAMMARE DEL GOLFO;TP;TRAPANI;R00152;SICILIA
2024;C133;CASTELLAMONTE;TO;TORINO;R00125;PIEMONTE
2024;C134;CASTELLANA GROTTE;BA;BARI;R00134;PUGLIA
2024;C135;CASTELLANA SICULA;PA;PALERMO;R00152;SICILIA
2024;C136;CASTELLANETA;TA;TARANTO;R00134;PUGLIA
2024;C137;CASTELLANIA;AL;ALESSANDRIA;R00125;PIEMONTE
2024;C139;CASTELLANZA;VA;VARESE;R00090;LOMBARDIA
2024;C141;CASTELLARANO;RE;REGGIO EMILIA;R00054;EMILIA-ROMAGNA
2024;C142;CASTELLAR GUIDOBONO;AL;ALESSANDRIA;R00125;PIEMONTE
2024;C143;CASTELLARO;IM;IMPERIA;R00081;LIGURIA
2024;C145;CASTELL'ARQUATO;PC;PIACENZA;R00054;EMILIA-ROMAGNA
2024;C074;CASTELDACCIA;PA;PALERMO;R00152;SICILIA
2024;C147;CASTELL'AZZARA;GR;GROSSETO;R00161;TOSCANA
2024;C148;CASTELLAZZO BORMIDA;AL;ALESSANDRIA;R00125;PIEMONTE
2024;C149;CASTELLAZZO NOVARESE;NO;NOVARA;R00125;PIEMONTE
2024;B978;CASNIGO;BG;BERGAMO;R00090;LOMBARDIA
2024;B979;CASOLA IN LUNIGIANA;MS;MASSA CARRARA;R00161;TOSCANA
2024;B980;CASOLA DI NAPOLI;NA;NAPOLI;R00045;CAMPANIA
2024;B982;CASOLA VALSENIO;RA;RAVENNA;R00054;EMILIA-ROMAGNA
2024;B984;CASOLE D'ELSA;SI;SIENA;R00161;TOSCANA
2024;B985;CASOLI;CH;CHIETI;R00018;ABRUZZO
2024;B987;CASORATE SEMPIONE;VA;VARESE;R00090;LOMBARDIA
2024;B988;CASORATE PRIMO;PV;PAVIA;R00090;LOMBARDIA
2024;B989;CASOREZZO;MI;MILANO;R00090;LOMBARDIA
2024;B990;CASORIA;NA;NAPOLI;R00045;CAMPANIA
2024;B991;CASORZO;AT;ASTI;R00125;PIEMONTE
2024;B993;CASPOGGIO;SO;SONDRIO;R00090;LOMBARDIA
2024;B994;CASSACCO;UD;UDINE;R00063;FRIULI-VENEZIA GIULIA
2024;B996;CASSAGO BRIANZA;LC;LECCO;R00090;LOMBARDIA
2024;B997;CASSANO IRPINO;AV;AVELLINO;R00045;CAMPANIA
2024;B998;CASSANO DELLE MURGE;BA;BARI;R00134;PUGLIA
2024;B999;CASSANO VALCUVIA;VA;VARESE;R00090;LOMBARDIA
2024;C002;CASSANO ALLO IONIO;CS;COSENZA;R00036;CALABRIA
2024;C003;CASSANO D'ADDA;MI;MILANO;R00090;LOMBARDIA
2024;C004;CASSANO MAGNAGO;VA;VARESE;R00090;LOMBARDIA
2024;C006;CASSARO;SR;SIRACUSA;R00152;SICILIA
2024;C007;CASSIGLIO;BG;BERGAMO;R00090;LOMBARDIA
2024;C013;PERO;MI;MILANO;R00090;LOMBARDIA
2024;C014;CASSINA DE' PECCHI;MI;MILANO;R00090;LOMBARDIA
2024;C020;CASSINA RIZZARDI;CO;COMO;R00090;LOMBARDIA
2024;C022;CASSINASCO;AT;ASTI;R00125;PIEMONTE
2024;C024;CASSINA VALSASSINA;LC;LECCO;R00090;LOMBARDIA
2024;C027;CASSINE;AL;ALESSANDRIA;R00125;PIEMONTE
2024;C030;CASSINELLE;AL;ALESSANDRIA;R00125;PIEMONTE
2024;C033;CASSINETTA DI LUGAGNANO;MI;MILANO;R00090;LOMBARDIA
2024;C034;CASSINO;FR;FROSINONE;R00072;LAZIO
2024;C037;CASSOLA;VI;VICENZA;R00205;VENETO
2024;C038;CASSOLNOVO;PV;PAVIA;R00090;LOMBARDIA
2024;C040;CASTEL CASTAGNA;TE;TERAMO;R00018;ABRUZZO
2024;C041;CASTAGNARO;VR;VERONA;R00205;VENETO
2024;C044;CASTAGNETO CARDUCCI;LI;LIVORNO;R00161;TOSCANA
2024;C045;CASTAGNETO PO;TO;TORINO;R00125;PIEMONTE
2024;C046;CASTAGNITO;CN;CUNEO;R00125;PIEMONTE
2024;C047;CASTAGNOLE MONFERRATO;AT;ASTI;R00125;PIEMONTE
2024;C048;CASTAGNOLE PIEMONTE;TO;TORINO;R00125;PIEMONTE
2024;C049;CASTAGNOLE DELLE LANZE;AT;ASTI;R00125;PIEMONTE
2024;C050;CASTANA;PV;PAVIA;R00090;LOMBARDIA
2024;C051;CASTELL'UMBERTO;ME;MESSINA;R00152;SICILIA
2024;C052;CASTANO PRIMO;MI;MILANO;R00090;LOMBARDIA
2024;C053;CASTEGGIO;PV;PAVIA;R00090;LOMBARDIA
2024;C055;CASTEGNATO;BS;BRESCIA;R00090;LOMBARDIA
2024;C056;CASTEGNERO;VI;VICENZA;R00205;VENETO
2024;C057;CASTELBALDO;PD;PADOVA;R00205;VENETO
2024;C058;CASTEL BARONIA;AV;AVELLINO;R00045;CAMPANIA
2024;C059;CASTELBELFORTE;MN;MANTOVA;R00090;LOMBARDIA
2024;C060;CASTELBELLINO;AN;ANCONA;R00107;MARCHE
2024;C062;CASTELBELLO CIARDES;BZ;BOLZANO;R00223;PROVINCIA AUTONOMA BOLZANO
2024;C063;CASTELBIANCO;SV;SAVONA;R00081;LIGURIA
2024;C064;CASTEL BOGLIONE;AT;ASTI;R00125;PIEMONTE
2024;C065;CASTEL BOLOGNESE;RA;RAVENNA;R00054;EMILIA-ROMAGNA
2024;B977;CASNATE CON BERNATE;CO;COMO;R00090;LOMBARDIA
2024;C066;CASTELBOTTACCIO;CB;CAMPOBASSO;R00116;MOLISE
2024;C067;CASTELBUONO;PA;PALERMO;R00152;SICILIA
2024;C069;CASTELCIVITA;SA;SALERNO;R00045;CAMPANIA
2024;C070;SERVIGLIANO;FM;FERMO;R00107;MARCHE
2024;C072;CASTELCOVATI;BS;BRESCIA;R00090;LOMBARDIA
2024;C073;CASTELCUCCO;TV;TREVISO;R00205;VENETO
2024;B897;CASALINO;NO;NOVARA;R00125;PIEMONTE
2024;B898;CASALMAGGIORE;CR;CREMONA;R00090;LOMBARDIA
2024;B899;CASALMAIOCCO;LO;LODI;R00090;LOMBARDIA
2024;B900;CASALMORANO;CR;CREMONA;R00090;LOMBARDIA
2024;B901;CASALMORO;MN;MANTOVA;R00090;LOMBARDIA
2024;B740;CARBONARA DI NOLA;NA;NAPOLI;R00045;CAMPANIA
2024;B741;CARBONARA AL TICINO;PV;PAVIA;R00090;LOMBARDIA
2024;B742;CARBONATE;CO;COMO;R00090;LOMBARDIA
2024;B743;CARBONE;PZ;POTENZA;R00027;BASILICATA
2024;B744;CARBONERA;TV;TREVISO;R00205;VENETO
2024;B748;CARCARE;SV;SAVONA;R00081;LIGURIA
2024;B752;CARCOFORO;VC;VERCELLI;R00125;PIEMONTE
2024;B754;CARDANO AL CAMPO;VA;VARESE;R00090;LOMBARDIA
2024;B755;CARDE';CN;CUNEO;R00125;PIEMONTE
2024;B756;CARDETO;RC;REGGIO CALABRIA;R00036;CALABRIA
2024;B758;CARDINALE;CZ;CATANZARO;R00036;CALABRIA
2024;B759;CARDITO;NA;NAPOLI;R00045;CAMPANIA
2024;B760;CAREGGINE;LU;LUCCA;R00161;TOSCANA
2024;B762;CAREMA;TO;TORINO;R00125;PIEMONTE
2024;B763;CARENNO;LC;LECCO;R00090;LOMBARDIA
2024;B765;CARENTINO;AL;ALESSANDRIA;R00125;PIEMONTE
2024;B766;CARERI;RC;REGGIO CALABRIA;R00036;CALABRIA
2024;B767;CARESANA;VC;VERCELLI;R00125;PIEMONTE
2024;B768;CARESANABLOT;VC;VERCELLI;R00125;PIEMONTE
2024;B769;CAREZZANO;AL;ALESSANDRIA;R00125;PIEMONTE
2024;B771;CARFIZZI;KR;CROTONE;R00036;CALABRIA
2024;B772;CARGEGHE;SS;SASSARI;R00143;SARDEGNA
2024;B774;CARIATI;CS;COSENZA;R00036;CALABRIA
2024;B776;CARIFE;AV;AVELLINO;R00045;CAMPANIA
2024;B777;CARIGNANO;TO;TORINO;R00125;PIEMONTE
2024;B778;CARIMATE;CO;COMO;R00090;LOMBARDIA
2024;B779;CARINARO;CE;CASERTA;R00045;CAMPANIA
2024;B780;CARINI;PA;PALERMO;R00152;SICILIA
2024;B781;CARINOLA;CE;CASERTA;R00045;CAMPANIA
2024;B782;CARISIO;VC;VERCELLI;R00125;PIEMONTE
2024;B783;CARISOLO;TN;TRENTO;R00214;PROVINCIA AUTONOMA TRENTO
2024;B784;CARLANTINO;FG;FOGGIA;R00134;PUGLIA
2024;B785;CARLAZZO;CO;COMO;R00090;LOMBARDIA
2024;B787;CARLENTINI;SR;SIRACUSA;R00152;SICILIA
2024;B788;CARLINO;UD;UDINE;R00063;FRIULI-VENEZIA GIULIA
2024;B790;CARLOPOLI;CZ;CATANZARO;R00036;CALABRIA
2024;B791;CARMAGNOLA;TO;TORINO;R00125;PIEMONTE
2024;B792;CARMIANO;LE;LECCE;R00134;PUGLIA
2024;B794;CARMIGNANO;PO;PRATO;R00161;TOSCANA
2024;B795;CARMIGNANO DI BRENTA;PD;PADOVA;R00205;VENETO
2024;B796;CARNAGO;VA;VARESE;R00090;LOMBARDIA
2024;B798;CARNATE;MB;MONZA E BRIANZA;R00090;LOMBARDIA
2024;B799;CORNEDO ALL'ISARCO;BZ;BOLZANO;R00223;PROVINCIA AUTONOMA BOLZANO
2024;B801;CAROBBIO DEGLI ANGELI;BG;BERGAMO;R00090;LOMBARDIA
2024;B802;CAROLEI;CS;COSENZA;R00036;CALABRIA
2024;B803;CARONA;BG;BERGAMO;R00090;LOMBARDIA
2024;B804;CARONIA;ME;MESSINA;R00152;SICILIA
2024;B805;CARONNO PERTUSELLA;VA;VARESE;R00090;LOMBARDIA
2024;B807;CARONNO VARESINO;VA;VARESE;R00090;LOMBARDIA
2024;B808;CAROSINO;TA;TARANTO;R00134;PUGLIA
2024;B809;CAROVIGNO;BR;BRINDISI;R00134;PUGLIA
2024;B810;CAROVILLI;IS;ISERNIA;R00116;MOLISE
2024;B812;CARPANETO PIACENTINO;PC;PIACENZA;R00054;EMILIA-ROMAGNA
2024;B813;CARPANZANO;CS;COSENZA;R00036;CALABRIA
2024;C650;CHIUPPANO;VI;VICENZA;R00205;VENETO
2024;C651;CHIURO;SO;SONDRIO;R00090;LOMBARDIA
2024;C652;CHIUSA;BZ;BOLZANO;R00223;PROVINCIA AUTONOMA BOLZANO
2024;C653;CHIUSA DI PESIO;CN;CUNEO;R00125;PIEMONTE
2024;C654;CHIUSA SCLAFANI;PA;PALERMO;R00152;SICILIA
2024;C655;CHIUSA DI SAN MICHELE;TO;TORINO;R00125;PIEMONTE
2024;C656;CHIUSAFORTE;UD;UDINE;R00063;FRIULI-VENEZIA GIULIA
2024;C657;CHIUSANICO;IM;IMPERIA;R00081;LIGURIA
2024;C658;CHIUSANO D'ASTI;AT;ASTI;R00125;PIEMONTE
2024;C659;CHIUSANO DI SAN DOMENICO;AV;AVELLINO;R00045;CAMPANIA
2024;C660;CHIUSAVECCHIA;IM;IMPERIA;R00081;LIGURIA
2024;C661;CHIUSDINO;SI;SIENA;R00161;TOSCANA
2024;C662;CHIUSI;SI;SIENA;R00161;TOSCANA
2024;C663;CHIUSI DELLA VERNA;AR;AREZZO;R00161;TOSCANA
2024;C665;CHIVASSO;TO;TORINO;R00125;PIEMONTE
2024;C668;CIANCIANA;AG;AGRIGENTO;R00152;SICILIA
2024;C669;CIANO D'ENZA;RE;REGGIO EMILIA;R00054;EMILIA-ROMAGNA
2024;C670;CROCETTA DEL MONTELLO;TV;TREVISO;R00205;VENETO
2024;C672;CIBIANA DI CADORE;BL;BELLUNO;R00205;VENETO
2024;C673;CICAGNA;GE;GENOVA;R00081;LIGURIA
2024;C674;CICALA;CZ;CATANZARO;R00036;CALABRIA
2024;C675;CICCIANO;NA;NAPOLI;R00045;CAMPANIA
2024;C676;CICERALE;SA;SALERNO;R00045;CAMPANIA
2024;C677;CICILIANO;RM;ROMA;R00072;LAZIO
2024;C678;CICOGNOLO;CR;CREMONA;R00090;LOMBARDIA
2024;C679;CICONIO;TO;TORINO;R00125;PIEMONTE
2024;C680;CIGLIANO;VC;VERCELLI;R00125;PIEMONTE
2024;C681;CIGLIE';CN;CUNEO;R00125;PIEMONTE
2024;C684;CIGOGNOLA;PV;PAVIA;R00090;LOMBARDIA
2024;C685;CIGOLE;BS;BRESCIA;R00090;LOMBARDIA
2024;C686;CILAVEGNA;PV;PAVIA;R00090;LOMBARDIA
2024;C689;CIMADOLMO;TV;TREVISO;R00205;VENETO
2024;C691;CIMBERGO;BS;BRESCIA;R00090;LOMBARDIA
2024;C695;CIMINA';RC;REGGIO CALABRIA;R00036;CALABRIA
2024;C696;CIMINNA;PA;PALERMO;R00152;SICILIA
2024;C697;CIMITILE;NA;NAPOLI;R00045;CAMPANIA
2024;C698;TAVERNOLE SUL MELLA;BS;BRESCIA;R00090;LOMBARDIA
2024;C699;CIMOLAIS;PN;PORDENONE;R00063;FRIULI-VENEZIA GIULIA
2024;C700;CIMONE;TN;TRENTO;R00214;PROVINCIA AUTONOMA TRENTO
2024;C701;CINAGLIO;AT;ASTI;R00125;PIEMONTE
2024;C702;CINETO ROMANO;RM;ROMA;R00072;LAZIO
2024;C703;CINGIA DE' BOTTI;CR;CREMONA;R00090;LOMBARDIA
2024;C704;CINGOLI;MC;MACERATA;R00107;MARCHE
2024;C705;CINIGIANO;GR;GROSSETO;R00161;TOSCANA
2024;C707;CINISELLO BALSAMO;MI;MILANO;R00090;LOMBARDIA
2024;C708;CINISI;PA;PALERMO;R00152;SICILIA
2024;C709;CINO;SO;SONDRIO;R00090;LOMBARDIA
2024;C710;CINQUEFRONDI;RC;REGGIO CALABRIA;R00036;CALABRIA
2024;C711;CINTANO;TO;TORINO;R00125;PIEMONTE
2024;C712;CINTE TESINO;TN;TRENTO;R00214;PROVINCIA AUTONOMA TRENTO
2024;C713;CINTO EUGANEO;PD;PADOVA;R00205;VENETO
2024;C714;CINTO CAOMAGGIORE;VE;VENEZIA;R00205;VENETO
2024;C715;CINZANO;TO;TORINO;R00125;PIEMONTE
2024;C716;CIORLANO;CE;CASERTA;R00045;CAMPANIA
2024;C717;SANTA MARIA DEL CEDRO;CS;COSENZA;R00036;CALABRIA
2024;C631;CHIESINA UZZANESE;PT;PISTOIA;R00161;TOSCANA
2024;C545;CERVARO;FR;FROSINONE;R00072;LAZIO
2024;C547;CERVASCA;CN;CUNEO;R00125;PIEMONTE
2024;C548;CERVATTO;VC;VERCELLI;R00125;PIEMONTE
2024;C549;CERVENO;BS;BRESCIA;R00090;LOMBARDIA
2024;C550;CERVERE;CN;CUNEO;R00125;PIEMONTE
2024;C551;CERVESINA;PV;PAVIA;R00090;LOMBARDIA
2024;C552;CERVETERI;RM;ROMA;R00072;LAZIO
2024;C553;CERVIA;RA;RAVENNA;R00054;EMILIA-ROMAGNA
2024;C554;CERVICATI;CS;COSENZA;R00036;CALABRIA
2024;C555;CERVIGNANO D'ADDA;LO;LODI;R00090;LOMBARDIA
2024;C556;CERVIGNANO DEL FRIULI;UD;UDINE;R00063;FRIULI-VENEZIA GIULIA
2024;C557;CERVINARA;AV;AVELLINO;R00045;CAMPANIA
2024;C558;CERVINO;CE;CASERTA;R00045;CAMPANIA
2024;C559;CERVO;IM;IMPERIA;R00081;LIGURIA
2024;C560;CERZETO;CS;COSENZA;R00036;CALABRIA
2024;C561;CESA;CE;CASERTA;R00045;CAMPANIA
2024;C563;CESANA BRIANZA;LC;LECCO;R00090;LOMBARDIA
2024;C564;CESANA TORINESE;TO;TORINO;R00125;PIEMONTE
2024;C565;CESANO BOSCONE;MI;MILANO;R00090;LOMBARDIA
2024;C566;CESANO MADERNO;MB;MONZA E BRIANZA;R00090;LOMBARDIA
2024;C567;CESARA;VB;VERBANO-CUSIO-OSSOLA;R00125;PIEMONTE
2024;C568;CESARO';ME;MESSINA;R00152;SICILIA
2024;C569;CESATE;MI;MILANO;R00090;LOMBARDIA
2024;C573;CESENA;FC;FORLI' - CESENA;R00054;EMILIA-ROMAGNA
2024;C574;CESENATICO;FC;FORLI' - CESENA;R00054;EMILIA-ROMAGNA
2024;C576;CESINALI;AV;AVELLINO;R00045;CAMPANIA
2024;C577;CESIOMAGGIORE;BL;BELLUNO;R00205;VENETO
2024;C578;CESIO;IM;IMPERIA;R00081;LIGURIA
2024;C580;CESSALTO;TV;TREVISO;R00205;VENETO
2024;C581;CESSANITI;VV;VIBO VALENTIA;R00036;CALABRIA
2024;C582;CESSAPALOMBO;MC;MACERATA;R00107;MARCHE
2024;C583;CESSOLE;AT;ASTI;R00125;PIEMONTE
2024;C584;CETARA;SA;SALERNO;R00045;CAMPANIA
2024;C585;CETO;BS;BRESCIA;R00090;LOMBARDIA
2024;C587;CETONA;SI;SIENA;R00161;TOSCANA
2024;C588;CETRARO;CS;COSENZA;R00036;CALABRIA
2024;C589;CEVA;CN;CUNEO;R00125;PIEMONTE
2024;C591;CEVO;BS;BRESCIA;R00090;LOMBARDIA
2024;C593;CHALLAND SAINT ANSELME;AO;AOSTA;R00198;VALLE D'AOSTA/VALLÉE D'AOSTE
2024;C594;CHALLAND SAINT VICTOR;AO;AOSTA;R00198;VALLE D'AOSTA/VALLÉE D'AOSTE
2024;C595;CHAMBAVE;AO;AOSTA;R00198;VALLE D'AOSTA/VALLÉE D'AOSTE
2024;C596;CHAMPDEPRAZ;AO;AOSTA;R00198;VALLE D'AOSTA/VALLÉE D'AOSTE
2024;C598;CHARVENSOD;AO;AOSTA;R00198;VALLE D'AOSTA/VALLÉE D'AOSTE
2024;C599;CHERASCO;CN;CUNEO;R00125;PIEMONTE
2024;C600;CHEREMULE;SS;SASSARI;R00143;SARDEGNA
2024;C604;CHIALAMBERTO;TO;TORINO;R00125;PIEMONTE
2024;C605;CHIAMPO;VI;VICENZA;R00205;VENETO
2024;C606;CHIANCHE;AV;AVELLINO;R00045;CAMPANIA
2024;C608;CHIANCIANO TERME;SI;SIENA;R00161;TOSCANA
2024;C609;CHIANNI;PI;PISA;R00161;TOSCANA
2024;C610;CHIANOCCO;TO;TORINO;R00125;PIEMONTE
2024;C612;CHIARAMONTE GULFI;RG;RAGUSA;R00152;SICILIA
2024;C613;CHIARAMONTI;SS;SASSARI;R00143;SARDEGNA
2024;C614;CHIARANO;TV;TREVISO;R00205;VENETO
2024;C615;CHIARAVALLE;AN;ANCONA;R00107;MARCHE
2024;C616;CHIARAVALLE CENTRALE;CZ;CATANZARO;R00036;CALABRIA
2024;C618;CHIARI;BS;BRESCIA;R00090;LOMBARDIA
2024;C619;CHIAROMONTE;PZ;POTENZA;R00027;BASILICATA
2024;C620;CHIAUCI;IS;ISERNIA;R00116;MOLISE
2024;C621;CHIAVARI;GE;GENOVA;R00081;LIGURIA
2024;C623;CHIAVENNA;SO;SONDRIO;R00090;LOMBARDIA
2024;C624;CHIAVERANO;TO;TORINO;R00125;PIEMONTE
2024;C625;CHIENES;BZ;BOLZANO;R00223;PROVINCIA AUTONOMA BOLZANO
2024;C627;CHIERI;TO;TORINO;R00125;PIEMONTE
2024;C628;CHIESA IN VALMALENCO;SO;SONDRIO;R00090;LOMBARDIA
2024;C629;CHIESANUOVA;TO;TORINO;R00125;PIEMONTE
2024;C630;CHIES D'ALPAGO;BL;BELLUNO;R00205;VENETO
2024;C544;CERVARESE SANTA CROCE;PD;PADOVA;R00205;VENETO
2024;C469;CENTO;FE;FERRARA;R00054;EMILIA-ROMAGNA
2024;C470;CENTOLA;SA;SALERNO;R00045;CAMPANIA
2024;C471;CENTURIPE;EN;ENNA;R00152;SICILIA
2024;C472;CENTRACHE;CZ;CATANZARO;R00036;CALABRIA
2024;C474;CEPAGATTI;PE;PESCARA;R00018;ABRUZZO
2024;C476;CEPPALONI;BN;BENEVENTO;R00045;CAMPANIA
2024;C478;CEPPO MORELLI;VB;VERBANO-CUSIO-OSSOLA;R00125;PIEMONTE
2024;C479;CEPRANO;FR;FROSINONE;R00072;LAZIO
2024;C480;CERAMI;EN;ENNA;R00152;SICILIA
2024;C481;CERANESI;GE;GENOVA;R00081;LIGURIA
2024;C482;CERANO D'INTELVI;CO;COMO;R00090;LOMBARDIA
2024;C483;CERANO;NO;NOVARA;R00125;PIEMONTE
2024;C484;CERANOVA;PV;PAVIA;R00090;LOMBARDIA
2024;C485;CERASO;SA;SALERNO;R00045;CAMPANIA
2024;C486;CERCEMAGGIORE;CB;CAMPOBASSO;R00116;MOLISE
2024;C487;CERCENASCO;TO;TORINO;R00125;PIEMONTE
2024;C488;CERCEPICCOLA;CB;CAMPOBASSO;R00116;MOLISE
2024;C489;CERCHIARA DI CALABRIA;CS;COSENZA;R00036;CALABRIA
2024;C492;CERCHIO;AQ;L'AQUILA;R00018;ABRUZZO
2024;C493;CERCINO;SO;SONDRIO;R00090;LOMBARDIA
2024;C494;CERCIVENTO;UD;UDINE;R00063;FRIULI-VENEZIA GIULIA
2024;C495;CERCOLA;NA;NAPOLI;R00045;CAMPANIA
2024;C496;CERDA;PA;PALERMO;R00152;SICILIA
2024;C497;CERES;TO;TORINO;R00125;PIEMONTE
2024;C498;CEREA;VR;VERONA;R00205;VENETO
2024;C500;CEREGNANO;RO;ROVIGO;R00205;VENETO
2024;C501;CERENZIA;KR;CROTONE;R00036;CALABRIA
2024;C502;CERESARA;MN;MANTOVA;R00090;LOMBARDIA
2024;C503;CERESETO;AL;ALESSANDRIA;R00125;PIEMONTE
2024;C504;CERESOLE ALBA;CN;CUNEO;R00125;PIEMONTE
2024;C505;CERESOLE REALE;TO;TORINO;R00125;PIEMONTE
2024;B816;CARPEGNA;PU;PESARO - URBINO;R00107;MARCHE
2024;B817;CARPENEDOLO;BS;BRESCIA;R00090;LOMBARDIA
2024;B818;CARPENETO;AL;ALESSANDRIA;R00125;PIEMONTE
2024;B731;CARAVAGGIO;BG;BERGAMO;R00090;LOMBARDIA
2024;B651;CAPESTRANO;AQ;L'AQUILA;R00018;ABRUZZO
2024;B653;CAPIAGO INTIMIANO;CO;COMO;R00090;LOMBARDIA
2024;B655;CAPISTRANO;VV;VIBO VALENTIA;R00036;CALABRIA
2024;B656;CAPISTRELLO;AQ;L'AQUILA;R00018;ABRUZZO
2024;B658;CAPITIGNANO;AQ;L'AQUILA;R00018;ABRUZZO
2024;B660;CAPIZZI;ME;MESSINA;R00152;SICILIA
2024;B661;CAPIZZONE;BG;BERGAMO;R00090;LOMBARDIA
2024;B662;PONTE NELLE ALPI;BL;BELLUNO;R00205;VENETO
2024;B663;CAPODIMONTE;VT;VITERBO;R00072;LAZIO
2024;B664;CAPO DI PONTE;BS;BRESCIA;R00090;LOMBARDIA
2024;B666;CAPO D'ORLANDO;ME;MESSINA;R00152;SICILIA
2024;B667;CAPODRISE;CE;CASERTA;R00045;CAMPANIA
2024;B669;CAPOLIVERI;LI;LIVORNO;R00161;TOSCANA
2024;B670;CAPOLONA;AR;AREZZO;R00161;TOSCANA
2024;B671;CAPONAGO;MB;MONZA E BRIANZA;R00090;LOMBARDIA
2024;B672;CAPORCIANO;AQ;L'AQUILA;R00018;ABRUZZO
2024;B674;CAPOSELE;AV;AVELLINO;R00045;CAMPANIA
2024;B675;CAPOTERRA;CA;CAGLIARI;R00143;SARDEGNA
2024;B676;CAPOVALLE;BS;BRESCIA;R00090;LOMBARDIA
2024;B677;CAPPADOCIA;AQ;L'AQUILA;R00018;ABRUZZO
2024;B678;CAPPELLA MAGGIORE;TV;TREVISO;R00205;VENETO
2024;B679;CAPPELLA CANTONE;CR;CREMONA;R00090;LOMBARDIA
2024;B680;CAPPELLA DE' PICENARDI;CR;CREMONA;R00090;LOMBARDIA
2024;B681;CAPPELLE SUL TAVO;PE;PESCARA;R00018;ABRUZZO
2024;B682;CAPRACOTTA;IS;ISERNIA;R00116;MOLISE
2024;B684;CAPRAIA E LIMITE;FI;FIRENZE;R00161;TOSCANA
2024;B685;CAPRAIA ISOLA;LI;LIVORNO;R00161;TOSCANA
2024;B686;CAPRALBA;CR;CREMONA;R00090;LOMBARDIA
2024;B687;CAPRANICA PRENESTINA;RM;ROMA;R00072;LAZIO
2024;B688;CAPRANICA;VT;VITERBO;R00072;LAZIO
2024;B689;MARZABOTTO;BO;BOLOGNA;R00054;EMILIA-ROMAGNA
2024;B690;CAPRARICA DI LECCE;LE;LECCE;R00134;PUGLIA
2024;C384;CAVASO DEL TOMBA;TV;TREVISO;R00205;VENETO
2024;C385;CAVASSO NUOVO;PN;PORDENONE;R00063;FRIULI-VENEZIA GIULIA
2024;C387;CAVATORE;AL;ALESSANDRIA;R00125;PIEMONTE
2024;C388;JESOLO;VE;VENEZIA;R00205;VENETO
2024;C389;CAVAZZO CARNICO;UD;UDINE;R00063;FRIULI-VENEZIA GIULIA
2024;C390;CAVE;RM;ROMA;R00072;LAZIO
2024;C392;CAVEDAGO;TN;TRENTO;R00214;PROVINCIA AUTONOMA TRENTO
2024;C393;CAVEDINE;TN;TRENTO;R00214;PROVINCIA AUTONOMA TRENTO
2024;C394;CAVENAGO D'ADDA;LO;LODI;R00090;LOMBARDIA
2024;C395;CAVENAGO DI BRIANZA;MB;MONZA E BRIANZA;R00090;LOMBARDIA
2024;C396;CAVERNAGO;BG;BERGAMO;R00090;LOMBARDIA
2024;C398;CAVEZZO;MO;MODENA;R00054;EMILIA-ROMAGNA
2024;C400;CAVIZZANA;TN;TRENTO;R00214;PROVINCIA AUTONOMA TRENTO
2024;C404;CAVOUR;TO;TORINO;R00125;PIEMONTE
2024;C405;CAVRIAGO;RE;REGGIO EMILIA;R00054;EMILIA-ROMAGNA
2024;C406;CAVRIANA;MN;MANTOVA;R00090;LOMBARDIA
2024;C407;CAVRIGLIA;AR;AREZZO;R00161;TOSCANA
2024;C408;CAZZAGO SAN MARTINO;BS;BRESCIA;R00090;LOMBARDIA
2024;C409;CAZZAGO BRABBIA;VA;VARESE;R00090;LOMBARDIA
2024;C410;CAZZANO SANT'ANDREA;BG;BERGAMO;R00090;LOMBARDIA
2024;C412;CAZZANO DI TRAMIGNA;VR;VERONA;R00205;VENETO
2024;C413;CECCANO;FR;FROSINONE;R00072;LAZIO
2024;C414;CECIMA;PV;PAVIA;R00090;LOMBARDIA
2024;C415;CECINA;LI;LIVORNO;R00161;TOSCANA
2024;C417;CEDEGOLO;BS;BRESCIA;R00090;LOMBARDIA
2024;C418;CEDRASCO;SO;SONDRIO;R00090;LOMBARDIA
2024;C420;CEFALA' DIANA;PA;PALERMO;R00152;SICILIA
2024;C421;CEFALU';PA;PALERMO;R00152;SICILIA
2024;C422;CEGGIA;VE;VENEZIA;R00205;VENETO
2024;C424;CEGLIE MESSAPICO;BR;BRINDISI;R00134;PUGLIA
2024;C426;CELANO;AQ;L'AQUILA;R00018;ABRUZZO
2024;C428;CELENZA SUL TRIGNO;CH;CHIETI;R00018;ABRUZZO
2024;C429;CELENZA VALFORTORE;FG;FOGGIA;R00134;PUGLIA
2024;C430;CELICO;CS;COSENZA;R00036;CALABRIA
2024;C432;CELLA MONTE;AL;ALESSANDRIA;R00125;PIEMONTE
2024;C435;CELLA DATI;CR;CREMONA;R00090;LOMBARDIA
2024;C436;CELLAMARE;BA;BARI;R00134;PUGLIA
2024;C437;CELLARA;CS;COSENZA;R00036;CALABRIA
2024;C438;CELLARENGO;AT;ASTI;R00125;PIEMONTE
2024;C439;CELLATICA;BS;BRESCIA;R00090;LOMBARDIA
2024;C440;CELLE ENOMONDO;AT;ASTI;R00125;PIEMONTE
2024;C441;CELLE DI MACRA;CN;CUNEO;R00125;PIEMONTE
2024;C442;CELLE SAN VITO;FG;FOGGIA;R00134;PUGLIA
2024;C443;CELLE LIGURE;SV;SAVONA;R00081;LIGURIA
2024;C444;CELLE DI BULGHERIA;SA;SALERNO;R00045;CAMPANIA
2024;C446;CELLENO;VT;VITERBO;R00072;LAZIO
2024;C447;CELLERE;VT;VITERBO;R00072;LAZIO
2024;C448;CELLINO SAN MARCO;BR;BRINDISI;R00134;PUGLIA
2024;C449;CELLINO ATTANASIO;TE;TERAMO;R00018;ABRUZZO
2024;C453;CENADI;CZ;CATANZARO;R00036;CALABRIA
2024;C456;CENATE SOPRA;BG;BERGAMO;R00090;LOMBARDIA
2024;C457;CENATE SOTTO;BG;BERGAMO;R00090;LOMBARDIA
2024;C458;CENCENIGHE AGORDINO;BL;BELLUNO;R00205;VENETO
2024;C459;CENE;BG;BERGAMO;R00090;LOMBARDIA
2024;C461;CENESELLI;RO;ROVIGO;R00205;VENETO
2024;C463;CENGIO;SV;SAVONA;R00081;LIGURIA
2024;C466;CENTALLO;CN;CUNEO;R00125;PIEMONTE
2024;C301;CASTIGLIONE COSENTINO;CS;COSENZA;R00036;CALABRIA
2024;C302;CASTIGLIONE CHIAVARESE;GE;GENOVA;R00081;LIGURIA
2024;C303;CASTIGLIONE DI GARFAGNANA;LU;LUCCA;R00161;TOSCANA
2024;C304;CASTIGLIONE D'ADDA;LO;LODI;R00090;LOMBARDIA
2024;C306;CASTIGLIONE DEL GENOVESI;SA;SALERNO;R00045;CAMPANIA
2024;C307;CASTIGLIONE TORINESE;TO;TORINO;R00125;PIEMONTE
2024;C308;CASTIGLIONE A CASAURIA;PE;PESCARA;R00018;ABRUZZO
2024;C309;CASTIGLIONE DEL LAGO;PG;PERUGIA;R00189;UMBRIA
2024;C310;CASTIGLIONE DELLA PESCAIA;GR;GROSSETO;R00161;TOSCANA
2024;C311;COLLEDARA;TE;TERAMO;R00018;ABRUZZO
2024;C312;CASTIGLIONE DELLE STIVIERE;MN;MANTOVA;R00090;LOMBARDIA
2024;C313;CASTIGLIONE D'ORCIA;SI;SIENA;R00161;TOSCANA
2024;C314;CASTIGLIONE FALLETTO;CN;CUNEO;R00125;PIEMONTE
2024;C315;CASTIGLIONE IN TEVERINA;VT;VITERBO;R00072;LAZIO
2024;C316;CASTIGLIONE MESSER RAIMONDO;TE;TERAMO;R00018;ABRUZZO
2024;C317;CASTIGLIONE TINELLA;CN;CUNEO;R00125;PIEMONTE
2024;C318;CASTIGLION FIBOCCHI;AR;AREZZO;R00161;TOSCANA
2024;C319;CASTIGLION FIORENTINO;AR;AREZZO;R00161;TOSCANA
2024;C321;CASTIGNANO;AP;ASCOLI PICENO;R00107;MARCHE
2024;C322;CASTILENTI;TE;TERAMO;R00018;ABRUZZO
2024;C323;CASTINO;CN;CUNEO;R00125;PIEMONTE
2024;C324;CASTIONE DELLA PRESOLANA;BG;BERGAMO;R00090;LOMBARDIA
2024;C325;CASTIONE ANDEVENNO;SO;SONDRIO;R00090;LOMBARDIA
2024;C327;CASTIONS DI STRADA;UD;UDINE;R00063;FRIULI-VENEZIA GIULIA
2024;C329;CASTIRAGA VIDARDO;LO;LODI;R00090;LOMBARDIA
2024;C330;CASTO;BS;BRESCIA;R00090;LOMBARDIA
2024;C331;CASTORANO;AP;ASCOLI PICENO;R00107;MARCHE
2024;C332;CASTREZZATO;BS;BRESCIA;R00090;LOMBARDIA
2024;C334;CASTRI DI LECCE;LE;LECCE;R00134;PUGLIA
2024;C335;CASTRIGNANO DE' GRECI;LE;LECCE;R00134;PUGLIA
2024;C336;CASTRIGNANO DEL CAPO;LE;LECCE;R00134;PUGLIA
2024;C337;CASTRO BG;BG;BERGAMO;R00090;LOMBARDIA
2024;C338;CASTRO DEI VOLSCI;FR;FROSINONE;R00072;LAZIO
2024;C339;CASTROCARO TERME E TERRA DEL SOLE;FC;FORLI' - CESENA;R00054;EMILIA-ROMAGNA
2024;C340;CASTROCIELO;FR;FROSINONE;R00072;LAZIO
2024;C341;CASTROFILIPPO;AG;AGRIGENTO;R00152;SICILIA
2024;C342;ENNA;EN;ENNA;R00152;SICILIA
2024;C343;CASTRONNO;VA;VARESE;R00090;LOMBARDIA
2024;C344;CASTRONUOVO DI SICILIA;PA;PALERMO;R00152;SICILIA
2024;C345;CASTRONUOVO SANT'ANDREA;PZ;POTENZA;R00027;BASILICATA
2024;C346;CASTROPIGNANO;CB;CAMPOBASSO;R00116;MOLISE
2024;C347;CASTROREALE;ME;MESSINA;R00152;SICILIA
2024;C348;CASTROREGIO;CS;COSENZA;R00036;CALABRIA
2024;C349;CASTROVILLARI;CS;COSENZA;R00036;CALABRIA
2024;C351;CATANIA;CT;CATANIA;R00152;SICILIA
2024;C352;CATANZARO;CZ;CATANZARO;R00036;CALABRIA
2024;C353;CATENANUOVA;EN;ENNA;R00152;SICILIA
2024;C354;CATIGNANO;PE;PESCARA;R00018;ABRUZZO
2024;C356;CATTOLICA ERACLEA;AG;AGRIGENTO;R00152;SICILIA
2024;C357;CATTOLICA;RN;RIMINI;R00054;EMILIA-ROMAGNA
2024;C359;CAUTANO;BN;BENEVENTO;R00045;CAMPANIA
2024;C360;CAVA MANARA;PV;PAVIA;R00090;LOMBARDIA
2024;C361;CAVA DE' TIRRENI;SA;SALERNO;R00045;CAMPANIA
2024;C363;CAVAGLIA';BI;BIELLA;R00125;PIEMONTE
2024;C364;CAVAGLIETTO;NO;NOVARA;R00125;PIEMONTE
2024;C365;CAVAGLIO D'AGOGNA;NO;NOVARA;R00125;PIEMONTE
2024;F011;MASERA' DI PADOVA;PD;PADOVA;R00205;VENETO
2024;F012;MASERADA SUL PIAVE;TV;TREVISO;R00205;VENETO
2024;F013;MASI;PD;PADOVA;R00205;VENETO
2024;F015;MASIO;AL;ALESSANDRIA;R00125;PIEMONTE
2024;F016;MASI TORELLO;FE;FERRARA;R00054;EMILIA-ROMAGNA
2024;F017;MASLIANICO;CO;COMO;R00090;LOMBARDIA
2024;F020;MASONE;GE;GENOVA;R00081;LIGURIA
2024;F021;MASSA FERMANA;FM;FERMO;R00107;MARCHE
2024;F022;MASSA D'ALBE;AQ;L'AQUILA;R00018;ABRUZZO
2024;F023;MASSA;MS;MASSA CARRARA;R00161;TOSCANA
2024;F024;MASSA MARTANA;PG;PERUGIA;R00189;UMBRIA
2024;F025;MASSA E COZZILE;PT;PISTOIA;R00161;TOSCANA
2024;F027;MASSAFRA;TA;TARANTO;R00134;PUGLIA
2024;F028;MASSALENGO;LO;LODI;R00090;LOMBARDIA
2024;F029;MASSA LOMBARDA;RA;RAVENNA;R00054;EMILIA-ROMAGNA
2024;F030;MASSA LUBRENSE;NA;NAPOLI;R00045;CAMPANIA
2024;F032;MASSA MARITTIMA;GR;GROSSETO;R00161;TOSCANA
2024;F033;MASSANZAGO;PD;PADOVA;R00205;VENETO
2024;F035;MASSAROSA;LU;LUCCA;R00161;TOSCANA
2024;F037;MASSAZZA;BI;BIELLA;R00125;PIEMONTE
2024;F041;MASSELLO;TO;TORINO;R00125;PIEMONTE
2024;F042;MASSERANO;BI;BIELLA;R00125;PIEMONTE
2024;F044;MASSIGNANO;AP;ASCOLI PICENO;R00107;MARCHE
2024;F045;MASSIMENO;TN;TRENTO;R00214;PROVINCIA AUTONOMA TRENTO
2024;F046;MASSIMINO;SV;SAVONA;R00081;LIGURIA
2024;F047;MASSINO VISCONTI;NO;NOVARA;R00125;PIEMONTE
2024;F048;MASSIOLA;VB;VERBANO-CUSIO-OSSOLA;R00125;PIEMONTE
2024;F050;MASULLAS;OR;ORISTANO;R00143;SARDEGNA
2024;F051;MATELICA;MC;MACERATA;R00107;MARCHE
2024;F052;MATERA;MT;MATERA;R00027;BASILICATA
2024;F053;MATHI;TO;TORINO;R00125;PIEMONTE
2024;F054;MATINO;LE;LECCE;R00134;PUGLIA
2024;F055;MATRICE;CB;CAMPOBASSO;R00116;MOLISE
2024;F058;MATTIE;TO;TORINO;R00125;PIEMONTE
2024;F059;MATTINATA;FG;FOGGIA;R00134;PUGLIA
2024;F061;MAZARA DEL VALLO;TP;TRAPANI;R00152;SICILIA
2024;F063;MAZZANO;BS;BRESCIA;R00090;LOMBARDIA
2024;F064;MAZZANO ROMANO;RM;ROMA;R00072;LAZIO
2024;F065;MAZZARINO;CL;CALTANISSETTA;R00152;SICILIA
2024;F066;MAZZARRA' SANT'ANDREA;ME;MESSINA;R00152;SICILIA
2024;F067;MAZZE';TO;TORINO;R00125;PIEMONTE
2024;F068;MAZZIN;TN;TRENTO;R00214;PROVINCIA AUTONOMA TRENTO
2024;F070;MAZZO DI VALTELLINA;SO;SONDRIO;R00090;LOMBARDIA
2024;F073;MEANA SARDO;NU;NUORO;R00143;SARDEGNA
2024;F074;MEANA DI SUSA;TO;TORINO;R00125;PIEMONTE
2024;F078;MEDA;MB;MONZA E BRIANZA;R00090;LOMBARDIA
2024;F080;MEDE;PV;PAVIA;R00090;LOMBARDIA
2024;F081;MEDEA;GO;GORIZIA;R00063;FRIULI-VENEZIA GIULIA
2024;F082;MEDESANO;PR;PARMA;R00054;EMILIA-ROMAGNA
2024;F083;MEDICINA;BO;BOLOGNA;R00054;EMILIA-ROMAGNA
2024;F084;MEDIGLIA;MI;MILANO;R00090;LOMBARDIA
2024;F085;MEDOLAGO;BG;BERGAMO;R00090;LOMBARDIA
2024;F086;MEDOLE;MN;MANTOVA;R00090;LOMBARDIA
2024;F087;MEDOLLA;MO;MODENA;R00054;EMILIA-ROMAGNA
2024;F088;MEDUNA DI LIVENZA;TV;TREVISO;R00205;VENETO
2024;F089;MEDUNO;PN;PORDENONE;R00063;FRIULI-VENEZIA GIULIA
2024;F092;MEGLIADINO SAN VITALE;PD;PADOVA;R00205;VENETO
2024;F093;MEINA;NO;NOVARA;R00125;PIEMONTE
2024;F095;MELARA;RO;ROVIGO;R00205;VENETO
2024;F096;MELAZZO;AL;ALESSANDRIA;R00125;PIEMONTE
2024;F097;MELDOLA;FC;FORLI' - CESENA;R00054;EMILIA-ROMAGNA
2024;F098;MELE;GE;GENOVA;R00081;LIGURIA
2024;F100;MELEGNANO;MI;MILANO;R00090;LOMBARDIA
2024;F010;MASERA;VB;VERBANO-CUSIO-OSSOLA;R00125;PIEMONTE
2024;F101;MELENDUGNO;LE;LECCE;R00134;PUGLIA
2024;E929;MARCHIROLO;VA;VARESE;R00090;LOMBARDIA
2024;E930;MARCIANA;LI;LIVORNO;R00161;TOSCANA
2024;E931;MARCIANA MARINA;LI;LIVORNO;R00161;TOSCANA
2024;E932;MARCIANISE;CE;CASERTA;R00045;CAMPANIA
2024;E933;MARCIANO DELLA CHIANA;AR;AREZZO;R00161;TOSCANA
2024;E934;MARCIGNAGO;PV;PAVIA;R00090;LOMBARDIA
2024;E936;MARCON;VE;VENEZIA;R00205;VENETO
2024;E938;MAREBBE;BZ;BOLZANO;R00223;PROVINCIA AUTONOMA BOLZANO
2024;E939;MARENE;CN;CUNEO;R00125;PIEMONTE
2024;E940;MARENO DI PIAVE;TV;TREVISO;R00205;VENETO
2024;E941;MARENTINO;TO;TORINO;R00125;PIEMONTE
2024;E944;MARETTO;AT;ASTI;R00125;PIEMONTE
2024;E945;MARGARITA;CN;CUNEO;R00125;PIEMONTE
2024;E947;MARGNO;LC;LECCO;R00090;LOMBARDIA
2024;E949;MARIANA MANTOVANA;MN;MANTOVA;R00090;LOMBARDIA
2024;E951;MARIANO COMENSE;CO;COMO;R00090;LOMBARDIA
2024;E952;MARIANO DEL FRIULI;GO;GORIZIA;R00063;FRIULI-VENEZIA GIULIA
2024;E953;MARIANOPOLI;CL;CALTANISSETTA;R00152;SICILIA
2024;E954;MARIGLIANELLA;NA;NAPOLI;R00045;CAMPANIA
2024;E955;MARIGLIANO;NA;NAPOLI;R00045;CAMPANIA
2024;E956;MARINA DI GIOIOSA IONICA;RC;REGGIO CALABRIA;R00036;CALABRIA
2024;E957;MARINEO;PA;PALERMO;R00152;SICILIA
2024;E958;MARINO;RM;ROMA;R00072;LAZIO
2024;E959;MARLENGO;BZ;BOLZANO;R00223;PROVINCIA AUTONOMA BOLZANO
2024;E960;MARLIANA;PT;PISTOIA;R00161;TOSCANA
2024;E961;MARMENTINO;BS;BRESCIA;R00090;LOMBARDIA
2024;E962;MARMIROLO;MN;MANTOVA;R00090;LOMBARDIA
2024;E963;MARMORA;CN;CUNEO;R00125;PIEMONTE
2024;E965;MARNATE;VA;VARESE;R00090;LOMBARDIA
2024;E967;MARONE;BS;BRESCIA;R00090;LOMBARDIA
2024;E968;MAROPATI;RC;REGGIO CALABRIA;R00036;CALABRIA
2024;E970;MAROSTICA;VI;VICENZA;R00205;VENETO
2024;E971;MARRADI;FI;FIRENZE;R00161;TOSCANA
2024;E972;MARRUBIU;OR;ORISTANO;R00143;SARDEGNA
2024;E973;MARSAGLIA;CN;CUNEO;R00125;PIEMONTE
2024;E974;MARSALA;TP;TRAPANI;R00152;SICILIA
2024;E975;MARSCIANO;PG;PERUGIA;R00189;UMBRIA
2024;E976;MARSICO NUOVO;PZ;POTENZA;R00027;BASILICATA
2024;E977;MARSICO VETERE;PZ;POTENZA;R00027;BASILICATA
2024;E978;MARTA;VT;VITERBO;R00072;LAZIO
2024;E979;MARTANO;LE;LECCE;R00134;PUGLIA
2024;E980;MARTELLAGO;VE;VENEZIA;R00205;VENETO
2024;E981;MARTELLO;BZ;BOLZANO;R00223;PROVINCIA AUTONOMA BOLZANO
2024;E982;MARTIGNACCO;UD;UDINE;R00063;FRIULI-VENEZIA GIULIA
2024;E983;MARTIGNANA DI PO;CR;CREMONA;R00090;LOMBARDIA
2024;E273;HONE;AO;AOSTA;R00198;VALLE D'AOSTA/VALLÉE D'AOSTE
2024;E274;IACURSO;CZ;CATANZARO;R00036;CALABRIA
2024;E280;IDRO;BS;BRESCIA;R00090;LOMBARDIA
2024;E282;IGLIANO;CN;CUNEO;R00125;PIEMONTE
2024;E284;ILLASI;VR;VERONA;R00205;VENETO
2024;E285;ILLORAI;SS;SASSARI;R00143;SARDEGNA
2024;E287;IMBERSAGO;LC;LECCO;R00090;LOMBARDIA
2024;E288;IMER;TN;TRENTO;R00214;PROVINCIA AUTONOMA TRENTO
2024;E289;IMOLA;BO;BOLOGNA;R00054;EMILIA-ROMAGNA
2024;E290;IMPERIA;IM;IMPERIA;R00081;LIGURIA
2024;E291;IMPRUNETA;FI;FIRENZE;R00161;TOSCANA
2024;E292;INARZO;VA;VARESE;R00090;LOMBARDIA
2024;E295;INCISA SCAPACCINO;AT;ASTI;R00125;PIEMONTE
2024;E209;GROTTE;AG;AGRIGENTO;R00152;SICILIA
2024;E126;GRADOLI;VT;VITERBO;R00072;LAZIO
2024;E127;GRAFFIGNANA;LO;LODI;R00090;LOMBARDIA
2024;E128;GRAFFIGNANO;VT;VITERBO;R00072;LAZIO
2024;E130;GRAGLIA;BI;BIELLA;R00125;PIEMONTE
2024;E131;GRAGNANO;NA;NAPOLI;R00045;CAMPANIA
2024;E132;GRAGNANO TREBBIENSE;PC;PIACENZA;R00054;EMILIA-ROMAGNA
2024;E133;GRAMMICHELE;CT;CATANIA;R00152;SICILIA
2024;E134;GRANA;AT;ASTI;R00125;PIEMONTE
2024;E136;GRANAROLO DELL'EMILIA;BO;BOLOGNA;R00054;EMILIA-ROMAGNA
2024;E139;GRANDATE;CO;COMO;R00090;LOMBARDIA
2024;E141;GRANDOLA ED UNITI;CO;COMO;R00090;LOMBARDIA
2024;E142;GRANITI;ME;MESSINA;R00152;SICILIA
2024;E143;GRANOZZO CON MONTICELLO;NO;NOVARA;R00125;PIEMONTE
2024;E144;GRANTOLA;VA;VARESE;R00090;LOMBARDIA
2024;E145;GRANTORTO;PD;PADOVA;R00205;VENETO
2024;E146;GRANZE;PD;PADOVA;R00205;VENETO
2024;E147;GRASSANO;MT;MATERA;R00027;BASILICATA
2024;E148;GRASSOBBIO;BG;BERGAMO;R00090;LOMBARDIA
2024;E149;GRATTERI;PA;PALERMO;R00152;SICILIA
2024;E152;GRAVELLONA;PV;PAVIA;R00090;LOMBARDIA
2024;E153;GRAVELLONA TOCE;VB;VERBANO-CUSIO-OSSOLA;R00125;PIEMONTE
2024;E154;GRAVERE;TO;TORINO;R00125;PIEMONTE
2024;E155;GRAVINA IN PUGLIA;BA;BARI;R00134;PUGLIA
2024;E156;GRAVINA DI CATANIA;CT;CATANIA;R00152;SICILIA
2024;E158;GRAZZANISE;CE;CASERTA;R00045;CAMPANIA
2024;E159;GRAZZANO BADOGLIO;AT;ASTI;R00125;PIEMONTE
2024;E160;GRECCIO;RI;RIETI;R00072;LAZIO
2024;E161;GRECI;AV;AVELLINO;R00045;CAMPANIA
2024;E163;GREGGIO;VC;VERCELLI;R00125;PIEMONTE
2024;E164;GREMIASCO;AL;ALESSANDRIA;R00125;PIEMONTE
2024;E165;GRESSAN;AO;AOSTA;R00198;VALLE D'AOSTA/VALLÉE D'AOSTE
2024;E167;GRESSONEY LA TRINITE';AO;AOSTA;R00198;VALLE D'AOSTA/VALLÉE D'AOSTE
2024;E168;GRESSONEY SAINT JEAN;AO;AOSTA;R00198;VALLE D'AOSTA/VALLÉE D'AOSTE
2024;E169;GREVE;FI;FIRENZE;R00161;TOSCANA
2024;E170;GREZZAGO;MI;MILANO;R00090;LOMBARDIA
2024;E171;GREZZANA;VR;VERONA;R00205;VENETO
2024;E172;GRIANTE;CO;COMO;R00090;LOMBARDIA
2024;E173;GRICIGNANO DI AVERSA;CE;CASERTA;R00045;CAMPANIA
2024;E177;GRIGNASCO;NO;NOVARA;R00125;PIEMONTE
2024;E178;GRIGNO;TN;TRENTO;R00214;PROVINCIA AUTONOMA TRENTO
2024;E179;GRIMACCO;UD;UDINE;R00063;FRIULI-VENEZIA GIULIA
2024;E180;GRIMALDI;CS;COSENZA;R00036;CALABRIA
2024;E182;GRINZANE CAVOUR;CN;CUNEO;R00125;PIEMONTE
2024;E184;GRISIGNANO DI ZOCCO;VI;VICENZA;R00205;VENETO
2024;E185;GRISOLIA;CS;COSENZA;R00036;CALABRIA
2024;E187;GRIZZANA;BO;BOLOGNA;R00054;EMILIA-ROMAGNA
2024;E188;GROGNARDO;AL;ALESSANDRIA;R00125;PIEMONTE
2024;E189;GROMO;BG;BERGAMO;R00090;LOMBARDIA
2024;E191;GRONDONA;AL;ALESSANDRIA;R00125;PIEMONTE
2024;E192;GRONE;BG;BERGAMO;R00090;LOMBARDIA
2024;E193;GRONTARDO;CR;CREMONA;R00090;LOMBARDIA
2024;E195;GROPELLO CAIROLI;PV;PAVIA;R00090;LOMBARDIA
2024;E196;GROPPARELLO;PC;PIACENZA;R00054;EMILIA-ROMAGNA
2024;E199;GROSCAVALLO;TO;TORINO;R00125;PIEMONTE
2024;E200;GROSIO;SO;SONDRIO;R00090;LOMBARDIA
2024;E201;GROSOTTO;SO;SONDRIO;R00090;LOMBARDIA
2024;E202;GROSSETO;GR;GROSSETO;R00161;TOSCANA
2024;E203;GROSSO;TO;TORINO;R00125;PIEMONTE
2024;E204;GROTTAFERRATA;RM;ROMA;R00072;LAZIO
2024;E205;GROTTAGLIE;TA;TARANTO;R00134;PUGLIA
2024;E206;GROTTAMINARDA;AV;AVELLINO;R00045;CAMPANIA
2024;E207;GROTTAMMARE;AP;ASCOLI PICENO;R00107;MARCHE
2024;E208;GROTTAZZOLINA;FM;FERMO;R00107;MARCHE
2024;E125;GRADO;GO;GORIZIA;R00063;FRIULI-VENEZIA GIULIA
2024;E039;GIOIA SANNITICA;CE;CASERTA;R00045;CAMPANIA
2024;E040;GIOIA DEI MARSI;AQ;L'AQUILA;R00018;ABRUZZO
2024;E041;GIOIA TAURO;RC;REGGIO CALABRIA;R00036;CALABRIA
2024;E043;GIOIOSA MAREA;ME;MESSINA;R00152;SICILIA
2024;E044;GIOIOSA IONICA;RC;REGGIO CALABRIA;R00036;CALABRIA
2024;E045;GIOVE;TR;TERNI;R00189;UMBRIA
2024;E047;GIOVINAZZO;BA;BARI;R00134;PUGLIA
2024;E048;GIOVO;TN;TRENTO;R00214;PROVINCIA AUTONOMA TRENTO
2024;E050;GIRIFALCO;CZ;CATANZARO;R00036;CALABRIA
2024;E052;GISSI;CH;CHIETI;R00018;ABRUZZO
2024;E053;GIUGGIANELLO;LE;LECCE;R00134;PUGLIA
2024;E054;GIUGLIANO IN CAMPANIA;NA;NAPOLI;R00045;CAMPANIA
2024;E055;GIULIANA;PA;PALERMO;R00152;SICILIA
2024;E056;GIULIANO TEATINO;CH;CHIETI;R00018;ABRUZZO
2024;E057;GIULIANO DI ROMA;FR;FROSINONE;R00072;LAZIO
2024;E058;GIULIANOVA;TE;TERAMO;R00018;ABRUZZO
2024;E060;GIUNGANO;SA;SALERNO;R00045;CAMPANIA
2024;E061;GIURDIGNANO;LE;LECCE;R00134;PUGLIA
2024;E062;GIUSSAGO;PV;PAVIA;R00090;LOMBARDIA
2024;E063;GIUSSANO;MB;MONZA E BRIANZA;R00090;LOMBARDIA
2024;E064;GIUSTENICE;SV;SAVONA;R00081;LIGURIA
2024;E065;GIUSTINO;TN;TRENTO;R00214;PROVINCIA AUTONOMA TRENTO
2024;E066;GIUSVALLA;SV;SAVONA;R00081;LIGURIA
2024;E067;GIVOLETTO;TO;TORINO;R00125;PIEMONTE
2024;E068;GIZZERIA;CZ;CATANZARO;R00036;CALABRIA
2024;E069;GLORENZA;BZ;BOLZANO;R00223;PROVINCIA AUTONOMA BOLZANO
2024;E070;SESTA GODANO;SP;LA SPEZIA;R00081;LIGURIA
2024;E071;GODEGA DI SANT'URBANO;TV;TREVISO;R00205;VENETO
2024;E072;GODIASCO;PV;PAVIA;R00090;LOMBARDIA
2024;E074;GODRANO;PA;PALERMO;R00152;SICILIA
2024;E078;GOITO;MN;MANTOVA;R00090;LOMBARDIA
2024;E079;GOLASECCA;VA;VARESE;R00090;LOMBARDIA
2024;E081;GOLFERENZO;PV;PAVIA;R00090;LOMBARDIA
2024;E082;GOMBITO;CR;CREMONA;R00090;LOMBARDIA
2024;E083;GONARS;UD;UDINE;R00063;FRIULI-VENEZIA GIULIA
2024;E087;GONNOSCODINA;OR;ORISTANO;R00143;SARDEGNA
2024;E088;GONNOSTRAMATZA;OR;ORISTANO;R00143;SARDEGNA
2024;E089;GONZAGA;MN;MANTOVA;R00090;LOMBARDIA
2024;E090;GORDONA;SO;SONDRIO;R00090;LOMBARDIA
2024;E091;GORGA;RM;ROMA;R00072;LAZIO
2024;E092;GORGO AL MONTICANO;TV;TREVISO;R00205;VENETO
2024;E093;GORGOGLIONE;MT;MATERA;R00027;BASILICATA
2024;E094;GORGONZOLA;MI;MILANO;R00090;LOMBARDIA
2024;E096;GORIANO SICOLI;AQ;L'AQUILA;R00018;ABRUZZO
2024;E098;GORIZIA;GO;GORIZIA;R00063;FRIULI-VENEZIA GIULIA
2024;E100;GORLAGO;BG;BERGAMO;R00090;LOMBARDIA
2024;E101;GORLA MAGGIORE;VA;VARESE;R00090;LOMBARDIA
2024;E102;GORLA MINORE;VA;VARESE;R00090;LOMBARDIA
2024;E103;GORLE;BG;BERGAMO;R00090;LOMBARDIA
2024;E104;GORNATE-OLONA;VA;VARESE;R00090;LOMBARDIA
2024;E106;GORNO;BG;BERGAMO;R00090;LOMBARDIA
2024;E107;GORO;FE;FERRARA;R00054;EMILIA-ROMAGNA
2024;E109;GORRETO;GE;GENOVA;R00081;LIGURIA
2024;E111;GORZEGNO;CN;CUNEO;R00125;PIEMONTE
2024;E113;GOSALDO;BL;BELLUNO;R00205;VENETO
2024;E114;GOSSOLENGO;PC;PIACENZA;R00054;EMILIA-ROMAGNA
2024;E115;GOTTASECCA;CN;CUNEO;R00125;PIEMONTE
2024;E116;GOTTOLENGO;BS;BRESCIA;R00090;LOMBARDIA
2024;E118;GOVONE;CN;CUNEO;R00125;PIEMONTE
2024;E120;GOZZANO;NO;NOVARA;R00125;PIEMONTE
2024;E122;GRADARA;PU;PESARO - URBINO;R00107;MARCHE
2024;E124;GRADISCA D'ISONZO;GO;GORIZIA;R00063;FRIULI-VENEZIA GIULIA
2024;E038;GIOIA DEL COLLE;BA;BARI;R00134;PUGLIA
2024;D959;GAZZUOLO;MN;MANTOVA;R00090;LOMBARDIA
2024;D960;GELA;CL;CALTANISSETTA;R00152;SICILIA
2024;D961;GEMMANO;RN;RIMINI;R00054;EMILIA-ROMAGNA
2024;D962;GEMONA DEL FRIULI;UD;UDINE;R00063;FRIULI-VENEZIA GIULIA
2024;D963;GEMONIO;VA;VARESE;R00090;LOMBARDIA
2024;D964;GENAZZANO;RM;ROMA;R00072;LAZIO
2024;D965;GENGA;AN;ANCONA;R00107;MARCHE
2024;D966;GENIVOLTA;CR;CREMONA;R00090;LOMBARDIA
2024;D967;GENOLA;CN;CUNEO;R00125;PIEMONTE
2024;D969;GENOVA;GE;GENOVA;R00081;LIGURIA
2024;D971;GENZANO DI LUCANIA;PZ;POTENZA;R00027;BASILICATA
2024;D972;GENZANO DI ROMA;RM;ROMA;R00072;LAZIO
2024;D974;GERA LARIO;CO;COMO;R00090;LOMBARDIA
2024;D975;GERACE;RC;REGGIO CALABRIA;R00036;CALABRIA
2024;D976;LOCRI;RC;REGGIO CALABRIA;R00036;CALABRIA
2024;D977;GERACI SICULO;PA;PALERMO;R00152;SICILIA
2024;D978;GERANO;RM;ROMA;R00072;LAZIO
2024;D980;GERENZAGO;PV;PAVIA;R00090;LOMBARDIA
2024;D981;GERENZANO;VA;VARESE;R00090;LOMBARDIA
2024;D983;GERMAGNANO;TO;TORINO;R00125;PIEMONTE
2024;D984;GERMAGNO;VB;VERBANO-CUSIO-OSSOLA;R00125;PIEMONTE
2024;D987;GERMIGNAGA;VA;VARESE;R00090;LOMBARDIA
2024;D988;GEROCARNE;VV;VIBO VALENTIA;R00036;CALABRIA
2024;D990;GEROLA ALTA;SO;SONDRIO;R00090;LOMBARDIA
2024;D993;GERRE DE' CAPRIOLI;CR;CREMONA;R00090;LOMBARDIA
2024;D995;GESSATE;MI;MILANO;R00090;LOMBARDIA
2024;D996;GESSOPALENA;CH;CHIETI;R00018;ABRUZZO
2024;D998;GESUALDO;AV;AVELLINO;R00045;CAMPANIA
2024;D999;GHEDI;BS;BRESCIA;R00090;LOMBARDIA
2024;E001;GHEMME;NO;NOVARA;R00125;PIEMONTE
2024;E003;GHIFFA;VB;VERBANO-CUSIO-OSSOLA;R00125;PIEMONTE
2024;E004;GHILARZA;OR;ORISTANO;R00143;SARDEGNA
2024;E006;GHISALBA;BG;BERGAMO;R00090;LOMBARDIA
2024;E007;GHISLARENGO;VC;VERCELLI;R00125;PIEMONTE
2024;E008;GIACCIANO CON BARUCHELLA;RO;ROVIGO;R00205;VENETO
2024;E009;GIAGLIONE;TO;TORINO;R00125;PIEMONTE
2024;E010;GIANICO;BS;BRESCIA;R00090;LOMBARDIA
2024;E011;GIANO VETUSTO;CE;CASERTA;R00045;CAMPANIA
2024;E012;GIANO DELL'UMBRIA;PG;PERUGIA;R00189;UMBRIA
2024;E013;GIARDINELLO;PA;PALERMO;R00152;SICILIA
2024;E014;GIARDINI;ME;MESSINA;R00152;SICILIA
2024;E015;GIAROLE;AL;ALESSANDRIA;R00125;PIEMONTE
2024;E016;GIARRATANA;RG;RAGUSA;R00152;SICILIA
2024;E017;GIARRE;CT;CATANIA;R00152;SICILIA
2024;E019;GIAVE;SS;SASSARI;R00143;SARDEGNA
2024;E020;GIAVENO;TO;TORINO;R00125;PIEMONTE
2024;E021;GIAVERA DEL MONTELLO;TV;TREVISO;R00205;VENETO
2024;E023;GIBELLINA;TP;TRAPANI;R00152;SICILIA
2024;E024;GIFFLENGA;BI;BIELLA;R00125;PIEMONTE
2024;E025;GIFFONE;RC;REGGIO CALABRIA;R00036;CALABRIA
2024;E026;GIFFONI SEI CASALI;SA;SALERNO;R00045;CAMPANIA
2024;E027;GIFFONI VALLE PIANA;SA;SALERNO;R00045;CAMPANIA
2024;E028;GIGNESE;VB;VERBANO-CUSIO-OSSOLA;R00125;PIEMONTE
2024;E029;GIGNOD;AO;AOSTA;R00198;VALLE D'AOSTA/VALLÉE D'AOSTE
2024;E030;GILDONE;CB;CAMPOBASSO;R00116;MOLISE
2024;E031;GIMIGLIANO;CZ;CATANZARO;R00036;CALABRIA
2024;E033;GINESTRA;PZ;POTENZA;R00027;BASILICATA
2024;E034;GINESTRA DEGLI SCHIAVONI;BN;BENEVENTO;R00045;CAMPANIA
2024;E036;GINOSA;TA;TARANTO;R00134;PUGLIA
2024;E037;GIOI;SA;SALERNO;R00045;CAMPANIA
2024;D958;GAZZOLA;PC;PIACENZA;R00054;EMILIA-ROMAGNA
2024;D872;GALLIATE;NO;NOVARA;R00125;PIEMONTE
2024;D873;GALLIAVOLA;PV;PAVIA;R00090;LOMBARDIA
2024;D874;GALLICANO;LU;LUCCA;R00161;TOSCANA
2024;D875;GALLICANO NEL LAZIO;RM;ROMA;R00072;LAZIO
2024;D876;GALLICCHIO;PZ;POTENZA;R00027;BASILICATA
2024;D878;GALLIERA;BO;BOLOGNA;R00054;EMILIA-ROMAGNA
2024;D879;GALLIERA VENETA;PD;PADOVA;R00205;VENETO
2024;D881;GALLINARO;FR;FROSINONE;R00072;LAZIO
2024;D882;GALLIO;VI;VICENZA;R00205;VENETO
2024;D883;GALLIPOLI;LE;LECCE;R00134;PUGLIA
2024;D884;GALLO;CE;CASERTA;R00045;CAMPANIA
2024;D885;GALLODORO;ME;MESSINA;R00152;SICILIA
2024;D886;GALLUCCIO;CE;CASERTA;R00045;CAMPANIA
2024;D888;GALTELLI;NU;NUORO;R00143;SARDEGNA
2024;D889;GALZIGNANO;PD;PADOVA;R00205;VENETO
2024;D890;GAMALERO;AL;ALESSANDRIA;R00125;PIEMONTE
2024;D891;GAMBARA;BS;BRESCIA;R00090;LOMBARDIA
2024;D892;GAMBARANA;PV;PAVIA;R00090;LOMBARDIA
2024;D894;GAMBASCA;CN;CUNEO;R00125;PIEMONTE
2024;D895;GAMBASSI;FI;FIRENZE;R00161;TOSCANA
2024;D896;GAMBATESA;CB;CAMPOBASSO;R00116;MOLISE
2024;D897;GAMBELLARA;VI;VICENZA;R00205;VENETO
2024;D898;GAMBERALE;CH;CHIETI;R00018;ABRUZZO
2024;D899;GAMBETTOLA;FC;FORLI' - CESENA;R00054;EMILIA-ROMAGNA
2024;D901;GAMBOLO';PV;PAVIA;R00090;LOMBARDIA
2024;D903;GANDELLINO;BG;BERGAMO;R00090;LOMBARDIA
2024;D905;GANDINO;BG;BERGAMO;R00090;LOMBARDIA
2024;D906;GANDOSSO;BG;BERGAMO;R00090;LOMBARDIA
2024;D907;GANGI;PA;PALERMO;R00152;SICILIA
2024;D909;GARAGUSO;MT;MATERA;R00027;BASILICATA
2024;D910;GARBAGNA;AL;ALESSANDRIA;R00125;PIEMONTE
2024;D911;GARBAGNA NOVARESE;NO;NOVARA;R00125;PIEMONTE
2024;D912;GARBAGNATE MILANESE;MI;MILANO;R00090;LOMBARDIA
2024;D913;GARBAGNATE MONASTERO;LC;LECCO;R00090;LOMBARDIA
2024;D915;GARDA;VR;VERONA;R00205;VENETO
2024;D917;GARDONE RIVIERA;BS;BRESCIA;R00090;LOMBARDIA
2024;D918;GARDONE VAL TROMPIA;BS;BRESCIA;R00090;LOMBARDIA
2024;D920;GARESSIO;CN;CUNEO;R00125;PIEMONTE
2024;D921;GARGALLO;NO;NOVARA;R00125;PIEMONTE
2024;D923;GARGAZZONE;BZ;BOLZANO;R00223;PROVINCIA AUTONOMA BOLZANO
2024;D924;GARGNANO;BS;BRESCIA;R00090;LOMBARDIA
2024;D925;GARLASCO;PV;PAVIA;R00090;LOMBARDIA
2024;D926;GARLATE;LC;LECCO;R00090;LOMBARDIA
2024;D927;GARLENDA;SV;SAVONA;R00081;LIGURIA
2024;D928;GARNIGA;TN;TRENTO;R00214;PROVINCIA AUTONOMA TRENTO
2024;D930;GARZENO;CO;COMO;R00090;LOMBARDIA
2024;D931;GARZIGLIANA;TO;TORINO;R00125;PIEMONTE
2024;D932;GASPERINA;CZ;CATANZARO;R00036;CALABRIA
2024;D933;GASSINO TORINESE;TO;TORINO;R00125;PIEMONTE
2024;D934;GATTATICO;RE;REGGIO EMILIA;R00054;EMILIA-ROMAGNA
2024;D935;GATTEO;FC;FORLI' - CESENA;R00054;EMILIA-ROMAGNA
2024;D938;GATTINARA;VC;VERCELLI;R00125;PIEMONTE
2024;D940;GAVARDO;BS;BRESCIA;R00090;LOMBARDIA
2024;D444;ETROUBLES;AO;AOSTA;R00198;VALLE D'AOSTA/VALLÉE D'AOSTE
2024;D445;EUPILIO;CO;COMO;R00090;LOMBARDIA
2024;D447;FABBRICA CURONE;AL;ALESSANDRIA;R00125;PIEMONTE
2024;D450;FABBRICO;RE;REGGIO EMILIA;R00054;EMILIA-ROMAGNA
2024;D350;DORZANO;BI;BIELLA;R00125;PIEMONTE
2024;D451;FABRIANO;AN;ANCONA;R00107;MARCHE
2024;D452;FABRICA DI ROMA;VT;VITERBO;R00072;LAZIO
2024;D453;FABRIZIA;VV;VIBO VALENTIA;R00036;CALABRIA
2024;D256;DAVERIO;VA;VARESE;R00090;LOMBARDIA
2024;D257;DAVOLI;CZ;CATANZARO;R00036;CALABRIA
2024;D258;DAZIO;SO;SONDRIO;R00090;LOMBARDIA
2024;D259;DECIMOMANNU;CA;CAGLIARI;R00143;SARDEGNA
2024;D261;DECOLLATURA;CZ;CATANZARO;R00036;CALABRIA
2024;D264;DEGO;SV;SAVONA;R00081;LIGURIA
2024;D265;DEIVA MARINA;SP;LA SPEZIA;R00081;LIGURIA
2024;D266;DELEBIO;SO;SONDRIO;R00090;LOMBARDIA
2024;D267;DELIA;CL;CALTANISSETTA;R00152;SICILIA
2024;D268;DELIANUOVA;RC;REGGIO CALABRIA;R00036;CALABRIA
2024;D269;DELICETO;FG;FOGGIA;R00134;PUGLIA
2024;D270;DELLO;BS;BRESCIA;R00090;LOMBARDIA
2024;D271;DEMONTE;CN;CUNEO;R00125;PIEMONTE
2024;D272;DENICE;AL;ALESSANDRIA;R00125;PIEMONTE
2024;D273;DENNO;TN;TRENTO;R00214;PROVINCIA AUTONOMA TRENTO
2024;D277;DERNICE;AL;ALESSANDRIA;R00125;PIEMONTE
2024;D278;DEROVERE;CR;CREMONA;R00090;LOMBARDIA
2024;D279;DERUTA;PG;PERUGIA;R00189;UMBRIA
2024;D280;DERVIO;LC;LECCO;R00090;LOMBARDIA
2024;D281;DESANA;VC;VERCELLI;R00125;PIEMONTE
2024;D284;DESENZANO DEL GARDA;BS;BRESCIA;R00090;LOMBARDIA
2024;D286;DESIO;MB;MONZA E BRIANZA;R00090;LOMBARDIA
2024;D287;DESULO;NU;NUORO;R00143;SARDEGNA
2024;D289;DIAMANTE;CS;COSENZA;R00036;CALABRIA
2024;D290;SCIGLIANO;CS;COSENZA;R00036;CALABRIA
2024;D291;DIANO D'ALBA;CN;CUNEO;R00125;PIEMONTE
2024;D292;TEGGIANO;SA;SALERNO;R00045;CAMPANIA
2024;D293;DIANO ARENTINO;IM;IMPERIA;R00081;LIGURIA
2024;D296;DIANO CASTELLO;IM;IMPERIA;R00081;LIGURIA
2024;D297;DIANO MARINA;IM;IMPERIA;R00081;LIGURIA
2024;D298;DIANO SAN PIETRO;IM;IMPERIA;R00081;LIGURIA
2024;D299;DICOMANO;FI;FIRENZE;R00161;TOSCANA
2024;D300;DIGNANO;UD;UDINE;R00063;FRIULI-VENEZIA GIULIA
2024;D303;DINAMI;VV;VIBO VALENTIA;R00036;CALABRIA
2024;D304;DIPIGNANO;CS;COSENZA;R00036;CALABRIA
2024;D305;DISO;LE;LECCE;R00134;PUGLIA
2024;D309;DIVIGNANO;NO;NOVARA;R00125;PIEMONTE
2024;D310;DIZZASCO;CO;COMO;R00090;LOMBARDIA
2024;D311;DOBBIACO;BZ;BOLZANO;R00223;PROVINCIA AUTONOMA BOLZANO
2024;D312;DOBERDO' DEL LAGO;GO;GORIZIA;R00063;FRIULI-VENEZIA GIULIA
2024;D314;DOGLIANI;CN;CUNEO;R00125;PIEMONTE
2024;D315;DOGLIOLA;CH;CHIETI;R00018;ABRUZZO
2024;D316;DOGNA;UD;UDINE;R00063;FRIULI-VENEZIA GIULIA
2024;D317;DOLCE';VR;VERONA;R00205;VENETO
2024;D318;DOLCEACQUA;IM;IMPERIA;R00081;LIGURIA
2024;D319;DOLCEDO;IM;IMPERIA;R00081;LIGURIA
2024;D321;DOLEGNA DEL COLLIO;GO;GORIZIA;R00063;FRIULI-VENEZIA GIULIA
2024;D324;SAN DORLIGO DELLA VALLE;TS;TRIESTE;R00063;FRIULI-VENEZIA GIULIA
2024;D325;DOLO;VE;VENEZIA;R00205;VENETO
2024;D327;DOLZAGO;LC;LECCO;R00090;LOMBARDIA
2024;D328;DOMANICO;CS;COSENZA;R00036;CALABRIA
2024;D329;DOMASO;CO;COMO;R00090;LOMBARDIA
2024;D330;DOMEGGE DI CADORE;BL;BELLUNO;R00205;VENETO
2024;D331;DOMICELLA;AV;AVELLINO;R00045;CAMPANIA
2024;D332;DOMODOSSOLA;VB;VERBANO-CUSIO-OSSOLA;R00125;PIEMONTE
2024;D338;DONNAS;AO;AOSTA;R00198;VALLE D'AOSTA/VALLÉE D'AOSTE
2024;D339;DONATO;BI;BIELLA;R00125;PIEMONTE
2024;D341;DONGO;CO;COMO;R00090;LOMBARDIA
2024;D345;DORGALI;NU;NUORO;R00143;SARDEGNA
2024;D346;DORIO;LC;LECCO;R00090;LOMBARDIA
2024;D347;DORMELLETTO;NO;NOVARA;R00125;PIEMONTE
2024;D255;DAVAGNA;GE;GENOVA;R00081;LIGURIA
2024;D348;DORNO;PV;PAVIA;R00090;LOMBARDIA
2024;D165;CREVACUORE;BI;BIELLA;R00125;PIEMONTE
2024;D166;CREVALCORE;BO;BOLOGNA;R00054;EMILIA-ROMAGNA
2024;D168;CREVOLADOSSOLA;VB;VERBANO-CUSIO-OSSOLA;R00125;PIEMONTE
2024;D170;CRISPANO;NA;NAPOLI;R00045;CAMPANIA
2024;D171;CRISPIANO;TA;TARANTO;R00134;PUGLIA
2024;D172;CRISSOLO;CN;CUNEO;R00125;PIEMONTE
2024;D175;CROCEFIESCHI;GE;GENOVA;R00081;LIGURIA
2024;D177;CRODO;VB;VERBANO-CUSIO-OSSOLA;R00125;PIEMONTE
2024;D179;CROGNALETO;TE;TERAMO;R00018;ABRUZZO
2024;D180;CROPALATI;CS;COSENZA;R00036;CALABRIA
2024;D181;CROPANI;CZ;CATANZARO;R00036;CALABRIA
2024;D184;CROSIA;CS;COSENZA;R00036;CALABRIA
2024;D185;CROSIO DELLA VALLE;VA;VARESE;R00090;LOMBARDIA
2024;D186;CROTTA D'ADDA;CR;CREMONA;R00090;LOMBARDIA
2024;D187;CROVA;VC;VERCELLI;R00125;PIEMONTE
2024;D188;CROVIANA;TN;TRENTO;R00214;PROVINCIA AUTONOMA TRENTO
2024;D189;CRUCOLI;KR;CROTONE;R00036;CALABRIA
2024;D192;CUASSO AL MONTE;VA;VARESE;R00090;LOMBARDIA
2024;D193;VERONELLA;VR;VERONA;R00205;VENETO
2024;D195;CUCCARO VETERE;SA;SALERNO;R00045;CAMPANIA
2024;D196;CUCCIAGO;CO;COMO;R00090;LOMBARDIA
2024;D197;CUCEGLIO;TO;TORINO;R00125;PIEMONTE
2024;D198;CUGGIONO;MI;MILANO;R00090;LOMBARDIA
2024;D199;CUGLIATE-FABIASCO;VA;VARESE;R00090;LOMBARDIA
2024;D200;CUGLIERI;OR;ORISTANO;R00143;SARDEGNA
2024;D201;CUGNOLI;PE;PESCARA;R00018;ABRUZZO
2024;D202;CUMIANA;TO;TORINO;R00125;PIEMONTE
2024;D203;CUMIGNANO SUL NAVIGLIO;CR;CREMONA;R00090;LOMBARDIA
2024;D204;CUNARDO;VA;VARESE;R00090;LOMBARDIA
2024;D205;CUNEO;CN;CUNEO;R00125;PIEMONTE
2024;D207;CUNICO;AT;ASTI;R00125;PIEMONTE
2024;D208;CUORGNE';TO;TORINO;R00125;PIEMONTE
2024;D209;CUPELLO;CH;CHIETI;R00018;ABRUZZO
2024;D210;CUPRA MARITTIMA;AP;ASCOLI PICENO;R00107;MARCHE
2024;D211;CUPRAMONTANA;AN;ANCONA;R00107;MARCHE
2024;D216;CUREGGIO;NO;NOVARA;R00125;PIEMONTE
2024;D217;CURIGLIA CON MONTEVIASCO;VA;VARESE;R00090;LOMBARDIA
2024;D218;CURINGA;CZ;CATANZARO;R00036;CALABRIA
2024;D219;CURINO;BI;BIELLA;R00125;PIEMONTE
2024;D221;CURNO;BG;BERGAMO;R00090;LOMBARDIA
2024;D222;CURON VENOSTA;BZ;BOLZANO;R00223;PROVINCIA AUTONOMA BOLZANO
2024;D223;CURSI;LE;LECCE;R00134;PUGLIA
2024;D226;CURTAROLO;PD;PADOVA;R00205;VENETO
2024;D227;CURTATONE;MN;MANTOVA;R00090;LOMBARDIA
2024;D228;CURTI;CE;CASERTA;R00045;CAMPANIA
2024;D229;CUSAGO;MI;MILANO;R00090;LOMBARDIA
2024;D230;CUSANO MUTRI;BN;BENEVENTO;R00045;CAMPANIA
2024;D231;CUSANO MILANINO;MI;MILANO;R00090;LOMBARDIA
2024;D232;CUSINO;CO;COMO;R00090;LOMBARDIA
2024;D233;CUSIO;BG;BERGAMO;R00090;LOMBARDIA
2024;D234;CUSTONACI;TP;TRAPANI;R00152;SICILIA
2024;D236;CUTRO;KR;CROTONE;R00036;CALABRIA
2024;D237;CUTROFIANO;LE;LECCE;R00134;PUGLIA
2024;D238;CUVEGLIO;VA;VARESE;R00090;LOMBARDIA
2024;D239;CUVIO;VA;VARESE;R00090;LOMBARDIA
2024;D244;DAIRAGO;MI;MILANO;R00090;LOMBARDIA
2024;D061;CORTEMAGGIORE;PC;PIACENZA;R00054;EMILIA-ROMAGNA
2024;D062;CORTEMILIA;CN;CUNEO;R00125;PIEMONTE
2024;D064;CORTENO GOLGI;BS;BRESCIA;R00090;LOMBARDIA
2024;D065;CORTENOVA;LC;LECCO;R00090;LOMBARDIA
2024;D066;CORTENUOVA;BG;BERGAMO;R00090;LOMBARDIA
2024;C978;COPERTINO;LE;LECCE;R00134;PUGLIA
2024;C888;COLOBRARO;MT;MATERA;R00027;BASILICATA
2024;C890;COLOGNA VENETA;VR;VERONA;R00205;VENETO
2024;C893;COLOGNE;BS;BRESCIA;R00090;LOMBARDIA
2024;C894;COLOGNO AL SERIO;BG;BERGAMO;R00090;LOMBARDIA
2024;C895;COLOGNO MONZESE;MI;MILANO;R00090;LOMBARDIA
2024;C897;COLOGNOLA AI COLLI;VR;VERONA;R00205;VENETO
2024;C900;COLONNA;RM;ROMA;R00072;LAZIO
2024;C901;COLONNELLA;TE;TERAMO;R00018;ABRUZZO
2024;C902;COLONNO;CO;COMO;R00090;LOMBARDIA
2024;C903;COLORINA;SO;SONDRIO;R00090;LOMBARDIA
2024;C904;COLORNO;PR;PARMA;R00054;EMILIA-ROMAGNA
2024;C905;COLOSIMI;CS;COSENZA;R00036;CALABRIA
2024;C908;COLTURANO;MI;MILANO;R00090;LOMBARDIA
2024;C910;COLZATE;BG;BERGAMO;R00090;LOMBARDIA
2024;C911;COMABBIO;VA;VARESE;R00090;LOMBARDIA
2024;C912;COMACCHIO;FE;FERRARA;R00054;EMILIA-ROMAGNA
2024;C914;COMANO;MS;MASSA CARRARA;R00161;TOSCANA
2024;C917;COMAZZO;LO;LODI;R00090;LOMBARDIA
2024;C918;COMEGLIANS;UD;UDINE;R00063;FRIULI-VENEZIA GIULIA
2024;C919;SANTO STEFANO DI CADORE;BL;BELLUNO;R00205;VENETO
2024;C920;COMELICO SUPERIORE;BL;BELLUNO;R00205;VENETO
2024;C922;COMERIO;VA;VARESE;R00090;LOMBARDIA
2024;C925;COMEZZANO-CIZZAGO;BS;BRESCIA;R00090;LOMBARDIA
2024;C926;COMIGNAGO;NO;NOVARA;R00125;PIEMONTE
2024;C927;COMISO;RG;RAGUSA;R00152;SICILIA
2024;C928;COMITINI;AG;AGRIGENTO;R00152;SICILIA
2024;C929;COMIZIANO;NA;NAPOLI;R00045;CAMPANIA
2024;C930;COMMESSAGGIO;MN;MANTOVA;R00090;LOMBARDIA
2024;C931;COMMEZZADURA;TN;TRENTO;R00214;PROVINCIA AUTONOMA TRENTO
2024;C933;COMO;CO;COMO;R00090;LOMBARDIA
2024;C934;COMPIANO;PR;PARMA;R00054;EMILIA-ROMAGNA
2024;C935;COMUNANZA;AP;ASCOLI PICENO;R00107;MARCHE
2024;C936;VALSOLDA;CO;COMO;R00090;LOMBARDIA
2024;C937;COMUNNUOVO;BG;BERGAMO;R00090;LOMBARDIA
2024;C938;CONA;VE;VENEZIA;R00205;VENETO
2024;C939;CONCA DELLA CAMPANIA;CE;CASERTA;R00045;CAMPANIA
2024;C940;CONCA DEI MARINI;SA;SALERNO;R00045;CAMPANIA
2024;C941;CONCA CASALE;IS;ISERNIA;R00116;MOLISE
2024;C943;CONCAMARISE;VR;VERONA;R00205;VENETO
2024;C946;CONCERVIANO;RI;RIETI;R00072;LAZIO
2024;C948;CONCESIO;BS;BRESCIA;R00090;LOMBARDIA
2024;C950;CONCORDIA SAGITTARIA;VE;VENEZIA;R00205;VENETO
2024;C951;CONCORDIA SULLA SECCHIA;MO;MODENA;R00054;EMILIA-ROMAGNA
2024;C952;CONCOREZZO;MB;MONZA E BRIANZA;R00090;LOMBARDIA
2024;C954;CONDOFURI;RC;REGGIO CALABRIA;R00036;CALABRIA
2024;C955;CONDOVE;TO;TORINO;R00125;PIEMONTE
2024;C956;CONDRO';ME;MESSINA;R00152;SICILIA
2024;C957;CONEGLIANO;TV;TREVISO;R00205;VENETO
2024;C958;CONFIENZA;PV;PAVIA;R00090;LOMBARDIA
2024;C959;CONFIGNI;RI;RIETI;R00072;LAZIO
2024;C960;CONFLENTI;CZ;CATANZARO;R00036;CALABRIA
2024;C962;CONIOLO;AL;ALESSANDRIA;R00125;PIEMONTE
2024;C963;CONSELICE;RA;RAVENNA;R00054;EMILIA-ROMAGNA
2024;C964;CONSELVE;PD;PADOVA;R00205;VENETO
2024;C968;CONTESSA ENTELLINA;PA;PALERMO;R00152;SICILIA
2024;C969;CONTIGLIANO;RI;RIETI;R00072;LAZIO
2024;C971;CONTRADA;AV;AVELLINO;R00045;CAMPANIA
2024;C972;CONTROGUERRA;TE;TERAMO;R00018;ABRUZZO
2024;C973;CONTRONE;SA;SALERNO;R00045;CAMPANIA
2024;C974;CONTURSI;SA;SALERNO;R00045;CAMPANIA
2024;C975;CONVERSANO;BA;BARI;R00134;PUGLIA
2024;C976;CONZA DELLA CAMPANIA;AV;AVELLINO;R00045;CAMPANIA
2024;C886;COLMURANO;MC;MACERATA;R00107;MARCHE
2024;C977;CONZANO;AL;ALESSANDRIA;R00125;PIEMONTE
2024;C800;CLUSONE;BG;BERGAMO;R00090;LOMBARDIA
2024;C801;COASSOLO TORINESE;TO;TORINO;R00125;PIEMONTE
2024;C803;COAZZE;TO;TORINO;R00125;PIEMONTE
2024;C804;COAZZOLO;AT;ASTI;R00125;PIEMONTE
2024;C806;COCCAGLIO;BS;BRESCIA;R00090;LOMBARDIA
2024;C807;COCCONATO;AT;ASTI;R00125;PIEMONTE
2024;C810;COCQUIO-TREVISAGO;VA;VARESE;R00090;LOMBARDIA
2024;C811;COCULLO;AQ;L'AQUILA;R00018;ABRUZZO
2024;C812;CODEVIGO;PD;PADOVA;R00205;VENETO
2024;C813;CODEVILLA;PV;PAVIA;R00090;LOMBARDIA
2024;C814;CODIGORO;FE;FERRARA;R00054;EMILIA-ROMAGNA
2024;C815;CODOGNE';TV;TREVISO;R00205;VENETO
2024;C816;CODOGNO;LO;LODI;R00090;LOMBARDIA
2024;C817;CODROIPO;UD;UDINE;R00063;FRIULI-VENEZIA GIULIA
2024;C818;CODRONGIANOS;SS;SASSARI;R00143;SARDEGNA
2024;C819;COGGIOLA;BI;BIELLA;R00125;PIEMONTE
2024;C820;COGLIATE;MB;MONZA E BRIANZA;R00090;LOMBARDIA
2024;C821;COGNE;AO;AOSTA;R00198;VALLE D'AOSTA/VALLÉE D'AOSTE
2024;C823;COGOLETO;GE;GENOVA;R00081;LIGURIA
2024;C824;COGOLLO DEL CENGIO;VI;VICENZA;R00205;VENETO
2024;C826;COGORNO;GE;GENOVA;R00081;LIGURIA
2024;C829;COLAZZA;NO;NOVARA;R00125;PIEMONTE
2024;C835;COLERE;BG;BERGAMO;R00090;LOMBARDIA
2024;C836;COLFELICE;FR;FROSINONE;R00072;LAZIO
2024;C838;COLI;PC;PIACENZA;R00054;EMILIA-ROMAGNA
2024;C839;COLICO;LC;LECCO;R00090;LOMBARDIA
2024;C841;COLLALTO SABINO;RI;RIETI;R00072;LAZIO
2024;C844;COLLARMELE;AQ;L'AQUILA;R00018;ABRUZZO
2024;C845;COLLAZZONE;PG;PERUGIA;R00189;UMBRIA
2024;C846;COLLE SANNITA;BN;BENEVENTO;R00045;CAMPANIA
2024;C847;COLLE DI VAL D'ELSA;SI;SIENA;R00161;TOSCANA
2024;C848;COLLE UMBERTO;TV;TREVISO;R00205;VENETO
2024;C850;COLLEBEATO;BS;BRESCIA;R00090;LOMBARDIA
2024;C851;COLLE BRIANZA;LC;LECCO;R00090;LOMBARDIA
2024;C852;COLLECCHIO;PR;PARMA;R00054;EMILIA-ROMAGNA
2024;C853;COLLECORVINO;PE;PESCARA;R00018;ABRUZZO
2024;C854;COLLE D'ANCHISE;CB;CAMPOBASSO;R00116;MOLISE
2024;C855;COLLEDIMACINE;CH;CHIETI;R00018;ABRUZZO
2024;C856;COLLEDIMEZZO;CH;CHIETI;R00018;ABRUZZO
2024;C857;COLLE DI TORA;RI;RIETI;R00072;LAZIO
2024;C858;COLLEFERRO;RM;ROMA;R00072;LAZIO
2024;C859;COLLEGIOVE;RI;RIETI;R00072;LAZIO
2024;C860;COLLEGNO;TO;TORINO;R00125;PIEMONTE
2024;C862;COLLELONGO;AQ;L'AQUILA;R00018;ABRUZZO
2024;C864;COLLEPARDO;FR;FROSINONE;R00072;LAZIO
2024;C865;COLLEPASSO;LE;LECCE;R00134;PUGLIA
2024;C866;COLLEPIETRO;AQ;L'AQUILA;R00018;ABRUZZO
2024;B878;CASALE MARITTIMO;PI;PISA;R00161;TOSCANA
2024;B879;CASALE SUL SILE;TV;TREVISO;R00205;VENETO
2024;B880;CASALECCHIO DI RENO;BO;BOLOGNA;R00054;EMILIA-ROMAGNA
2024;B881;CASALE CREMASCO-VIDOLASCO;CR;CREMONA;R00090;LOMBARDIA
2024;B882;CASALEGGIO BOIRO;AL;ALESSANDRIA;R00125;PIEMONTE
2024;B883;CASALEGGIO NOVARA;NO;NOVARA;R00125;PIEMONTE
2024;B885;CASALE MONFERRATO;AL;ALESSANDRIA;R00125;PIEMONTE
2024;B886;CASALEONE;VR;VERONA;R00205;VENETO
2024;B887;CASALETTO LODIGIANO;LO;LODI;R00090;LOMBARDIA
2024;B888;CASALETTO SPARTANO;SA;SALERNO;R00045;CAMPANIA
2024;B889;CASALETTO CEREDANO;CR;CREMONA;R00090;LOMBARDIA
2024;B890;CASALETTO DI SOPRA;CR;CREMONA;R00090;LOMBARDIA
2024;B891;CASALETTO VAPRIO;CR;CREMONA;R00090;LOMBARDIA
2024;B892;CASALFIUMANESE;BO;BOLOGNA;R00054;EMILIA-ROMAGNA
2024;B893;CASALGRANDE;RE;REGGIO EMILIA;R00054;EMILIA-ROMAGNA
2024;B894;CASALGRASSO;CN;CUNEO;R00125;PIEMONTE
2024;B819;CARPI;MO;MODENA;R00054;EMILIA-ROMAGNA
2024;B895;CASAL VELINO;SA;SALERNO;R00045;CAMPANIA
2024;B732;CARAVATE;VA;VARESE;R00090;LOMBARDIA
2024;B733;CARAVINO;TO;TORINO;R00125;PIEMONTE
2024;B734;CARAVONICA;IM;IMPERIA;R00081;LIGURIA
2024;B735;CARBOGNANO;VT;VITERBO;R00072;LAZIO
2024;B736;CARBONARA SCRIVIA;AL;ALESSANDRIA;R00125;PIEMONTE
2024;C883;COLLIO;BS;BRESCIA;R00090;LOMBARDIA
2024;C796;CLIVIO;VA;VARESE;R00090;LOMBARDIA
2024;C884;COLLOBIANO;VC;VERCELLI;R00125;PIEMONTE
2024;C885;COLLOREDO DI MONTE ALBANO;UD;UDINE;R00063;FRIULI-VENEZIA GIULIA
2024;C719;CIRCELLO;BN;BENEVENTO;R00045;CAMPANIA
2024;C722;CIRIE';TO;TORINO;R00125;PIEMONTE
2024;C723;CIRIGLIANO;MT;MATERA;R00027;BASILICATA
2024;C724;CIRIMIDO;CO;COMO;R00090;LOMBARDIA
2024;C725;CIRO';KR;CROTONE;R00036;CALABRIA
2024;C726;CIRO' MARINA;KR;CROTONE;R00036;CALABRIA
2024;C727;CIS;TN;TRENTO;R00214;PROVINCIA AUTONOMA TRENTO
2024;C728;CISANO BERGAMASCO;BG;BERGAMO;R00090;LOMBARDIA
2024;C729;CISANO SUL NEVA;SV;SAVONA;R00081;LIGURIA
2024;C730;CISERANO;BG;BERGAMO;R00090;LOMBARDIA
2024;C732;CISLAGO;VA;VARESE;R00090;LOMBARDIA
2024;C733;CISLIANO;MI;MILANO;R00090;LOMBARDIA
2024;C735;CISON DI VALMARINO;TV;TREVISO;R00205;VENETO
2024;C738;CISSONE;CN;CUNEO;R00125;PIEMONTE
2024;C739;CISTERNA D'ASTI;AT;ASTI;R00125;PIEMONTE
2024;C740;CISTERNA DI LATINA;LT;LATINA;R00072;LAZIO
2024;C741;CISTERNINO;BR;BRINDISI;R00134;PUGLIA
2024;C742;CITERNA;PG;PERUGIA;R00189;UMBRIA
2024;C743;CITTADELLA;PD;PADOVA;R00205;VENETO
2024;C744;CITTA' DELLA PIEVE;PG;PERUGIA;R00189;UMBRIA
2024;C745;CITTA' DI CASTELLO;PG;PERUGIA;R00189;UMBRIA
2024;C746;CITTADUCALE;RI;RIETI;R00072;LAZIO
2024;C747;CITTANOVA;RC;REGGIO CALABRIA;R00036;CALABRIA
2024;C749;CITTAREALE;RI;RIETI;R00072;LAZIO
2024;C750;CITTA' SANT'ANGELO;PE;PESCARA;R00018;ABRUZZO
2024;C751;CITTIGLIO;VA;VARESE;R00090;LOMBARDIA
2024;C752;CIVATE;LC;LECCO;R00090;LOMBARDIA
2024;C755;CIVEZZA;IM;IMPERIA;R00081;LIGURIA
2024;C756;CIVEZZANO;TN;TRENTO;R00214;PROVINCIA AUTONOMA TRENTO
2024;C757;CIVIASCO;VC;VERCELLI;R00125;PIEMONTE
2024;C758;CIVIDALE DEL FRIULI;UD;UDINE;R00063;FRIULI-VENEZIA GIULIA
2024;C759;CIVIDATE AL PIANO;BG;BERGAMO;R00090;LOMBARDIA
2024;C760;CIVIDATE CAMUNO;BS;BRESCIA;R00090;LOMBARDIA
2024;C763;CIVITA;CS;COSENZA;R00036;CALABRIA
2024;C764;CIVITACAMPOMARANO;CB;CAMPOBASSO;R00116;MOLISE
2024;C765;CIVITA CASTELLANA;VT;VITERBO;R00072;LAZIO
2024;C766;CIVITA D'ANTINO;AQ;L'AQUILA;R00018;ABRUZZO
2024;C767;LANUVIO;RM;ROMA;R00072;LAZIO
2024;C768;CIVITALUPARELLA;CH;CHIETI;R00018;ABRUZZO
2024;C769;CIVITANOVA DEL SANNIO;IS;ISERNIA;R00116;MOLISE
2024;C770;CIVITANOVA MARCHE;MC;MACERATA;R00107;MARCHE
2024;C771;CIVITAQUANA;PE;PESCARA;R00018;ABRUZZO
2024;C772;DURONIA;CB;CAMPOBASSO;R00116;MOLISE
2024;C773;CIVITAVECCHIA;RM;ROMA;R00072;LAZIO
2024;C774;CIVITELLA IN VAL DI CHIANA;AR;AREZZO;R00161;TOSCANA
2024;C776;CIVITELLA MESSER RAIMONDO;CH;CHIETI;R00018;ABRUZZO
2024;C777;CIVITELLA DI ROMAGNA;FC;FORLI' - CESENA;R00054;EMILIA-ROMAGNA
2024;C778;CIVITELLA ALFEDENA;AQ;L'AQUILA;R00018;ABRUZZO
2024;C779;CIVITELLA CASANOVA;PE;PESCARA;R00018;ABRUZZO
2024;C780;CIVITELLA D'AGLIANO;VT;VITERBO;R00072;LAZIO
2024;C781;CIVITELLA DEL TRONTO;TE;TERAMO;R00018;ABRUZZO
2024;C782;CIVITELLA PAGANICO;GR;GROSSETO;R00161;TOSCANA
2024;C783;CIVITELLA ROVETO;AQ;L'AQUILA;R00018;ABRUZZO
2024;C784;CIVITELLA SAN PAOLO;RM;ROMA;R00072;LAZIO
2024;C785;CIVO;SO;SONDRIO;R00090;LOMBARDIA
2024;C787;CLAINO CON OSTENO;CO;COMO;R00090;LOMBARDIA
2024;C789;UBIALE CLANEZZO;BG;BERGAMO;R00090;LOMBARDIA
2024;C790;CLAUT;PN;PORDENONE;R00063;FRIULI-VENEZIA GIULIA
2024;C791;CLAUZETTO;PN;PORDENONE;R00063;FRIULI-VENEZIA GIULIA
2024;C792;CLAVESANA;CN;CUNEO;R00125;PIEMONTE
2024;C793;CLAVIERE;TO;TORINO;R00125;PIEMONTE
2024;C794;CLES;TN;TRENTO;R00214;PROVINCIA AUTONOMA TRENTO
2024;C795;CLETO;CS;COSENZA;R00036;CALABRIA
2024;C718;CIPRESSA;IM;IMPERIA;R00081;LIGURIA
2024;C632;CHIETI;CH;CHIETI;R00018;ABRUZZO
2024;C633;CHIEUTI;FG;FOGGIA;R00134;PUGLIA
2024;C634;CHIEVE;CR;CREMONA;R00090;LOMBARDIA
2024;C635;CHIGNOLO D'ISOLA;BG;BERGAMO;R00090;LOMBARDIA
2024;C637;CHIGNOLO PO;PV;PAVIA;R00090;LOMBARDIA
2024;C638;CHIOGGIA;VE;VENEZIA;R00205;VENETO
2024;C639;CHIOMONTE;TO;TORINO;R00125;PIEMONTE
2024;C640;CHIONS;PN;PORDENONE;R00063;FRIULI-VENEZIA GIULIA
2024;C641;CHIOPRIS VISCONE;UD;UDINE;R00063;FRIULI-VENEZIA GIULIA
2024;C648;CHITIGNANO;AR;AREZZO;R00161;TOSCANA
2024;C649;CHIUDUNO;BG;BERGAMO;R00090;LOMBARDIA
2024;C506;CERETE;BG;BERGAMO;R00090;LOMBARDIA
2024;C507;CERRETO GRUE;AL;ALESSANDRIA;R00125;PIEMONTE
2024;C508;CERETTO LOMELLINA;PV;PAVIA;R00090;LOMBARDIA
2024;C509;CERGNAGO;PV;PAVIA;R00090;LOMBARDIA
2024;C510;CERIALE;SV;SAVONA;R00081;LIGURIA
2024;C511;CERIANA;IM;IMPERIA;R00081;LIGURIA
2024;C512;CERIANO LAGHETTO;MB;MONZA E BRIANZA;R00090;LOMBARDIA
2024;C513;CERIGNALE;PC;PIACENZA;R00054;EMILIA-ROMAGNA
2024;C514;CERIGNOLA;FG;FOGGIA;R00134;PUGLIA
2024;C515;CERISANO;CS;COSENZA;R00036;CALABRIA
2024;C516;CERMENATE;CO;COMO;R00090;LOMBARDIA
2024;C517;CERMIGNANO;TE;TERAMO;R00018;ABRUZZO
2024;C518;CERRETO LAZIALE;RM;ROMA;R00072;LAZIO
2024;C520;CERNOBBIO;CO;COMO;R00090;LOMBARDIA
2024;C521;CERNUSCO LOMBARDONE;LC;LECCO;R00090;LOMBARDIA
2024;C523;CERNUSCO SUL NAVIGLIO;MI;MILANO;R00090;LOMBARDIA
2024;C524;CERRETO D'ESI;AN;ANCONA;R00107;MARCHE
2024;C525;CERRETO SANNITA;BN;BENEVENTO;R00045;CAMPANIA
2024;C527;CERRETO DI SPOLETO;PG;PERUGIA;R00189;UMBRIA
2024;C528;CERRETO D'ASTI;AT;ASTI;R00125;PIEMONTE
2024;C529;CERRETO GUIDI;FI;FIRENZE;R00161;TOSCANA
2024;C530;CERRETTO DELLE LANGHE;CN;CUNEO;R00125;PIEMONTE
2024;C531;CERRINA;AL;ALESSANDRIA;R00125;PIEMONTE
2024;C532;CERRIONE;BI;BIELLA;R00125;PIEMONTE
2024;C533;CERRO TANARO;AT;ASTI;R00125;PIEMONTE
2024;C534;CERRO AL VOLTURNO;IS;ISERNIA;R00116;MOLISE
2024;C536;CERRO AL LAMBRO;MI;MILANO;R00090;LOMBARDIA
2024;C537;CERRO MAGGIORE;MI;MILANO;R00090;LOMBARDIA
2024;C538;CERRO VERONESE;VR;VERONA;R00205;VENETO
2024;C539;CERSOSIMO;PZ;POTENZA;R00027;BASILICATA
2024;C540;CERTALDO;FI;FIRENZE;R00161;TOSCANA
2024;C541;CERTOSA DI PAVIA;PV;PAVIA;R00090;LOMBARDIA
2024;C542;CERVA;CZ;CATANZARO;R00036;CALABRIA
2024;C543;CERVARA DI ROMA;RM;ROMA;R00072;LAZIO
2024;C375;CAVALLERLEONE;CN;CUNEO;R00125;PIEMONTE
2024;C376;CAVALLERMAGGIORE;CN;CUNEO;R00125;PIEMONTE
2024;C377;CAVALLINO;LE;LECCE;R00134;PUGLIA
2024;C378;CAVALLIRIO;NO;NOVARA;R00125;PIEMONTE
2024;C380;CAVARENO;TN;TRENTO;R00214;PROVINCIA AUTONOMA TRENTO
2024;C381;CAVARGNA;CO;COMO;R00090;LOMBARDIA
2024;C382;CAVARIA CON PREMEZZO;VA;VARESE;R00090;LOMBARDIA
2024;C383;CAVARZERE;VE;VENEZIA;R00205;VENETO
2024;E760;LUSEVERA;UD;UDINE;R00063;FRIULI-VENEZIA GIULIA
2024;E761;LUSIA;RO;ROVIGO;R00205;VENETO
2024;E763;LUSIGLIE';TO;TORINO;R00125;PIEMONTE
2024;E764;LUSON;BZ;BOLZANO;R00223;PROVINCIA AUTONOMA BOLZANO
2024;E767;LUSTRA;SA;SALERNO;R00045;CAMPANIA
2024;E769;LUVINATE;VA;VARESE;R00090;LOMBARDIA
2024;E770;LUZZANA;BG;BERGAMO;R00090;LOMBARDIA
2024;E772;LUZZARA;RE;REGGIO EMILIA;R00054;EMILIA-ROMAGNA
2024;E773;LUZZI;CS;COSENZA;R00036;CALABRIA
2024;E777;MACCASTORNA;LO;LODI;R00090;LOMBARDIA
2024;E778;MACCHIA D'ISERNIA;IS;ISERNIA;R00116;MOLISE
2024;E779;MACCHIAGODENA;IS;ISERNIA;R00116;MOLISE
2024;E780;MACCHIA VALFORTORE;CB;CAMPOBASSO;R00116;MOLISE
2024;E782;MACELLO;TO;TORINO;R00125;PIEMONTE
2024;E783;MACERATA;MC;MACERATA;R00107;MARCHE
2024;E784;MACERATA CAMPANIA;CE;CASERTA;R00045;CAMPANIA
2024;E785;MACERATA FELTRIA;PU;PESARO - URBINO;R00107;MARCHE
2024;E786;MACHERIO;MB;MONZA E BRIANZA;R00090;LOMBARDIA
2024;E787;MACLODIO;BS;BRESCIA;R00090;LOMBARDIA
2024;E788;MACOMER;NU;NUORO;R00143;SARDEGNA
2024;E789;MACRA;CN;CUNEO;R00125;PIEMONTE
2024;E790;MACUGNAGA;VB;VERBANO-CUSIO-OSSOLA;R00125;PIEMONTE
2024;E791;MADDALONI;CE;CASERTA;R00045;CAMPANIA
2024;E793;MADIGNANO;CR;CREMONA;R00090;LOMBARDIA
2024;E794;MADONE;BG;BERGAMO;R00090;LOMBARDIA
2024;E795;MADONNA DEL SASSO;VB;VERBANO-CUSIO-OSSOLA;R00125;PIEMONTE
2024;E798;MAENZA;LT;LATINA;R00072;LAZIO
2024;E799;MAFALDA;CB;CAMPOBASSO;R00116;MOLISE
2024;E800;MAGASA;BS;BRESCIA;R00090;LOMBARDIA
2024;E801;MAGENTA;MI;MILANO;R00090;LOMBARDIA
2024;E803;MAGGIORA;NO;NOVARA;R00125;PIEMONTE
2024;E804;MAGHERNO;PV;PAVIA;R00090;LOMBARDIA
2024;E805;MAGIONE;PG;PERUGIA;R00189;UMBRIA
2024;E806;MAGISANO;CZ;CATANZARO;R00036;CALABRIA
2024;E807;MAGLIANO DI TENNA;FM;FERMO;R00107;MARCHE
2024;E808;MAGLIANO ALPI;CN;CUNEO;R00125;PIEMONTE
2024;E809;MAGLIANO ALFIERI;CN;CUNEO;R00125;PIEMONTE
2024;E810;MAGLIANO IN TOSCANA;GR;GROSSETO;R00161;TOSCANA
2024;E811;MAGLIANO DE' MARSI;AQ;L'AQUILA;R00018;ABRUZZO
2024;E812;MAGLIANO SABINA;RI;RIETI;R00072;LAZIO
2024;E813;MAGLIANO ROMANO;RM;ROMA;R00072;LAZIO
2024;E814;MAGLIANO VETERE;SA;SALERNO;R00045;CAMPANIA
2024;E815;MAGLIE;LE;LECCE;R00134;PUGLIA
2024;E816;MAGLIOLO;SV;SAVONA;R00081;LIGURIA
2024;E817;MAGLIONE;TO;TORINO;R00125;PIEMONTE
2024;E818;MAGNACAVALLO;MN;MANTOVA;R00090;LOMBARDIA
2024;E819;MAGNAGO;MI;MILANO;R00090;LOMBARDIA
2024;E820;MAGNANO IN RIVIERA;UD;UDINE;R00063;FRIULI-VENEZIA GIULIA
2024;E821;MAGNANO;BI;BIELLA;R00125;PIEMONTE
2024;E825;MAGOMADAS;OR;ORISTANO;R00143;SARDEGNA
2024;E829;MAGRE' SULLA STRADA DEL VINO;BZ;BOLZANO;R00223;PROVINCIA AUTONOMA BOLZANO
2024;E830;MAGREGLIO;CO;COMO;R00090;LOMBARDIA
2024;E833;MAJANO;UD;UDINE;R00063;FRIULI-VENEZIA GIULIA
2024;E834;MAIDA;CZ;CATANZARO;R00036;CALABRIA
2024;E835;MAIERA';CS;COSENZA;R00036;CALABRIA
2024;E836;MAIERATO;VV;VIBO VALENTIA;R00036;CALABRIA
2024;E751;LURANO;BG;BERGAMO;R00090;LOMBARDIA
2024;E837;MAIOLATI SPONTINI;AN;ANCONA;R00107;MARCHE
2024;E838;MAIOLO;RN;RIMINI;R00054;EMILIA-ROMAGNA
2024;E839;MAIORI;SA;SALERNO;R00045;CAMPANIA
2024;E840;MAIRAGO;LO;LODI;R00090;LOMBARDIA
2024;E660;LOMBARDORE;TO;TORINO;R00125;PIEMONTE
2024;E661;LOMBRIASCO;TO;TORINO;R00125;PIEMONTE
2024;E662;LOMELLO;PV;PAVIA;R00090;LOMBARDIA
2024;E664;LONA-LASES;TN;TRENTO;R00214;PROVINCIA AUTONOMA TRENTO
2024;E665;LONATE CEPPINO;VA;VARESE;R00090;LOMBARDIA
2024;E666;LONATE POZZOLO;VA;VARESE;R00090;LOMBARDIA
2024;E668;LONDA;FI;FIRENZE;R00161;TOSCANA
2024;E669;LONGANO;IS;ISERNIA;R00116;MOLISE
2024;E671;LONGARE;VI;VICENZA;R00205;VENETO
2024;E673;LONGHENA;BS;BRESCIA;R00090;LOMBARDIA
2024;E674;LONGI;ME;MESSINA;R00152;SICILIA
2024;E675;LONGIANO;FC;FORLI' - CESENA;R00054;EMILIA-ROMAGNA
2024;E677;LONGOBARDI;CS;COSENZA;R00036;CALABRIA
2024;E678;LONGOBUCCO;CS;COSENZA;R00036;CALABRIA
2024;E679;LONGONE AL SEGRINO;CO;COMO;R00090;LOMBARDIA
2024;E680;PORTO AZZURRO;LI;LIVORNO;R00161;TOSCANA
2024;E681;LONGONE SABINO;RI;RIETI;R00072;LAZIO
2024;E682;LONIGO;VI;VICENZA;R00205;VENETO
2024;E683;LORANZE';TO;TORINO;R00125;PIEMONTE
2024;E684;LOREGGIA;PD;PADOVA;R00205;VENETO
2024;E685;LOREGLIA;VB;VERBANO-CUSIO-OSSOLA;R00125;PIEMONTE
2024;E687;LORENZAGO DI CADORE;BL;BELLUNO;R00205;VENETO
2024;E689;LOREO;RO;ROVIGO;R00205;VENETO
2024;E690;LORETO;AN;ANCONA;R00107;MARCHE
2024;E691;LORETO APRUTINO;PE;PESCARA;R00018;ABRUZZO
2024;E692;LORIA;TV;TREVISO;R00205;VENETO
2024;E693;LORO CIUFFENNA;AR;AREZZO;R00161;TOSCANA
2024;E694;LORO PICENO;MC;MACERATA;R00107;MARCHE
2024;E695;LORSICA;GE;GENOVA;R00081;LIGURIA
2024;E698;LOSINE;BS;BRESCIA;R00090;LOMBARDIA
2024;E704;LOVERE;BG;BERGAMO;R00090;LOMBARDIA
2024;E705;LOVERO VALTELLINO;SO;SONDRIO;R00090;LOMBARDIA
2024;E706;LOZIO;BS;BRESCIA;R00090;LOMBARDIA
2024;E707;LOZZA;VA;VARESE;R00090;LOMBARDIA
2024;E708;LOZZO DI CADORE;BL;BELLUNO;R00205;VENETO
2024;E709;LOZZO ATESTINO;PD;PADOVA;R00205;VENETO
2024;E711;LOZZOLO;VC;VERCELLI;R00125;PIEMONTE
2024;E713;LUBRIANO;VT;VITERBO;R00072;LAZIO
2024;E714;LUCCA SICULA;AG;AGRIGENTO;R00152;SICILIA
2024;E715;LUCCA;LU;LUCCA;R00161;TOSCANA
2024;E716;LUCERA;FG;FOGGIA;R00134;PUGLIA
2024;E718;LUCIGNANO;AR;AREZZO;R00161;TOSCANA
2024;E719;LUCINASCO;IM;IMPERIA;R00081;LIGURIA
2024;E722;LUCITO;CB;CAMPOBASSO;R00116;MOLISE
2024;E723;LUCO DEI MARSI;AQ;L'AQUILA;R00018;ABRUZZO
2024;E724;LUCOLI;AQ;L'AQUILA;R00018;ABRUZZO
2024;E726;LUGAGNANO VAL D'ARDA;PC;PIACENZA;R00054;EMILIA-ROMAGNA
2024;E729;LUGNANO IN TEVERINA;TR;TERNI;R00189;UMBRIA
2024;E730;LUGO;RA;RAVENNA;R00054;EMILIA-ROMAGNA
2024;E731;LUGO DI VICENZA;VI;VICENZA;R00205;VENETO
2024;E734;LUINO;VA;VARESE;R00090;LOMBARDIA
2024;E735;LUISAGO;CO;COMO;R00090;LOMBARDIA
2024;E736;LULA;NU;NUORO;R00143;SARDEGNA
2024;E737;LUMARZO;GE;GENOVA;R00081;LIGURIA
2024;E738;LUMEZZANE;BS;BRESCIA;R00090;LOMBARDIA
2024;E743;LUNANO;PU;PESARO - URBINO;R00107;MARCHE
2024;E659;LOMAZZO;CO;COMO;R00090;LOMBARDIA
2024;E745;LUNGRO;CS;COSENZA;R00036;CALABRIA
2024;E746;LUOGOSANO;AV;AVELLINO;R00045;CAMPANIA
2024;E748;LUPARA;CB;CAMPOBASSO;R00116;MOLISE
2024;E749;LURAGO D'ERBA;CO;COMO;R00090;LOMBARDIA
2024;E750;LURAGO MARINONE;CO;COMO;R00090;LOMBARDIA
2024;E559;LETTOPALENA;CH;CHIETI;R00018;ABRUZZO
2024;E560;LEVANTO;SP;LA SPEZIA;R00081;LIGURIA
2024;E562;LEVATE;BG;BERGAMO;R00090;LOMBARDIA
2024;E563;LEVERANO;LE;LECCE;R00134;PUGLIA
2024;E564;LEVICE;CN;CUNEO;R00125;PIEMONTE
2024;E565;LEVICO TERME;TN;TRENTO;R00214;PROVINCIA AUTONOMA TRENTO
2024;E566;LEVONE;TO;TORINO;R00125;PIEMONTE
2024;E569;LEZZENO;CO;COMO;R00090;LOMBARDIA
2024;E570;LIBERI;CE;CASERTA;R00045;CAMPANIA
2024;E571;LIBRIZZI;ME;MESSINA;R00152;SICILIA
2024;E573;LICATA;AG;AGRIGENTO;R00152;SICILIA
2024;E574;LICCIANA NARDI;MS;MASSA CARRARA;R00161;TOSCANA
2024;E576;LICENZA;RM;ROMA;R00072;LAZIO
2024;E578;LICODIA EUBEA;CT;CATANIA;R00152;SICILIA
2024;E581;LIERNA;LC;LECCO;R00090;LOMBARDIA
2024;E583;LIGNANA;VC;VERCELLI;R00125;PIEMONTE
2024;E584;LIGNANO-SABBIADORO;UD;UDINE;R00063;FRIULI-VENEZIA GIULIA
2024;E587;LILLIANES;AO;AOSTA;R00198;VALLE D'AOSTA/VALLÉE D'AOSTE
2024;E588;LIMANA;BL;BELLUNO;R00205;VENETO
2024;E589;LIMATOLA;BN;BENEVENTO;R00045;CAMPANIA
2024;E590;LIMBADI;VV;VIBO VALENTIA;R00036;CALABRIA
2024;E591;LIMBIATE;MB;MONZA E BRIANZA;R00090;LOMBARDIA
2024;E592;LIMENA;PD;PADOVA;R00205;VENETO
2024;C867;COLLERETTO CASTELNUOVO;TO;TORINO;R00125;PIEMONTE
2024;C868;COLLERETTO GIACOSA;TO;TORINO;R00125;PIEMONTE
2024;C869;COLLESALVETTI;LI;LIVORNO;R00161;TOSCANA
2024;C870;COLLE SAN MAGNO;FR;FROSINONE;R00072;LAZIO
2024;C871;COLLESANO;PA;PALERMO;R00152;SICILIA
2024;C872;COLLE SANTA LUCIA;BL;BELLUNO;R00205;VENETO
2024;C875;COLLETORTO;CB;CAMPOBASSO;R00116;MOLISE
2024;C876;COLLEVECCHIO;RI;RIETI;R00072;LAZIO
2024;C877;COLLI DEL TRONTO;AP;ASCOLI PICENO;R00107;MARCHE
2024;C878;COLLI A VOLTURNO;IS;ISERNIA;R00116;MOLISE
2024;C879;COLLIANO;SA;SALERNO;R00045;CAMPANIA
2024;C880;COLLI SUL VELINO;RI;RIETI;R00072;LAZIO
2024;D245;DALMINE;BG;BERGAMO;R00090;LOMBARDIA
2024;D246;DAMBEL;TN;TRENTO;R00214;PROVINCIA AUTONOMA TRENTO
2024;D247;DANTA;BL;BELLUNO;R00205;VENETO
2024;D251;DARFO BOARIO TERME;BS;BRESCIA;R00090;LOMBARDIA
2024;D253;DASA';VV;VIBO VALENTIA;R00036;CALABRIA
2024;D162;CRESSA;NO;NOVARA;R00125;PIEMONTE
2024;D068;CORTE PALASIO;LO;LODI;R00090;LOMBARDIA
2024;D072;CORTIGLIONE;AT;ASTI;R00125;PIEMONTE
2024;D075;CORTINA ALL'ADIGE;BZ;BOLZANO;R00223;PROVINCIA AUTONOMA BOLZANO
2024;D076;CORTINO;TE;TERAMO;R00018;ABRUZZO
2024;D077;CORTONA;AR;AREZZO;R00161;TOSCANA
2024;D078;CORVARA;PE;PESCARA;R00018;ABRUZZO
2024;D079;CORVARA IN BADIA;BZ;BOLZANO;R00223;PROVINCIA AUTONOMA BOLZANO
2024;D081;CORVINO SAN QUIRICO;PV;PAVIA;R00090;LOMBARDIA
2024;D082;CORZANO;BS;BRESCIA;R00090;LOMBARDIA
2024;D085;COSEANO;UD;UDINE;R00063;FRIULI-VENEZIA GIULIA
2024;D086;COSENZA;CS;COSENZA;R00036;CALABRIA
2024;D087;COSIO D'ARROSCIA;IM;IMPERIA;R00081;LIGURIA
2024;D088;COSIO VALTELLINO;SO;SONDRIO;R00090;LOMBARDIA
2024;D089;COSOLETO;RC;REGGIO CALABRIA;R00036;CALABRIA
2024;D092;COSSANO CANAVESE;TO;TORINO;R00125;PIEMONTE
2024;D093;COSSANO BELBO;CN;CUNEO;R00125;PIEMONTE
2024;D094;COSSATO;BI;BIELLA;R00125;PIEMONTE
2024;D095;COSSERIA;SV;SAVONA;R00081;LIGURIA
2024;D096;COSSIGNANO;AP;ASCOLI PICENO;R00107;MARCHE
2024;D099;COSSOGNO;VB;VERBANO-CUSIO-OSSOLA;R00125;PIEMONTE
2024;D100;COSSOINE;SS;SASSARI;R00143;SARDEGNA
2024;D101;COSSOMBRATO;AT;ASTI;R00125;PIEMONTE
2024;D102;COSTA VESCOVATO;AL;ALESSANDRIA;R00125;PIEMONTE
2024;D103;COSTA VALLE IMAGNA;BG;BERGAMO;R00090;LOMBARDIA
2024;D105;COSTA DI ROVIGO;RO;ROVIGO;R00205;VENETO
2024;D107;COSTABISSARA;VI;VICENZA;R00205;VENETO
2024;D108;COSTACCIARO;PG;PERUGIA;R00189;UMBRIA
2024;D109;COSTA DE' NOBILI;PV;PAVIA;R00090;LOMBARDIA
2024;D110;COSTA DI MEZZATE;BG;BERGAMO;R00090;LOMBARDIA
2024;D111;COSTA DI SERINA;BG;BERGAMO;R00090;LOMBARDIA
2024;D112;COSTA MASNAGA;LC;LECCO;R00090;LOMBARDIA
2024;D113;COSTANZANA;VC;VERCELLI;R00125;PIEMONTE
2024;D114;COSTARAINERA;IM;IMPERIA;R00081;LIGURIA
2024;D117;COSTA VOLPINO;BG;BERGAMO;R00090;LOMBARDIA
2024;D118;COSTERMANO;VR;VERONA;R00205;VENETO
2024;D119;COSTIGLIOLE D'ASTI;AT;ASTI;R00125;PIEMONTE
2024;D120;COSTIGLIOLE SALUZZO;CN;CUNEO;R00125;PIEMONTE
2024;D121;COTIGNOLA;RA;RAVENNA;R00054;EMILIA-ROMAGNA
2024;D122;CROTONE;KR;CROTONE;R00036;CALABRIA
2024;D123;COTRONEI;KR;CROTONE;R00036;CALABRIA
2024;D124;COTTANELLO;RI;RIETI;R00072;LAZIO
2024;D126;COVO;BG;BERGAMO;R00090;LOMBARDIA
2024;D127;COZZO;PV;PAVIA;R00090;LOMBARDIA
2024;D128;CRACO;MT;MATERA;R00027;BASILICATA
2024;D131;CRANDOLA VALSASSINA;LC;LECCO;R00090;LOMBARDIA
2024;D132;CRAVAGLIANA;VC;VERCELLI;R00125;PIEMONTE
2024;D133;CRAVANZANA;CN;CUNEO;R00125;PIEMONTE
2024;D134;CRAVEGGIA;VB;VERBANO-CUSIO-OSSOLA;R00125;PIEMONTE
2024;D136;CREAZZO;VI;VICENZA;R00205;VENETO
2024;D137;CRECCHIO;CH;CHIETI;R00018;ABRUZZO
2024;D139;CREDARO;BG;BERGAMO;R00090;LOMBARDIA
2024;D141;CREDERA RUBBIANO;CR;CREMONA;R00090;LOMBARDIA
2024;D142;CREMA;CR;CREMONA;R00090;LOMBARDIA
2024;D143;CREMELLA;LC;LECCO;R00090;LOMBARDIA
2024;D144;CREMENAGA;VA;VARESE;R00090;LOMBARDIA
2024;D145;CREMENO;LC;LECCO;R00090;LOMBARDIA
2024;D147;CREMIA;CO;COMO;R00090;LOMBARDIA
2024;D149;CREMOLINO;AL;ALESSANDRIA;R00125;PIEMONTE
2024;D150;CREMONA;CR;CREMONA;R00090;LOMBARDIA
2024;D151;CREMOSANO;CR;CREMONA;R00090;LOMBARDIA
2024;D154;CRESCENTINO;VC;VERCELLI;R00125;PIEMONTE
2024;D156;CRESPADORO;VI;VICENZA;R00205;VENETO
2024;D159;CRESPIATICA;LO;LODI;R00090;LOMBARDIA
2024;D161;CRESPINO;RO;ROVIGO;R00205;VENETO
2024;C979;COPIANO;PV;PAVIA;R00090;LOMBARDIA
2024;C980;COPPARO;FE;FERRARA;R00054;EMILIA-ROMAGNA
2024;C982;CORANA;PV;PAVIA;R00090;LOMBARDIA
2024;C983;CORATO;BA;BARI;R00134;PUGLIA
2024;C984;CORBARA;SA;SALERNO;R00045;CAMPANIA
2024;C986;CORBETTA;MI;MILANO;R00090;LOMBARDIA
2024;C987;CORBOLA;RO;ROVIGO;R00205;VENETO
2024;C988;CORCHIANO;VT;VITERBO;R00072;LAZIO
2024;C990;CORCIANO;PG;PERUGIA;R00189;UMBRIA
2024;C991;CORDENONS;PN;PORDENONE;R00063;FRIULI-VENEZIA GIULIA
2024;C992;CORDIGNANO;TV;TREVISO;R00205;VENETO
2024;C993;CORDOVADO;PN;PORDENONE;R00063;FRIULI-VENEZIA GIULIA
2024;C995;COREGLIA LIGURE;GE;GENOVA;R00081;LIGURIA
2024;C996;COREGLIA ANTELMINELLI;LU;LUCCA;R00161;TOSCANA
2024;C998;CORENO AUSONIO;FR;FROSINONE;R00072;LAZIO
2024;C999;CORFINIO;AQ;L'AQUILA;R00018;ABRUZZO
2024;D003;CORI;LT;LATINA;R00072;LAZIO
2024;D004;CORIANO;RN;RIMINI;R00054;EMILIA-ROMAGNA
2024;D006;CORIGLIANO D'OTRANTO;LE;LECCE;R00134;PUGLIA
2024;D007;CORINALDO;AN;ANCONA;R00107;MARCHE
2024;D008;CORIO;TO;TORINO;R00125;PIEMONTE
2024;D009;CORLEONE;PA;PALERMO;R00152;SICILIA
2024;D010;CORLETO PERTICARA;PZ;POTENZA;R00027;BASILICATA
2024;D011;CORLETO MONFORTE;SA;SALERNO;R00045;CAMPANIA
2024;D012;COURMAYEUR;AO;AOSTA;R00198;VALLE D'AOSTA/VALLÉE D'AOSTE
2024;D013;CORMANO;MI;MILANO;R00090;LOMBARDIA
2024;D014;CORMONS;GO;GORIZIA;R00063;FRIULI-VENEZIA GIULIA
2024;D015;CORNA IMAGNA;BG;BERGAMO;R00090;LOMBARDIA
2024;D016;CORNALBA;BG;BERGAMO;R00090;LOMBARDIA
2024;D018;CORNAREDO;MI;MILANO;R00090;LOMBARDIA
2024;D019;CORNATE D'ADDA;MB;MONZA E BRIANZA;R00090;LOMBARDIA
2024;D020;CORNEDO VICENTINO;VI;VICENZA;R00205;VENETO
2024;D021;CORNEGLIANO LAUDENSE;LO;LODI;R00090;LOMBARDIA
2024;D022;CORNELIANO D'ALBA;CN;CUNEO;R00125;PIEMONTE
2024;D024;TARQUINIA;VT;VITERBO;R00072;LAZIO
2024;D026;CORNIGLIO;PR;PARMA;R00054;EMILIA-ROMAGNA
2024;D027;CORNO DI ROSAZZO;UD;UDINE;R00063;FRIULI-VENEZIA GIULIA
2024;D028;CORNO GIOVINE;LO;LODI;R00090;LOMBARDIA
2024;D029;CORNOVECCHIO;LO;LODI;R00090;LOMBARDIA
2024;D030;CORNUDA;TV;TREVISO;R00205;VENETO
2024;D033;MORIMONDO;MI;MILANO;R00090;LOMBARDIA
2024;D037;CORREGGIO;RE;REGGIO EMILIA;R00054;EMILIA-ROMAGNA
2024;D038;CORREZZANA;MB;MONZA E BRIANZA;R00090;LOMBARDIA
2024;D040;CORREZZOLA;PD;PADOVA;R00205;VENETO
2024;D041;CORRIDO;CO;COMO;R00090;LOMBARDIA
2024;D042;CORRIDONIA;MC;MACERATA;R00107;MARCHE
2024;D043;CORROPOLI;TE;TERAMO;R00018;ABRUZZO
2024;D044;CORSANO;LE;LECCE;R00134;PUGLIA
2024;D045;CORSICO;MI;MILANO;R00090;LOMBARDIA
2024;D046;CORSIONE;AT;ASTI;R00125;PIEMONTE
2024;D048;CORTACCIA;BZ;BOLZANO;R00223;PROVINCIA AUTONOMA BOLZANO
2024;D049;CORTALE;CZ;CATANZARO;R00036;CALABRIA
2024;D050;CORTANDONE;AT;ASTI;R00125;PIEMONTE
2024;D051;CORTANZE;AT;ASTI;R00125;PIEMONTE
2024;D052;CORTAZZONE;AT;ASTI;R00125;PIEMONTE
2024;D054;CORTE BRUGNATELLA;PC;PIACENZA;R00054;EMILIA-ROMAGNA
2024;D056;CORTE DE' CORTESI CON CIGNONE;CR;CREMONA;R00090;LOMBARDIA
2024;D057;CORTE DE' FRATI;CR;CREMONA;R00090;LOMBARDIA
2024;D058;CORTE FRANCA;BS;BRESCIA;R00090;LOMBARDIA
2024;D942;GAVELLO;RO;ROVIGO;R00205;VENETO
2024;D943;GAVERINA TERME;BG;BERGAMO;R00090;LOMBARDIA
2024;D944;GAVI;AL;ALESSANDRIA;R00125;PIEMONTE
2024;D945;GAVIGNANO;RM;ROMA;R00072;LAZIO
2024;D946;GAVIRATE;VA;VARESE;R00090;LOMBARDIA
2024;D947;GAVOI;NU;NUORO;R00143;SARDEGNA
2024;D948;GAVORRANO;GR;GROSSETO;R00161;TOSCANA
2024;D949;GAZOLDO DEGLI IPPOLITI;MN;MANTOVA;R00090;LOMBARDIA
2024;D951;GAZZADA SCHIANNO;VA;VARESE;R00090;LOMBARDIA
2024;D952;GAZZANIGA;BG;BERGAMO;R00090;LOMBARDIA
2024;D956;GAZZO PADOVANO;PD;PADOVA;R00205;VENETO
2024;D957;GAZZO VERONESE;VR;VERONA;R00205;VENETO
2024;D871;GALLIATE LOMBARDO;VA;VARESE;R00090;LOMBARDIA
2024;D786;UMBERTIDE;PG;PERUGIA;R00189;UMBRIA
2024;D787;FRATTA TODINA;PG;PERUGIA;R00189;UMBRIA
2024;D788;FRATTA POLESINE;RO;ROVIGO;R00205;VENETO
2024;D789;FRATTAMAGGIORE;NA;NAPOLI;R00045;CAMPANIA
2024;D790;FRATTAMINORE;NA;NAPOLI;R00045;CAMPANIA
2024;D791;FRATTE ROSA;PU;PESARO - URBINO;R00107;MARCHE
2024;D793;FRAZZANO';ME;MESSINA;R00152;SICILIA
2024;D794;FREGONA;TV;TREVISO;R00205;VENETO
2024;D796;FRESAGRANDINARIA;CH;CHIETI;R00018;ABRUZZO
2024;D797;FRESONARA;AL;ALESSANDRIA;R00125;PIEMONTE
2024;D798;FRIGENTO;AV;AVELLINO;R00045;CAMPANIA
2024;D799;FRIGNANO;CE;CASERTA;R00045;CAMPANIA
2024;D801;VILLA DI BRIANO;CE;CASERTA;R00045;CAMPANIA
2024;D802;FRINCO;AT;ASTI;R00125;PIEMONTE
2024;D803;FRISA;CH;CHIETI;R00018;ABRUZZO
2024;D804;FRISANCO;PN;PORDENONE;R00063;FRIULI-VENEZIA GIULIA
2024;D805;FRONT;TO;TORINO;R00125;PIEMONTE
2024;D807;FRONTINO;PU;PESARO - URBINO;R00107;MARCHE
2024;D808;FRONTONE;PU;PESARO - URBINO;R00107;MARCHE
2024;D810;FROSINONE;FR;FROSINONE;R00072;LAZIO
2024;D811;FROSOLONE;IS;ISERNIA;R00116;MOLISE
2024;D812;FROSSASCO;TO;TORINO;R00125;PIEMONTE
2024;D813;FRUGAROLO;AL;ALESSANDRIA;R00125;PIEMONTE
2024;D814;FUBINE;AL;ALESSANDRIA;R00125;PIEMONTE
2024;D815;FUCECCHIO;FI;FIRENZE;R00161;TOSCANA
2024;D817;FUIPIANO VALLE IMAGNA;BG;BERGAMO;R00090;LOMBARDIA
2024;D818;FUMANE;VR;VERONA;R00205;VENETO
2024;D819;FUMONE;FR;FROSINONE;R00072;LAZIO
2024;D821;FUNES;BZ;BOLZANO;R00223;PROVINCIA AUTONOMA BOLZANO
2024;D823;FURCI;CH;CHIETI;R00018;ABRUZZO
2024;D824;FURCI SICULO;ME;MESSINA;R00152;SICILIA
2024;D825;FURNARI;ME;MESSINA;R00152;SICILIA
2024;D826;FURORE;SA;SALERNO;R00045;CAMPANIA
2024;D828;FUSCALDO;CS;COSENZA;R00036;CALABRIA
2024;D829;FUSIGNANO;RA;RAVENNA;R00054;EMILIA-ROMAGNA
2024;D830;FUSINE;SO;SONDRIO;R00090;LOMBARDIA
2024;D832;FUTANI;SA;SALERNO;R00045;CAMPANIA
2024;D834;GABBIONETA BINANUOVA;CR;CREMONA;R00090;LOMBARDIA
2024;D835;GABIANO;AL;ALESSANDRIA;R00125;PIEMONTE
2024;D836;GABICCE MARE;PU;PESARO - URBINO;R00107;MARCHE
2024;D839;GABY;AO;AOSTA;R00198;VALLE D'AOSTA/VALLÉE D'AOSTE
2024;D841;GADESCO PIEVE DELMONA;CR;CREMONA;R00090;LOMBARDIA
2024;D842;GADONI;NU;NUORO;R00143;SARDEGNA
2024;D843;GAETA;LT;LATINA;R00072;LAZIO
2024;D844;GAGGI;ME;MESSINA;R00152;SICILIA
2024;D845;GAGGIANO;MI;MILANO;R00090;LOMBARDIA
2024;D847;GAGGIO MONTANO;BO;BOLOGNA;R00054;EMILIA-ROMAGNA
2024;D848;GAGLIANICO;BI;BIELLA;R00125;PIEMONTE
2024;D849;GAGLIANO CASTELFERRATO;EN;ENNA;R00152;SICILIA
2024;D850;GAGLIANO ATERNO;AQ;L'AQUILA;R00018;ABRUZZO
2024;D851;GAGLIANO DEL CAPO;LE;LECCE;R00134;PUGLIA
2024;D852;GAGLIATO;CZ;CATANZARO;R00036;CALABRIA
2024;D853;GAGLIOLE;MC;MACERATA;R00107;MARCHE
2024;D854;GAIARINE;TV;TREVISO;R00205;VENETO
2024;D855;GAIBA;RO;ROVIGO;R00205;VENETO
2024;D856;GAIOLA;CN;CUNEO;R00125;PIEMONTE
2024;D858;GAIOLE IN CHIANTI;SI;SIENA;R00161;TOSCANA
2024;D860;GAIS;BZ;BOLZANO;R00223;PROVINCIA AUTONOMA BOLZANO
2024;D861;GALATI MAMERTINO;ME;MESSINA;R00152;SICILIA
2024;D862;GALATINA;LE;LECCE;R00134;PUGLIA
2024;D863;GALATONE;LE;LECCE;R00134;PUGLIA
2024;D864;GALATRO;RC;REGGIO CALABRIA;R00036;CALABRIA
2024;D865;GALBIATE;LC;LECCO;R00090;LOMBARDIA
2024;D867;GALEATA;FC;FORLI' - CESENA;R00054;EMILIA-ROMAGNA
2024;D868;GALGAGNANO;LO;LODI;R00090;LOMBARDIA
2024;D785;FRASSO SABINO;RI;RIETI;R00072;LAZIO
2024;D869;GALLARATE;VA;VARESE;R00090;LOMBARDIA
2024;D870;GALLESE;VT;VITERBO;R00072;LAZIO
2024;D708;FORMIA;LT;LATINA;R00072;LAZIO
2024;D709;FORMICOLA;CE;CASERTA;R00045;CAMPANIA
2024;D710;FORMIGARA;CR;CREMONA;R00090;LOMBARDIA
2024;D711;FORMIGINE;MO;MODENA;R00054;EMILIA-ROMAGNA
2024;D712;FORMIGLIANA;VC;VERCELLI;R00125;PIEMONTE
2024;D714;FORNACE;TN;TRENTO;R00214;PROVINCIA AUTONOMA TRENTO
2024;D715;FORNELLI;IS;ISERNIA;R00116;MOLISE
2024;D717;TONEZZA DEL CIMONE;VI;VICENZA;R00205;VENETO
2024;D718;FORNI AVOLTRI;UD;UDINE;R00063;FRIULI-VENEZIA GIULIA
2024;D719;FORNI DI SOPRA;UD;UDINE;R00063;FRIULI-VENEZIA GIULIA
2024;D720;FORNI DI SOTTO;UD;UDINE;R00063;FRIULI-VENEZIA GIULIA
2024;D725;FORNO CANAVESE;TO;TORINO;R00125;PIEMONTE
2024;D727;FORNOVO DI SAN GIOVANNI;BG;BERGAMO;R00090;LOMBARDIA
2024;D728;FORNOVO DI TARO;PR;PARMA;R00054;EMILIA-ROMAGNA
2024;D730;FORTE DEI MARMI;LU;LUCCA;R00161;TOSCANA
2024;D731;FORTEZZA;BZ;BOLZANO;R00223;PROVINCIA AUTONOMA BOLZANO
2024;D732;FORTUNAGO;PV;PAVIA;R00090;LOMBARDIA
2024;D733;FORZA D'AGRO';ME;MESSINA;R00152;SICILIA
2024;D734;FOSCIANDORA;LU;LUCCA;R00161;TOSCANA
2024;D735;FOSDINOVO;MS;MASSA CARRARA;R00161;TOSCANA
2024;D736;FOSSA;AQ;L'AQUILA;R00018;ABRUZZO
2024;D737;FOSSALTO;CB;CAMPOBASSO;R00116;MOLISE
2024;D738;FOSSACESIA;CH;CHIETI;R00018;ABRUZZO
2024;D740;FOSSALTA DI PIAVE;VE;VENEZIA;R00205;VENETO
2024;D741;FOSSALTA DI PORTOGRUARO;VE;VENEZIA;R00205;VENETO
2024;D742;FOSSANO;CN;CUNEO;R00125;PIEMONTE
2024;D744;FOSSATO SERRALTA;CZ;CATANZARO;R00036;CALABRIA
2024;D745;FOSSATO DI VICO;PG;PERUGIA;R00189;UMBRIA
2024;D746;MONTEBELLO IONICO;RC;REGGIO CALABRIA;R00036;CALABRIA
2024;D748;FOSSO';VE;VENEZIA;R00205;VENETO
2024;D749;FOSSOMBRONE;PU;PESARO - URBINO;R00107;MARCHE
2024;D750;FOZA;VI;VICENZA;R00205;VENETO
2024;D751;FRABOSA SOPRANA;CN;CUNEO;R00125;PIEMONTE
2024;D752;FRABOSA SOTTANA;CN;CUNEO;R00125;PIEMONTE
2024;D754;FRAGAGNANO;TA;TARANTO;R00134;PUGLIA
2024;D755;FRAGNETO L'ABATE;BN;BENEVENTO;R00045;CAMPANIA
2024;D756;FRAGNETO MONFORTE;BN;BENEVENTO;R00045;CAMPANIA
2024;D757;FRAINE;CH;CHIETI;R00018;ABRUZZO
2024;D758;FRAMURA;SP;LA SPEZIA;R00081;LIGURIA
2024;D759;FRANCAVILLA BISIO;AL;ALESSANDRIA;R00125;PIEMONTE
2024;D760;FRANCAVILLA D'ETE;FM;FERMO;R00107;MARCHE
2024;D761;FRANCAVILLA FONTANA;BR;BRINDISI;R00134;PUGLIA
2024;D762;FRANCAVILLA ANGITOLA;VV;VIBO VALENTIA;R00036;CALABRIA
2024;D763;FRANCAVILLA AL MARE;CH;CHIETI;R00018;ABRUZZO
2024;D764;FRANCAVILLA MARITTIMA;CS;COSENZA;R00036;CALABRIA
2024;D765;FRANCAVILLA DI SICILIA;ME;MESSINA;R00152;SICILIA
2024;D766;FRANCAVILLA IN SINNI;PZ;POTENZA;R00027;BASILICATA
2024;D767;FRANCICA;VV;VIBO VALENTIA;R00036;CALABRIA
2024;D768;FRANCOFONTE;SR;SIRACUSA;R00152;SICILIA
2024;D769;FRANCOLISE;CE;CASERTA;R00045;CAMPANIA
2024;D770;FRASCARO;AL;ALESSANDRIA;R00125;PIEMONTE
2024;D771;FRASCAROLO;PV;PAVIA;R00090;LOMBARDIA
2024;D773;FRASCATI;RM;ROMA;R00072;LAZIO
2024;D774;FRASCINETO;CS;COSENZA;R00036;CALABRIA
2024;D775;FRASSILONGO;TN;TRENTO;R00214;PROVINCIA AUTONOMA TRENTO
2024;D776;FRASSINELLE POLESINE;RO;ROVIGO;R00205;VENETO
2024;D777;FRASSINELLO MONFERRATO;AL;ALESSANDRIA;R00125;PIEMONTE
2024;D780;FRASSINETO PO;AL;ALESSANDRIA;R00125;PIEMONTE
2024;D781;FRASSINETTO;TO;TORINO;R00125;PIEMONTE
2024;D782;FRASSINO;CN;CUNEO;R00125;PIEMONTE
2024;D783;FRASSINORO;MO;MODENA;R00054;EMILIA-ROMAGNA
2024;D784;FRASSO TELESINO;BN;BENEVENTO;R00045;CAMPANIA
2024;D707;FORMELLO;RM;ROMA;R00072;LAZIO
2024;D623;FIUMEFREDDO DI SICILIA;CT;CATANIA;R00152;SICILIA
2024;D624;FIUMEFREDDO BRUZIO;CS;COSENZA;R00036;CALABRIA
2024;D628;FIUMINATA;MC;MACERATA;R00107;MARCHE
2024;D629;FIVIZZANO;MS;MASSA CARRARA;R00161;TOSCANA
2024;D630;FLAIBANO;UD;UDINE;R00063;FRIULI-VENEZIA GIULIA
2024;D634;FLERO;BS;BRESCIA;R00090;LOMBARDIA
2024;D635;FLORESTA;ME;MESSINA;R00152;SICILIA
2024;D636;FLORIDIA;SR;SIRACUSA;R00152;SICILIA
2024;D637;FLORINAS;SS;SASSARI;R00143;SARDEGNA
2024;D638;FLUMERI;AV;AVELLINO;R00045;CAMPANIA
2024;D640;FLUSSIO;OR;ORISTANO;R00143;SARDEGNA
2024;D641;FOBELLO;VC;VERCELLI;R00125;PIEMONTE
2024;D643;FOGGIA;FG;FOGGIA;R00134;PUGLIA
2024;D644;FOGLIANISE;BN;BENEVENTO;R00045;CAMPANIA
2024;D645;FOGLIANO REDIPUGLIA;GO;GORIZIA;R00063;FRIULI-VENEZIA GIULIA
2024;D646;FOGLIZZO;TO;TORINO;R00125;PIEMONTE
2024;D649;FOIANO DELLA CHIANA;AR;AREZZO;R00161;TOSCANA
2024;D650;FOIANO DI VAL FORTORE;BN;BENEVENTO;R00045;CAMPANIA
2024;D651;FOLGARIA;TN;TRENTO;R00214;PROVINCIA AUTONOMA TRENTO
2024;D652;FOLIGNANO;AP;ASCOLI PICENO;R00107;MARCHE
2024;D653;FOLIGNO;PG;PERUGIA;R00189;UMBRIA
2024;D654;FOLLINA;TV;TREVISO;R00205;VENETO
2024;D655;FOLLO;SP;LA SPEZIA;R00081;LIGURIA
2024;D656;FOLLONICA;GR;GROSSETO;R00161;TOSCANA
2024;D660;FOMBIO;LO;LODI;R00090;LOMBARDIA
2024;D661;FONDACHELLI-FANTINA;ME;MESSINA;R00152;SICILIA
2024;D662;FONDI;LT;LATINA;R00072;LAZIO
2024;D665;FONNI;NU;NUORO;R00143;SARDEGNA
2024;D666;FONTAINEMORE;AO;AOSTA;R00198;VALLE D'AOSTA/VALLÉE D'AOSTE
2024;D667;FONTANA LIRI;FR;FROSINONE;R00072;LAZIO
2024;D668;FONTANELICE;BO;BOLOGNA;R00054;EMILIA-ROMAGNA
2024;D670;FONTANAFREDDA;PN;PORDENONE;R00063;FRIULI-VENEZIA GIULIA
2024;D671;FONTANAROSA;AV;AVELLINO;R00045;CAMPANIA
2024;D672;FONTANELLA;BG;BERGAMO;R00090;LOMBARDIA
2024;D673;FONTANELLATO;PR;PARMA;R00054;EMILIA-ROMAGNA
2024;D674;FONTANELLE;TV;TREVISO;R00205;VENETO
2024;D675;FONTANETO D'AGOGNA;NO;NOVARA;R00125;PIEMONTE
2024;D676;FONTANETTO PO;VC;VERCELLI;R00125;PIEMONTE
2024;D677;FONTANIGORDA;GE;GENOVA;R00081;LIGURIA
2024;D678;FONTANILE;AT;ASTI;R00125;PIEMONTE
2024;D679;FONTANIVA;PD;PADOVA;R00205;VENETO
2024;D680;FONTE;TV;TREVISO;R00205;VENETO
2024;D681;FONTECCHIO;AQ;L'AQUILA;R00018;ABRUZZO
2024;D682;FONTECHIARI;FR;FROSINONE;R00072;LAZIO
2024;D683;FONTEGRECA;CE;CASERTA;R00045;CAMPANIA
2024;D684;FONTENO;BG;BERGAMO;R00090;LOMBARDIA
2024;D685;FONTEVIVO;PR;PARMA;R00054;EMILIA-ROMAGNA
2024;D686;FONZASO;BL;BELLUNO;R00205;VENETO
2024;D688;FOPPOLO;BG;BERGAMO;R00090;LOMBARDIA
2024;D689;FORANO;RI;RIETI;R00072;LAZIO
2024;D690;SAN GIOVANNI TEATINO;CH;CHIETI;R00018;ABRUZZO
2024;D691;FORCE;AP;ASCOLI PICENO;R00107;MARCHE
2024;D693;FORCHIA;BN;BENEVENTO;R00045;CAMPANIA
2024;D694;FORCOLA;SO;SONDRIO;R00090;LOMBARDIA
2024;D695;FORDONGIANUS;OR;ORISTANO;R00143;SARDEGNA
2024;D696;FORENZA;PZ;POTENZA;R00027;BASILICATA
2024;D697;FORESTO SPARSO;BG;BERGAMO;R00090;LOMBARDIA
2024;D700;FORGARIA NEL FRIULI;UD;UDINE;R00063;FRIULI-VENEZIA GIULIA
2024;D701;FORINO;AV;AVELLINO;R00045;CAMPANIA
2024;D702;FORIO D'ISCHIA;NA;NAPOLI;R00045;CAMPANIA
2024;D703;FORLI DEL SANNIO;IS;ISERNIA;R00116;MOLISE
2024;D704;FORLI';FC;FORLI' - CESENA;R00054;EMILIA-ROMAGNA
2024;D622;FIUMEDINISI;ME;MESSINA;R00152;SICILIA
2024;D705;FORLIMPOPOLI;FC;FORLI' - CESENA;R00054;EMILIA-ROMAGNA
2024;D706;FORMAZZA;VB;VERBANO-CUSIO-OSSOLA;R00125;PIEMONTE
2024;D541;FERMIGNANO;PU;PESARO - URBINO;R00107;MARCHE
2024;D542;FERMO;FM;FERMO;R00107;MARCHE
2024;D543;FERNO;VA;VARESE;R00090;LOMBARDIA
2024;D544;FEROLETO ANTICO;CZ;CATANZARO;R00036;CALABRIA
2024;D545;FEROLETO DELLA CHIESA;RC;REGGIO CALABRIA;R00036;CALABRIA
2024;D546;PIANOPOLI;CZ;CATANZARO;R00036;CALABRIA
2024;D547;FERRANDINA;MT;MATERA;R00027;BASILICATA
2024;D548;FERRARA;FE;FERRARA;R00054;EMILIA-ROMAGNA
2024;D549;FERRARA DI MONTE BALDO;VR;VERONA;R00205;VENETO
2024;D550;FERRAZZANO;CB;CAMPOBASSO;R00116;MOLISE
2024;D551;FERRERA DI VARESE;VA;VARESE;R00090;LOMBARDIA
2024;D552;FERRERA ERBOGNONE;PV;PAVIA;R00090;LOMBARDIA
2024;D553;MONCENISIO;TO;TORINO;R00125;PIEMONTE
2024;D554;FERRERE;AT;ASTI;R00125;PIEMONTE
2024;D555;FERRIERE;PC;PIACENZA;R00054;EMILIA-ROMAGNA
2024;D557;FERRUZZANO;RC;REGGIO CALABRIA;R00036;CALABRIA
2024;D559;FRACONALTO;AL;ALESSANDRIA;R00125;PIEMONTE
2024;D560;FIAMIGNANO;RI;RIETI;R00072;LAZIO
2024;D561;FIANO ROMANO;RM;ROMA;R00072;LAZIO
2024;D562;FIANO;TO;TORINO;R00125;PIEMONTE
2024;D564;FIASTRA;MC;MACERATA;R00107;MARCHE
2024;D565;FIAVE';TN;TRENTO;R00214;PROVINCIA AUTONOMA TRENTO
2024;D566;POGGIO SAN VICINO;MC;MACERATA;R00107;MARCHE
2024;D567;FICARAZZI;PA;PALERMO;R00152;SICILIA
2024;D568;FICAROLO;RO;ROVIGO;R00205;VENETO
2024;D569;FICARRA;ME;MESSINA;R00152;SICILIA
2024;D570;FICULLE;TR;TERNI;R00189;UMBRIA
2024;D571;FIE' ALLO SCILIAR;BZ;BOLZANO;R00223;PROVINCIA AUTONOMA BOLZANO
2024;D573;FIEROZZO;TN;TRENTO;R00214;PROVINCIA AUTONOMA TRENTO
2024;D574;FIESCO;CR;CREMONA;R00090;LOMBARDIA
2024;D575;FIESOLE;FI;FIRENZE;R00161;TOSCANA
2024;D576;FIESSE;BS;BRESCIA;R00090;LOMBARDIA
2024;D577;FIESSO UMBERTIANO;RO;ROVIGO;R00205;VENETO
2024;D578;FIESSO D'ARTICO;VE;VENEZIA;R00205;VENETO
2024;D579;FIGINO SERENZA;CO;COMO;R00090;LOMBARDIA
2024;D582;FIGLINE VEGLIATURO;CS;COSENZA;R00036;CALABRIA
2024;D585;GONNOSNO';OR;ORISTANO;R00143;SARDEGNA
2024;D586;FILACCIANO;RM;ROMA;R00072;LAZIO
2024;D587;FILADELFIA;VV;VIBO VALENTIA;R00036;CALABRIA
2024;D588;FILAGO;BG;BERGAMO;R00090;LOMBARDIA
2024;D589;FILANDARI;VV;VIBO VALENTIA;R00036;CALABRIA
2024;D590;FILATTIERA;MS;MASSA CARRARA;R00161;TOSCANA
2024;D591;FILETTINO;FR;FROSINONE;R00072;LAZIO
2024;D592;FILETTO;CH;CHIETI;R00018;ABRUZZO
2024;D593;FILIANO;PZ;POTENZA;R00027;BASILICATA
2024;D594;FILIGHERA;PV;PAVIA;R00090;LOMBARDIA
2024;D595;FILIGNANO;IS;ISERNIA;R00116;MOLISE
2024;D596;FILOGASO;VV;VIBO VALENTIA;R00036;CALABRIA
2024;D597;FILOTTRANO;AN;ANCONA;R00107;MARCHE
2024;D599;FINALE EMILIA;MO;MODENA;R00054;EMILIA-ROMAGNA
2024;D600;FINALE LIGURE;SV;SAVONA;R00081;LIGURIA
2024;D604;FINO DEL MONTE;BG;BERGAMO;R00090;LOMBARDIA
2024;D605;FINO MORNASCO;CO;COMO;R00090;LOMBARDIA
2024;D606;FIORANO AL SERIO;BG;BERGAMO;R00090;LOMBARDIA
2024;D607;FIORANO MODENESE;MO;MODENA;R00054;EMILIA-ROMAGNA
2024;D608;FIORANO CANAVESE;TO;TORINO;R00125;PIEMONTE
2024;D611;FIORENZUOLA D'ARDA;PC;PIACENZA;R00054;EMILIA-ROMAGNA
2024;D612;FIRENZE;FI;FIRENZE;R00161;TOSCANA
2024;D613;FIRENZUOLA;FI;FIRENZE;R00161;TOSCANA
2024;D614;FIRMO;CS;COSENZA;R00036;CALABRIA
2024;D615;FISCIANO;SA;SALERNO;R00045;CAMPANIA
2024;D617;FIUMALBO;MO;MODENA;R00054;EMILIA-ROMAGNA
2024;D619;FIUMARA;RC;REGGIO CALABRIA;R00036;CALABRIA
2024;D621;FIUME VENETO;PN;PORDENONE;R00063;FRIULI-VENEZIA GIULIA
2024;D540;FERLA;SR;SIRACUSA;R00152;SICILIA
2024;G504;PESSINA CREMONESE;CR;CREMONA;R00090;LOMBARDIA
2024;G505;PESSINETTO;TO;TORINO;R00125;PIEMONTE
2024;G506;PETACCIATO;CB;CAMPOBASSO;R00116;MOLISE
2024;G507;TURANIA;RI;RIETI;R00072;LAZIO
2024;G508;PETILIA POLICASTRO;KR;CROTONE;R00036;CALABRIA
2024;G509;PETINA;SA;SALERNO;R00045;CAMPANIA
2024;G510;PETRALIA SOPRANA;PA;PALERMO;R00152;SICILIA
2024;G511;PETRALIA SOTTANA;PA;PALERMO;R00152;SICILIA
2024;G512;PETRELLA TIFERNINA;CB;CAMPOBASSO;R00116;MOLISE
2024;G513;PETRELLA SALTO;RI;RIETI;R00072;LAZIO
2024;G514;PETRIANO;PU;PESARO - URBINO;R00107;MARCHE
2024;G515;PETRIOLO;MC;MACERATA;R00107;MARCHE
2024;G516;PETRITOLI;FM;FERMO;R00107;MARCHE
2024;G517;PETRIZZI;CZ;CATANZARO;R00036;CALABRIA
2024;G518;PETRONA';CZ;CATANZARO;R00036;CALABRIA
2024;G519;PETRURO IRPINO;AV;AVELLINO;R00045;CAMPANIA
2024;G520;PETTENASCO;NO;NOVARA;R00125;PIEMONTE
2024;G521;PETTINENGO;BI;BIELLA;R00125;PIEMONTE
2024;G361;PASSIRANO;BS;BRESCIA;R00090;LOMBARDIA
2024;G362;PASTENA;FR;FROSINONE;R00072;LAZIO
2024;G364;PASTORANO;CE;CASERTA;R00045;CAMPANIA
2024;G365;PASTRENGO;VR;VERONA;R00205;VENETO
2024;G367;PASTURANA;AL;ALESSANDRIA;R00125;PIEMONTE
2024;G368;PASTURO;LC;LECCO;R00090;LOMBARDIA
2024;G370;PATERNOPOLI;AV;AVELLINO;R00045;CAMPANIA
2024;G371;PATERNO' CT;CT;CATANIA;R00152;SICILIA
2024;G372;PATERNO CALABRO;CS;COSENZA;R00036;CALABRIA
2024;G374;PATRICA;FR;FROSINONE;R00072;LAZIO
2024;G376;PATTADA;SS;SASSARI;R00143;SARDEGNA
2024;G377;PATTI;ME;MESSINA;R00152;SICILIA
2024;G378;PATU';LE;LECCE;R00134;PUGLIA
2024;G379;PAU;OR;ORISTANO;R00143;SARDEGNA
2024;G381;PAULARO;UD;UDINE;R00063;FRIULI-VENEZIA GIULIA
2024;G384;PAULILATINO;OR;ORISTANO;R00143;SARDEGNA
2024;G385;PAULLO;MI;MILANO;R00090;LOMBARDIA
2024;G386;PAUPISI;BN;BENEVENTO;R00045;CAMPANIA
2024;G387;PAVAROLO;TO;TORINO;R00125;PIEMONTE
2024;G388;PAVIA;PV;PAVIA;R00090;LOMBARDIA
2024;G389;PAVIA DI UDINE;UD;UDINE;R00063;FRIULI-VENEZIA GIULIA
2024;G391;PAVONE DEL MELLA;BS;BRESCIA;R00090;LOMBARDIA
2024;G392;PAVONE CANAVESE;TO;TORINO;R00125;PIEMONTE
2024;G393;PAVULLO NEL FRIGNANO;MO;MODENA;R00054;EMILIA-ROMAGNA
2024;G394;PAZZANO;RC;REGGIO CALABRIA;R00036;CALABRIA
2024;G395;PECCIOLI;PI;PISA;R00161;TOSCANA
2024;G397;PECETTO DI VALENZA;AL;ALESSANDRIA;R00125;PIEMONTE
2024;G398;PECETTO TORINESE;TO;TORINO;R00125;PIEMONTE
2024;G402;PEDARA;CT;CATANIA;R00152;SICILIA
2024;G403;PEDASO;FM;FERMO;R00107;MARCHE
2024;G404;PEDAVENA;BL;BELLUNO;R00205;VENETO
2024;G406;PEDEMONTE;VI;VICENZA;R00205;VENETO
2024;G407;SAN PAOLO;BS;BRESCIA;R00090;LOMBARDIA
2024;G408;PEDEROBBA;TV;TREVISO;R00205;VENETO
2024;G410;PEDESINA;SO;SONDRIO;R00090;LOMBARDIA
2024;G411;PEDIVIGLIANO;CS;COSENZA;R00036;CALABRIA
2024;G412;PEDRENGO;BG;BERGAMO;R00090;LOMBARDIA
2024;G415;PEGLIO CO;CO;COMO;R00090;LOMBARDIA
2024;G416;PEGLIO PS;PU;PESARO - URBINO;R00107;MARCHE
2024;G417;PEGOGNAGA;MN;MANTOVA;R00090;LOMBARDIA
2024;G418;PEIA;BG;BERGAMO;R00090;LOMBARDIA
2024;G419;PEIO;TN;TRENTO;R00214;PROVINCIA AUTONOMA TRENTO
2024;G420;PELAGO;FI;FIRENZE;R00161;TOSCANA
2024;G421;PELLA;NO;NOVARA;R00125;PIEMONTE
2024;G424;PELLEGRINO PARMENSE;PR;PARMA;R00054;EMILIA-ROMAGNA
2024;G426;PELLEZZANO;SA;SALERNO;R00045;CAMPANIA
2024;G428;PELLIZZANO;TN;TRENTO;R00214;PROVINCIA AUTONOMA TRENTO
2024;G429;PELUGO;TN;TRENTO;R00214;PROVINCIA AUTONOMA TRENTO
2024;G430;PENANGO;AT;ASTI;R00125;PIEMONTE
2024;G431;POGGIRIDENTI;SO;SONDRIO;R00090;LOMBARDIA
2024;G432;PENNA IN TEVERINA;TR;TERNI;R00189;UMBRIA
2024;G433;PENNABILLI;RN;RIMINI;R00054;EMILIA-ROMAGNA
2024;G434;PENNADOMO;CH;CHIETI;R00018;ABRUZZO
2024;G435;PENNAPIEDIMONTE;CH;CHIETI;R00018;ABRUZZO
2024;G436;PENNA SAN GIOVANNI;MC;MACERATA;R00107;MARCHE
2024;G437;PENNA SANT'ANDREA;TE;TERAMO;R00018;ABRUZZO
2024;G438;PENNE;PE;PESCARA;R00018;ABRUZZO
2024;G439;PENTONE;CZ;CATANZARO;R00036;CALABRIA
2024;G441;PERANO;CH;CHIETI;R00018;ABRUZZO
2024;G442;PERAROLO DI CADORE;BL;BELLUNO;R00205;VENETO
2024;G443;PERCA;BZ;BOLZANO;R00223;PROVINCIA AUTONOMA BOLZANO
2024;G444;PERCILE;RM;ROMA;R00072;LAZIO
2024;G359;PASSIGNANO SUL TRASIMENO;PG;PERUGIA;R00189;UMBRIA
2024;G275;PALESTRO;PV;PAVIA;R00090;LOMBARDIA
2024;G276;PALIANO;FR;FROSINONE;R00072;LAZIO
2024;G277;PALIZZI;RC;REGGIO CALABRIA;R00036;CALABRIA
2024;G278;PALLAGORIO;KR;CROTONE;R00036;CALABRIA
2024;G280;PALLANZENO;VB;VERBANO-CUSIO-OSSOLA;R00125;PIEMONTE
2024;G281;PALLARE;SV;SAVONA;R00081;LIGURIA
2024;G282;PALMA DI MONTECHIARO;AG;AGRIGENTO;R00152;SICILIA
2024;G283;PALMA CAMPANIA;NA;NAPOLI;R00045;CAMPANIA
2024;G284;PALMANOVA;UD;UDINE;R00063;FRIULI-VENEZIA GIULIA
2024;G285;PALMARIGGI;LE;LECCE;R00134;PUGLIA
2024;G286;PALMAS ARBOREA;OR;ORISTANO;R00143;SARDEGNA
2024;G288;PALMI;RC;REGGIO CALABRIA;R00036;CALABRIA
2024;G289;PALMIANO;AP;ASCOLI PICENO;R00107;MARCHE
2024;G290;PALMOLI;CH;CHIETI;R00018;ABRUZZO
2024;G291;PALO DEL COLLE;BA;BARI;R00134;PUGLIA
2024;G292;PALOMONTE;SA;SALERNO;R00045;CAMPANIA
2024;G293;PALOMBARA SABINA;RM;ROMA;R00072;LAZIO
2024;G294;PALOMBARO;CH;CHIETI;R00018;ABRUZZO
2024;G295;PALOSCO;BG;BERGAMO;R00090;LOMBARDIA
2024;G296;PALU' DEL FERSINA;TN;TRENTO;R00214;PROVINCIA AUTONOMA TRENTO
2024;G297;PALU';VR;VERONA;R00205;VENETO
2024;G298;PALUDI;CS;COSENZA;R00036;CALABRIA
2024;G299;PLAUS;BZ;BOLZANO;R00223;PROVINCIA AUTONOMA BOLZANO
2024;G300;PALUZZA;UD;UDINE;R00063;FRIULI-VENEZIA GIULIA
2024;G302;PAMPARATO;CN;CUNEO;R00125;PIEMONTE
2024;G303;PANCALIERI;TO;TORINO;R00125;PIEMONTE
2024;G304;PANCARANA;PV;PAVIA;R00090;LOMBARDIA
2024;G305;PANCHIA';TN;TRENTO;R00214;PROVINCIA AUTONOMA TRENTO
2024;G306;PANDINO;CR;CREMONA;R00090;LOMBARDIA
2024;G307;PANETTIERI;CS;COSENZA;R00036;CALABRIA
2024;G308;PANICALE;PG;PERUGIA;R00189;UMBRIA
2024;G309;VILLARICCA;NA;NAPOLI;R00045;CAMPANIA
2024;G311;PANNARANO;BN;BENEVENTO;R00045;CAMPANIA
2024;G312;PANNI;FG;FOGGIA;R00134;PUGLIA
2024;G315;PANTELLERIA;TP;TRAPANI;R00152;SICILIA
2024;G316;PANTIGLIATE;MI;MILANO;R00090;LOMBARDIA
2024;G317;PAOLA;CS;COSENZA;R00036;CALABRIA
2024;G318;PAOLISI;BN;BENEVENTO;R00045;CAMPANIA
2024;G319;VALDERICE;TP;TRAPANI;R00152;SICILIA
2024;G320;PAPASIDERO;CS;COSENZA;R00036;CALABRIA
2024;G323;PAPOZZE;RO;ROVIGO;R00205;VENETO
2024;G324;PARABIAGO;MI;MILANO;R00090;LOMBARDIA
2024;G325;PARABITA;LE;LECCE;R00134;PUGLIA
2024;G327;PARATICO;BS;BRESCIA;R00090;LOMBARDIA
2024;G328;PARCINES;BZ;BOLZANO;R00223;PROVINCIA AUTONOMA BOLZANO
2024;G330;PARELLA;TO;TORINO;R00125;PIEMONTE
2024;G331;PARENTI;CS;COSENZA;R00036;CALABRIA
2024;G333;PARETE;CE;CASERTA;R00045;CAMPANIA
2024;G334;PARETO;AL;ALESSANDRIA;R00125;PIEMONTE
2024;G335;PARGHELIA;VV;VIBO VALENTIA;R00036;CALABRIA
2024;G336;PARLASCO;LC;LECCO;R00090;LOMBARDIA
2024;G337;PARMA;PR;PARMA;R00054;EMILIA-ROMAGNA
2024;G338;PARODI LIGURE;AL;ALESSANDRIA;R00125;PIEMONTE
2024;G339;PAROLDO;CN;CUNEO;R00125;PIEMONTE
2024;G340;PAROLISE;AV;AVELLINO;R00045;CAMPANIA
2024;G342;PARONA;PV;PAVIA;R00090;LOMBARDIA
2024;G344;PARRANO;TR;TERNI;R00189;UMBRIA
2024;G346;PARRE;BG;BERGAMO;R00090;LOMBARDIA
2024;G347;PARTANNA;TP;TRAPANI;R00152;SICILIA
2024;G348;PARTINICO;PA;PALERMO;R00152;SICILIA
2024;G349;PARUZZARO;NO;NOVARA;R00125;PIEMONTE
2024;G350;PARZANICA;BG;BERGAMO;R00090;LOMBARDIA
2024;G352;PASIAN DI PRATO;UD;UDINE;R00063;FRIULI-VENEZIA GIULIA
2024;G353;PASIANO DI PORDENONE;PN;PORDENONE;R00063;FRIULI-VENEZIA GIULIA
2024;G354;PASPARDO;BS;BRESCIA;R00090;LOMBARDIA
2024;G358;PASSERANO MARMORITO;AT;ASTI;R00125;PIEMONTE
2024;G274;PALESTRINA;RM;ROMA;R00072;LAZIO
2024;F340;MONCHIO DELLE CORTI;PR;PARMA;R00054;EMILIA-ROMAGNA
2024;F342;MONCRIVELLO;VC;VERCELLI;R00125;PIEMONTE
2024;F343;MONCUCCO TORINESE;AT;ASTI;R00125;PIEMONTE
2024;F346;MONDAINO;RN;RIMINI;R00054;EMILIA-ROMAGNA
2024;F347;MONDAVIO;PU;PESARO - URBINO;R00107;MARCHE
2024;F348;MONDOLFO;PU;PESARO - URBINO;R00107;MARCHE
2024;F351;MONDOVI';CN;CUNEO;R00125;PIEMONTE
2024;F352;MONDRAGONE;CE;CASERTA;R00045;CAMPANIA
2024;F354;MONEGLIA;GE;GENOVA;R00081;LIGURIA
2024;F355;MONESIGLIO;CN;CUNEO;R00125;PIEMONTE
2024;F356;MONFALCONE;GO;GORIZIA;R00063;FRIULI-VENEZIA GIULIA
2024;F357;SERRAMAZZONI;MO;MODENA;R00054;EMILIA-ROMAGNA
2024;F358;MONFORTE D'ALBA;CN;CUNEO;R00125;PIEMONTE
2024;F359;MONFORTE SAN GIORGIO;ME;MESSINA;R00152;SICILIA
2024;F360;MONFUMO;TV;TREVISO;R00205;VENETO
2024;F361;MONGARDINO;AT;ASTI;R00125;PIEMONTE
2024;F363;MONGHIDORO;BO;BOLOGNA;R00054;EMILIA-ROMAGNA
2024;F276;MOIO DE' CALVI;BG;BERGAMO;R00090;LOMBARDIA
2024;F190;MIANE;TV;TREVISO;R00205;VENETO
2024;F191;MIASINO;NO;NOVARA;R00125;PIEMONTE
2024;F192;MIAZZINA;VB;VERBANO-CUSIO-OSSOLA;R00125;PIEMONTE
2024;F193;MICIGLIANO;RI;RIETI;R00072;LAZIO
2024;F194;MIGGIANO;LE;LECCE;R00134;PUGLIA
2024;F196;MIGLIANICO;CH;CHIETI;R00018;ABRUZZO
2024;F200;MIGLIERINA;CZ;CATANZARO;R00036;CALABRIA
2024;F201;MIGLIONICO;MT;MATERA;R00027;BASILICATA
2024;F202;MIGNANEGO;GE;GENOVA;R00081;LIGURIA
2024;F203;MIGNANO MONTE LUNGO;CE;CASERTA;R00045;CAMPANIA
2024;F205;MILANO;MI;MILANO;R00090;LOMBARDIA
2024;F206;MILAZZO;ME;MESSINA;R00152;SICILIA
2024;F207;MILETO;VV;VIBO VALENTIA;R00036;CALABRIA
2024;F208;MILIS;OR;ORISTANO;R00143;SARDEGNA
2024;F209;MILITELLO IN VAL DI CATANIA;CT;CATANIA;R00152;SICILIA
2024;F210;MILITELLO ROSMARINO;ME;MESSINA;R00152;SICILIA
2024;F213;MILLESIMO;SV;SAVONA;R00081;LIGURIA
2024;F214;MILO;CT;CATANIA;R00152;SICILIA
2024;F216;MILZANO;BS;BRESCIA;R00090;LOMBARDIA
2024;F217;MINEO;CT;CATANIA;R00152;SICILIA
2024;F218;MINERBE;VR;VERONA;R00205;VENETO
2024;F219;MINERBIO;BO;BOLOGNA;R00054;EMILIA-ROMAGNA
2024;F220;MINERVINO MURGE;BT;BARLETTA_ANDRIA_TRANI;R00134;PUGLIA
2024;F221;MINERVINO DI LECCE;LE;LECCE;R00134;PUGLIA
2024;F223;MINORI;SA;SALERNO;R00045;CAMPANIA
2024;F224;MINTURNO;LT;LATINA;R00072;LAZIO
2024;F225;MINUCCIANO;LU;LUCCA;R00161;TOSCANA
2024;F226;MIOGLIA;SV;SAVONA;R00081;LIGURIA
2024;F229;MIRA;VE;VENEZIA;R00205;VENETO
2024;F230;MIRABELLA ECLANO;AV;AVELLINO;R00045;CAMPANIA
2024;F231;MIRABELLA IMBACCARI;CT;CATANIA;R00152;SICILIA
2024;F232;MIRABELLO MONFERRATO;AL;ALESSANDRIA;R00125;PIEMONTE
2024;F233;MIRABELLO SANNITICO;CB;CAMPOBASSO;R00116;MOLISE
2024;F238;MIRADOLO TERME;PV;PAVIA;R00090;LOMBARDIA
2024;F239;MIRANDA;IS;ISERNIA;R00116;MOLISE
2024;F240;MIRANDOLA;MO;MODENA;R00054;EMILIA-ROMAGNA
2024;F241;MIRANO;VE;VENEZIA;R00205;VENETO
2024;F242;MIRTO;ME;MESSINA;R00152;SICILIA
2024;F243;MISANO DI GERA D'ADDA;BG;BERGAMO;R00090;LOMBARDIA
2024;F244;MISANO ADRIATICO;RN;RIMINI;R00054;EMILIA-ROMAGNA
2024;F246;MISILMERI;PA;PALERMO;R00152;SICILIA
2024;F247;MISINTO;MB;MONZA E BRIANZA;R00090;LOMBARDIA
2024;F248;MISSAGLIA;LC;LECCO;R00090;LOMBARDIA
2024;F249;MISSANELLO;PZ;POTENZA;R00027;BASILICATA
2024;F250;MISTERBIANCO;CT;CATANIA;R00152;SICILIA
2024;F251;MISTRETTA;ME;MESSINA;R00152;SICILIA
2024;F254;MOASCA;AT;ASTI;R00125;PIEMONTE
2024;F256;MOCONESI;GE;GENOVA;R00081;LIGURIA
2024;F257;MODENA;MO;MODENA;R00054;EMILIA-ROMAGNA
2024;F258;MODICA;RG;RAGUSA;R00152;SICILIA
2024;F259;MODIGLIANA;FC;FORLI' - CESENA;R00054;EMILIA-ROMAGNA
2024;F260;TAVAZZANO CON VILLAVESCO;LO;LODI;R00090;LOMBARDIA
2024;F261;MODOLO;OR;ORISTANO;R00143;SARDEGNA
2024;F262;MODUGNO;BA;BARI;R00134;PUGLIA
2024;F263;MOENA;TN;TRENTO;R00214;PROVINCIA AUTONOMA TRENTO
2024;F265;MOGGIO;LC;LECCO;R00090;LOMBARDIA
2024;F266;MOGGIO UDINESE;UD;UDINE;R00063;FRIULI-VENEZIA GIULIA
2024;F267;MOGLIA;MN;MANTOVA;R00090;LOMBARDIA
2024;F268;MOGLIANO;MC;MACERATA;R00107;MARCHE
2024;F269;MOGLIANO VENETO;TV;TREVISO;R00205;VENETO
2024;F270;MOGORELLA;OR;ORISTANO;R00143;SARDEGNA
2024;F271;RUINAS;OR;ORISTANO;R00143;SARDEGNA
2024;F272;MOGORO;OR;ORISTANO;R00143;SARDEGNA
2024;F274;MOIANO;BN;BENEVENTO;R00045;CAMPANIA
2024;F275;MOIMACCO;UD;UDINE;R00063;FRIULI-VENEZIA GIULIA
2024;F189;MIAGLIANO;BI;BIELLA;R00125;PIEMONTE
2024;F104;MELFI;PZ;POTENZA;R00027;BASILICATA
2024;F105;MELICUCCA';RC;REGGIO CALABRIA;R00036;CALABRIA
2024;F106;MELICUCCO;RC;REGGIO CALABRIA;R00036;CALABRIA
2024;F107;MELILLI;SR;SIRACUSA;R00152;SICILIA
2024;F108;MELISSA;KR;CROTONE;R00036;CALABRIA
2024;F109;MELISSANO;LE;LECCE;R00134;PUGLIA
2024;F110;MELITO IRPINO;AV;AVELLINO;R00045;CAMPANIA
2024;F111;MELITO DI NAPOLI;NA;NAPOLI;R00045;CAMPANIA
2024;F112;MELITO DI PORTO SALVO;RC;REGGIO CALABRIA;R00036;CALABRIA
2024;F113;MELIZZANO;BN;BENEVENTO;R00045;CAMPANIA
2024;F114;MELLE;CN;CUNEO;R00125;PIEMONTE
2024;F115;MELLO;SO;SONDRIO;R00090;LOMBARDIA
2024;F116;SILEA;TV;TREVISO;R00205;VENETO
2024;F117;MELPIGNANO;LE;LECCE;R00134;PUGLIA
2024;F118;MELTINA;BZ;BOLZANO;R00223;PROVINCIA AUTONOMA BOLZANO
2024;F119;MELZO;MI;MILANO;R00090;LOMBARDIA
2024;F120;MENAGGIO;CO;COMO;R00090;LOMBARDIA
2024;F122;MENCONICO;PV;PAVIA;R00090;LOMBARDIA
2024;F123;MENDATICA;IM;IMPERIA;R00081;LIGURIA
2024;F125;MENDICINO;CS;COSENZA;R00036;CALABRIA
2024;F126;MENFI;AG;AGRIGENTO;R00152;SICILIA
2024;F127;MENTANA;RM;ROMA;R00072;LAZIO
2024;F130;MEOLO;VE;VENEZIA;R00205;VENETO
2024;F131;MERANA;AL;ALESSANDRIA;R00125;PIEMONTE
2024;F132;MERANO;BZ;BOLZANO;R00223;PROVINCIA AUTONOMA BOLZANO
2024;F133;MERATE;LC;LECCO;R00090;LOMBARDIA
2024;F134;MERCALLO;VA;VARESE;R00090;LOMBARDIA
2024;F135;MERCATELLO SUL METAURO;PU;PESARO - URBINO;R00107;MARCHE
2024;F136;MERCATINO CONCA;PU;PESARO - URBINO;R00107;MARCHE
2024;F137;NOVAFELTRIA;RN;RIMINI;R00054;EMILIA-ROMAGNA
2024;F138;MERCATO SAN SEVERINO;SA;SALERNO;R00045;CAMPANIA
2024;F139;MERCATO SARACENO;FC;FORLI' - CESENA;R00054;EMILIA-ROMAGNA
2024;F140;MERCENASCO;TO;TORINO;R00125;PIEMONTE
2024;F141;MERCOGLIANO;AV;AVELLINO;R00045;CAMPANIA
2024;F144;MERETO DI TOMBA;UD;UDINE;R00063;FRIULI-VENEZIA GIULIA
2024;F145;MERGO;AN;ANCONA;R00107;MARCHE
2024;F146;MERGOZZO;VB;VERBANO-CUSIO-OSSOLA;R00125;PIEMONTE
2024;F147;MERI';ME;MESSINA;R00152;SICILIA
2024;F148;MERLARA;PD;PADOVA;R00205;VENETO
2024;F149;MERLINO;LO;LODI;R00090;LOMBARDIA
2024;F151;MERONE;CO;COMO;R00090;LOMBARDIA
2024;F152;MESAGNE;BR;BRINDISI;R00134;PUGLIA
2024;F153;MESE;SO;SONDRIO;R00090;LOMBARDIA
2024;F154;MESENZANA;VA;VARESE;R00090;LOMBARDIA
2024;F155;MESERO;MI;MILANO;R00090;LOMBARDIA
2024;F156;MESOLA;FE;FERRARA;R00054;EMILIA-ROMAGNA
2024;F157;MESORACA;KR;CROTONE;R00036;CALABRIA
2024;F158;MESSINA;ME;MESSINA;R00152;SICILIA
2024;F161;MESTRINO;PD;PADOVA;R00205;VENETO
2024;F162;META;NA;NAPOLI;R00045;CAMPANIA
2024;F165;MEZZAGO;MB;MONZA E BRIANZA;R00090;LOMBARDIA
2024;F167;MEZZANA MORTIGLIENGO;BI;BIELLA;R00125;PIEMONTE
2024;F168;MEZZANA;TN;TRENTO;R00214;PROVINCIA AUTONOMA TRENTO
2024;F170;MEZZANA BIGLI;PV;PAVIA;R00090;LOMBARDIA
2024;F171;MEZZANA RABATTONE;PV;PAVIA;R00090;LOMBARDIA
2024;F172;MEZZANE DI SOTTO;VR;VERONA;R00205;VENETO
2024;F173;MEZZANEGO;GE;GENOVA;R00081;LIGURIA
2024;F175;MEZZANINO;PV;PAVIA;R00090;LOMBARDIA
2024;F176;MEZZANO;TN;TRENTO;R00214;PROVINCIA AUTONOMA TRENTO
2024;F182;MEZZENILE;TO;TORINO;R00125;PIEMONTE
2024;F183;MEZZOCORONA;TN;TRENTO;R00214;PROVINCIA AUTONOMA TRENTO
2024;F184;MEZZOIUSO;PA;PALERMO;R00152;SICILIA
2024;F186;MEZZOLDO;BG;BERGAMO;R00090;LOMBARDIA
2024;F187;MEZZOLOMBARDO;TN;TRENTO;R00214;PROVINCIA AUTONOMA TRENTO
2024;F188;MEZZOMERICO;NO;NOVARA;R00125;PIEMONTE
2024;F102;MELETI;LO;LODI;R00090;LOMBARDIA
2024;G196;OULX;TO;TORINO;R00125;PIEMONTE
2024;G197;OVADA;AL;ALESSANDRIA;R00125;PIEMONTE
2024;G198;OVARO;UD;UDINE;R00063;FRIULI-VENEZIA GIULIA
2024;G199;OVIGLIO;AL;ALESSANDRIA;R00125;PIEMONTE
2024;G200;OVINDOLI;AQ;L'AQUILA;R00018;ABRUZZO
2024;G201;OVODDA;NU;NUORO;R00143;SARDEGNA
2024;G202;OZEGNA;TO;TORINO;R00125;PIEMONTE
2024;G203;OZIERI;SS;SASSARI;R00143;SARDEGNA
2024;G204;OZZANO MONFERRATO;AL;ALESSANDRIA;R00125;PIEMONTE
2024;G205;OZZANO DELL'EMILIA;BO;BOLOGNA;R00054;EMILIA-ROMAGNA
2024;G206;OZZERO;MI;MILANO;R00090;LOMBARDIA
2024;G208;PACECO;TP;TRAPANI;R00152;SICILIA
2024;G209;PACE DEL MELA;ME;MESSINA;R00152;SICILIA
2024;G210;PACENTRO;AQ;L'AQUILA;R00018;ABRUZZO
2024;G211;PACHINO;SR;SIRACUSA;R00152;SICILIA
2024;G212;PACIANO;PG;PERUGIA;R00189;UMBRIA
2024;G213;PADENGHE SUL GARDA;BS;BRESCIA;R00090;LOMBARDIA
2024;G215;PADERNA;AL;ALESSANDRIA;R00125;PIEMONTE
2024;G217;PADERNO FRANCIACORTA;BS;BRESCIA;R00090;LOMBARDIA
2024;G218;PADERNO D'ADDA;LC;LECCO;R00090;LOMBARDIA
2024;G220;PADERNO DUGNANO;MI;MILANO;R00090;LOMBARDIA
2024;G222;PADERNO PONCHIELLI;CR;CREMONA;R00090;LOMBARDIA
2024;G223;ROBBIATE;LC;LECCO;R00090;LOMBARDIA
2024;G224;PADOVA;PD;PADOVA;R00205;VENETO
2024;G225;PADRIA;SS;SASSARI;R00143;SARDEGNA
2024;G226;PADULA;SA;SALERNO;R00045;CAMPANIA
2024;G227;PADULI;BN;BENEVENTO;R00045;CAMPANIA
2024;G228;PAESANA;CN;CUNEO;R00125;PIEMONTE
2024;G229;PAESE;TV;TREVISO;R00205;VENETO
2024;G230;PAGANI;SA;SALERNO;R00045;CAMPANIA
2024;G232;PAGANICO SABINO;RI;RIETI;R00072;LAZIO
2024;G233;PAGAZZANO;BG;BERGAMO;R00090;LOMBARDIA
2024;G234;PAGLIARA;ME;MESSINA;R00152;SICILIA
2024;G237;PAGLIETA;CH;CHIETI;R00018;ABRUZZO
2024;G238;PAGNACCO;UD;UDINE;R00063;FRIULI-VENEZIA GIULIA
2024;G240;PAGNO;CN;CUNEO;R00125;PIEMONTE
2024;G241;PAGNONA;LC;LECCO;R00090;LOMBARDIA
2024;G242;PAGO DEL VALLO DI LAURO;AV;AVELLINO;R00045;CAMPANIA
2024;G243;PAGO VEIANO;BN;BENEVENTO;R00045;CAMPANIA
2024;G247;PAISCO LOVENO;BS;BRESCIA;R00090;LOMBARDIA
2024;G248;PAITONE;BS;BRESCIA;R00090;LOMBARDIA
2024;G249;PALADINA;BG;BERGAMO;R00090;LOMBARDIA
2024;G250;PALAGANO;MO;MODENA;R00054;EMILIA-ROMAGNA
2024;G251;PALAGIANELLO;TA;TARANTO;R00134;PUGLIA
2024;G252;PALAGIANO;TA;TARANTO;R00134;PUGLIA
2024;G253;PALAGONIA;CT;CATANIA;R00152;SICILIA
2024;G254;PALAIA;PI;PISA;R00161;TOSCANA
2024;G255;PALANZANO;PR;PARMA;R00054;EMILIA-ROMAGNA
2024;G257;PALATA;CB;CAMPOBASSO;R00116;MOLISE
2024;G259;PALAZZAGO;BG;BERGAMO;R00090;LOMBARDIA
2024;G260;PALAZZO PIGNANO;CR;CREMONA;R00090;LOMBARDIA
2024;G261;PALAZZO SAN GERVASIO;PZ;POTENZA;R00027;BASILICATA
2024;G262;PALAZZO CANAVESE;TO;TORINO;R00125;PIEMONTE
2024;G263;PALAZZO ADRIANO;PA;PALERMO;R00152;SICILIA
2024;G264;PALAZZOLO SULL'OGLIO;BS;BRESCIA;R00090;LOMBARDIA
2024;G266;PALAZZOLO VERCELLESE;VC;VERCELLI;R00125;PIEMONTE
2024;G267;PALAZZOLO ACREIDE;SR;SIRACUSA;R00152;SICILIA
2024;G268;PALAZZOLO DELLO STELLA;UD;UDINE;R00063;FRIULI-VENEZIA GIULIA
2024;G270;PALAZZUOLO SUL SENIO;FI;FIRENZE;R00161;TOSCANA
2024;G271;PALENA;CH;CHIETI;R00018;ABRUZZO
2024;G272;PALERMITI;CZ;CATANZARO;R00036;CALABRIA
2024;G273;PALERMO;PA;PALERMO;R00152;SICILIA
2024;G194;OTTOBIANO;PV;PAVIA;R00090;LOMBARDIA
2024;G115;ORMELLE;TV;TREVISO;R00205;VENETO
2024;G116;ORNAGO;MB;MONZA E BRIANZA;R00090;LOMBARDIA
2024;G117;ORNAVASSO;VB;VERBANO-CUSIO-OSSOLA;R00125;PIEMONTE
2024;G118;ORNICA;BG;BERGAMO;R00090;LOMBARDIA
2024;G119;OROSEI;NU;NUORO;R00143;SARDEGNA
2024;G120;OROTELLI;NU;NUORO;R00143;SARDEGNA
2024;G121;ORRIA;SA;SALERNO;R00045;CAMPANIA
2024;G123;ORSAGO;TV;TREVISO;R00205;VENETO
2024;G124;ORSARA BORMIDA;AL;ALESSANDRIA;R00125;PIEMONTE
2024;G125;ORSARA DI PUGLIA;FG;FOGGIA;R00134;PUGLIA
2024;G126;ORSENIGO;CO;COMO;R00090;LOMBARDIA
2024;G128;ORSOGNA;CH;CHIETI;R00018;ABRUZZO
2024;G129;ORSOMARSO;CS;COSENZA;R00036;CALABRIA
2024;G130;ORTA DI ATELLA;CE;CASERTA;R00045;CAMPANIA
2024;G131;ORTA NOVA;FG;FOGGIA;R00134;PUGLIA
2024;G134;ORTA SAN GIULIO;NO;NOVARA;R00125;PIEMONTE
2024;G135;ORTE;VT;VITERBO;R00072;LAZIO
2024;G136;ORTELLE;LE;LECCE;R00134;PUGLIA
2024;G137;ORTEZZANO;FM;FERMO;R00107;MARCHE
2024;G139;ORTIGNANO RAGGIOLO;AR;AREZZO;R00161;TOSCANA
2024;G140;ORTISEI;BZ;BOLZANO;R00223;PROVINCIA AUTONOMA BOLZANO
2024;G141;ORTONA A MARE;CH;CHIETI;R00018;ABRUZZO
2024;G142;ORTONA NEI MARSI;AQ;L'AQUILA;R00018;ABRUZZO
2024;G143;ORTONOVO;SP;LA SPEZIA;R00081;LIGURIA
2024;G144;ORTOVERO;SV;SAVONA;R00081;LIGURIA
2024;G145;ORTUCCHIO;AQ;L'AQUILA;R00018;ABRUZZO
2024;G146;ORTUERI;NU;NUORO;R00143;SARDEGNA
2024;G147;ORUNE;NU;NUORO;R00143;SARDEGNA
2024;G148;ORVIETO;TR;TERNI;R00189;UMBRIA
2024;G149;ORZINUOVI;BS;BRESCIA;R00090;LOMBARDIA
2024;G150;ORZIVECCHI;BS;BRESCIA;R00090;LOMBARDIA
2024;G151;OSASCO;TO;TORINO;R00125;PIEMONTE
2024;G152;OSASIO;TO;TORINO;R00125;PIEMONTE
2024;G154;OSIDDA;NU;NUORO;R00143;SARDEGNA
2024;G155;OSIGLIA;SV;SAVONA;R00081;LIGURIA
2024;G156;OSILO;SS;SASSARI;R00143;SARDEGNA
2024;G157;OSIMO;AN;ANCONA;R00107;MARCHE
2024;G159;OSIO SOPRA;BG;BERGAMO;R00090;LOMBARDIA
2024;G160;OSIO SOTTO;BG;BERGAMO;R00090;LOMBARDIA
2024;G161;OSNAGO;LC;LECCO;R00090;LOMBARDIA
2024;G163;OSOPPO;UD;UDINE;R00063;FRIULI-VENEZIA GIULIA
2024;G164;OSPEDALETTI;IM;IMPERIA;R00081;LIGURIA
2024;G165;OSPEDALETTO D'ALPINOLO;AV;AVELLINO;R00045;CAMPANIA
2024;G166;OSPEDALETTO LODIGIANO;LO;LODI;R00090;LOMBARDIA
2024;G167;OSPEDALETTO EUGANEO;PD;PADOVA;R00205;VENETO
2024;G168;OSPEDALETTO;TN;TRENTO;R00214;PROVINCIA AUTONOMA TRENTO
2024;G169;OSPITALE DI CADORE;BL;BELLUNO;R00205;VENETO
2024;G170;OSPITALETTO;BS;BRESCIA;R00090;LOMBARDIA
2024;G171;OSSAGO LODIGIANO;LO;LODI;R00090;LOMBARDIA
2024;G173;OSSANA;TN;TRENTO;R00214;PROVINCIA AUTONOMA TRENTO
2024;G178;OSSI;SS;SASSARI;R00143;SARDEGNA
2024;G179;OSSIMO;BS;BRESCIA;R00090;LOMBARDIA
2024;G181;OSSONA;MI;MILANO;R00090;LOMBARDIA
2024;G183;OSTANA;CN;CUNEO;R00125;PIEMONTE
2024;G184;OSTELLATO;FE;FERRARA;R00054;EMILIA-ROMAGNA
2024;G185;OSTIANO;CR;CREMONA;R00090;LOMBARDIA
2024;G186;OSTIGLIA;MN;MANTOVA;R00090;LOMBARDIA
2024;G187;OSTUNI;BR;BRINDISI;R00134;PUGLIA
2024;G188;OTRANTO;LE;LECCE;R00134;PUGLIA
2024;G189;OTRICOLI;TR;TERNI;R00189;UMBRIA
2024;G190;OTTAVIANO;NA;NAPOLI;R00045;CAMPANIA
2024;G191;OTTANA;NU;NUORO;R00143;SARDEGNA
2024;G192;OTTATI;SA;SALERNO;R00045;CAMPANIA
2024;G114;ORMEA;CN;CUNEO;R00125;PIEMONTE
2024;G193;OTTIGLIO;AL;ALESSANDRIA;R00125;PIEMONTE
2024;G018;OLDENICO;VC;VERCELLI;R00125;PIEMONTE
2024;G019;OLEGGIO;NO;NOVARA;R00125;PIEMONTE
2024;G020;OLEGGIO CASTELLO;NO;NOVARA;R00125;PIEMONTE
2024;G021;OLEVANO DI LOMELLINA;PV;PAVIA;R00090;LOMBARDIA
2024;G022;OLEVANO ROMANO;RM;ROMA;R00072;LAZIO
2024;G023;OLEVANO SUL TUSCIANO;SA;SALERNO;R00045;CAMPANIA
2024;G025;OLGIATE COMASCO;CO;COMO;R00090;LOMBARDIA
2024;G026;OLGIATE MOLGORA;LC;LECCO;R00090;LOMBARDIA
2024;G028;OLGIATE OLONA;VA;VARESE;R00090;LOMBARDIA
2024;G030;OLGINATE;LC;LECCO;R00090;LOMBARDIA
2024;G031;OLIENA;NU;NUORO;R00143;SARDEGNA
2024;G032;OLIVA GESSI;PV;PAVIA;R00090;LOMBARDIA
2024;G034;OLIVADI;CZ;CATANZARO;R00036;CALABRIA
2024;G036;OLIVERI;ME;MESSINA;R00152;SICILIA
2024;G037;OLIVETO LUCANO;MT;MATERA;R00027;BASILICATA
2024;G039;OLIVETO CITRA;SA;SALERNO;R00045;CAMPANIA
2024;G040;OLIVETO LARIO;LC;LECCO;R00090;LOMBARDIA
2024;G041;OLIVETTA SAN MICHELE;IM;IMPERIA;R00081;LIGURIA
2024;G042;OLIVOLA;AL;ALESSANDRIA;R00125;PIEMONTE
2024;G195;OTTONE;PC;PIACENZA;R00054;EMILIA-ROMAGNA
2024;G043;OLLASTRA SIMAXIS;OR;ORISTANO;R00143;SARDEGNA
2024;G044;OLLOLAI;NU;NUORO;R00143;SARDEGNA
2024;G045;OLLOMONT;AO;AOSTA;R00198;VALLE D'AOSTA/VALLÉE D'AOSTE
2024;G046;OLMEDO;SS;SASSARI;R00143;SARDEGNA
2024;G047;OLMENETA;CR;CREMONA;R00090;LOMBARDIA
2024;G048;OLMO GENTILE;AT;ASTI;R00125;PIEMONTE
2024;G049;OLMO AL BREMBO;BG;BERGAMO;R00090;LOMBARDIA
2024;G050;OLTRE IL COLLE;BG;BERGAMO;R00090;LOMBARDIA
2024;G054;OLTRESSENDA ALTA;BG;BERGAMO;R00090;LOMBARDIA
2024;G056;OLTRONA DI SAN MAMETTE;CO;COMO;R00090;LOMBARDIA
2024;G058;OLZAI;NU;NUORO;R00143;SARDEGNA
2024;G061;OME;BS;BRESCIA;R00090;LOMBARDIA
2024;G062;OMEGNA;VB;VERBANO-CUSIO-OSSOLA;R00125;PIEMONTE
2024;G063;OMIGNANO;SA;SALERNO;R00045;CAMPANIA
2024;G064;ONANI;NU;NUORO;R00143;SARDEGNA
2024;G065;ONANO;VT;VITERBO;R00072;LAZIO
2024;G066;ONCINO;CN;CUNEO;R00125;PIEMONTE
2024;G068;ONETA;BG;BERGAMO;R00090;LOMBARDIA
2024;G070;ONIFAI;NU;NUORO;R00143;SARDEGNA
2024;G071;ONIFERI;NU;NUORO;R00143;SARDEGNA
2024;G074;ONO SAN PIETRO;BS;BRESCIA;R00090;LOMBARDIA
2024;G075;ONORE;BG;BERGAMO;R00090;LOMBARDIA
2024;G076;ONZO;SV;SAVONA;R00081;LIGURIA
2024;G078;OPERA;MI;MILANO;R00090;LOMBARDIA
2024;G079;OPI;AQ;L'AQUILA;R00018;ABRUZZO
2024;G080;OPPEANO;VR;VERONA;R00205;VENETO
2024;G081;OPPIDO LUCANO;PZ;POTENZA;R00027;BASILICATA
2024;G082;OPPIDO MAMERTINA;RC;REGGIO CALABRIA;R00036;CALABRIA
2024;G083;ORA;BZ;BOLZANO;R00223;PROVINCIA AUTONOMA BOLZANO
2024;G084;ORANI;NU;NUORO;R00143;SARDEGNA
2024;G086;ORATINO;CB;CAMPOBASSO;R00116;MOLISE
2024;G087;ORBASSANO;TO;TORINO;R00125;PIEMONTE
2024;G088;ORBETELLO;GR;GROSSETO;R00161;TOSCANA
2024;G090;ORCIANO PISANO;PI;PISA;R00161;TOSCANA
2024;G093;ORERO;GE;GENOVA;R00081;LIGURIA
2024;G095;ORGIANO;VI;VICENZA;R00205;VENETO
2024;G096;PIEVE FISSIRAGA;LO;LODI;R00090;LOMBARDIA
2024;G097;ORGOSOLO;NU;NUORO;R00143;SARDEGNA
2024;G098;ORIA;BR;BRINDISI;R00134;PUGLIA
2024;G102;ORICOLA;AQ;L'AQUILA;R00018;ABRUZZO
2024;G103;ORIGGIO;VA;VARESE;R00090;LOMBARDIA
2024;G105;ORINO;VA;VARESE;R00090;LOMBARDIA
2024;G107;ORIO LITTA;LO;LODI;R00090;LOMBARDIA
2024;G108;ORIO AL SERIO;BG;BERGAMO;R00090;LOMBARDIA
2024;G109;ORIO CANAVESE;TO;TORINO;R00125;PIEMONTE
2024;G110;ORIOLO;CS;COSENZA;R00036;CALABRIA
2024;G111;ORIOLO ROMANO;VT;VITERBO;R00072;LAZIO
2024;G113;ORISTANO;OR;ORISTANO;R00143;SARDEGNA
2024;G016;OLCENENGO;VC;VERCELLI;R00125;PIEMONTE
2024;F932;NONIO;VB;VERBANO-CUSIO-OSSOLA;R00125;PIEMONTE
2024;F933;NORAGUGUME;NU;NUORO;R00143;SARDEGNA
2024;F934;NORBELLO;OR;ORISTANO;R00143;SARDEGNA
2024;F935;NORCIA;PG;PERUGIA;R00189;UMBRIA
2024;F937;NORMA;LT;LATINA;R00072;LAZIO
2024;F939;NOSATE;MI;MILANO;R00090;LOMBARDIA
2024;F941;PONTE NOSSA;BG;BERGAMO;R00090;LOMBARDIA
2024;F942;NOTARESCO;TE;TERAMO;R00018;ABRUZZO
2024;F943;NOTO;SR;SIRACUSA;R00152;SICILIA
2024;F944;NOVA MILANESE;MB;MONZA E BRIANZA;R00090;LOMBARDIA
2024;F947;NOVALEDO;TN;TRENTO;R00214;PROVINCIA AUTONOMA TRENTO
2024;F948;NOVALESA;TO;TORINO;R00125;PIEMONTE
2024;F949;NOVA LEVANTE;BZ;BOLZANO;R00223;PROVINCIA AUTONOMA BOLZANO
2024;F950;NOVA PONENTE;BZ;BOLZANO;R00223;PROVINCIA AUTONOMA BOLZANO
2024;F951;NOVARA DI SICILIA;ME;MESSINA;R00152;SICILIA
2024;F952;NOVARA;NO;NOVARA;R00125;PIEMONTE
2024;F955;NOVATE MILANESE;MI;MILANO;R00090;LOMBARDIA
2024;F956;NOVATE MEZZOLA;SO;SONDRIO;R00090;LOMBARDIA
2024;F957;NOVE;VI;VICENZA;R00205;VENETO
2024;F958;NOVEDRATE;CO;COMO;R00090;LOMBARDIA
2024;F960;NOVELLARA;RE;REGGIO EMILIA;R00054;EMILIA-ROMAGNA
2024;F961;NOVELLO;CN;CUNEO;R00125;PIEMONTE
2024;F962;NOVENTA PADOVANA;PD;PADOVA;R00205;VENETO
2024;F963;NOVENTA DI PIAVE;VE;VENEZIA;R00205;VENETO
2024;F964;NOVENTA VICENTINA;VI;VICENZA;R00205;VENETO
2024;F965;NOVI LIGURE;AL;ALESSANDRIA;R00125;PIEMONTE
2024;F966;NOVI DI MODENA;MO;MODENA;R00054;EMILIA-ROMAGNA
2024;F967;NOVI VELIA;SA;SALERNO;R00045;CAMPANIA
2024;F968;NOVIGLIO;MI;MILANO;R00090;LOMBARDIA
2024;F970;NOVOLI;LE;LECCE;R00134;PUGLIA
2024;F972;NUCETTO;CN;CUNEO;R00125;PIEMONTE
2024;F974;NUGHEDU SANTA VITTORIA;OR;ORISTANO;R00143;SARDEGNA
2024;F975;NUGHEDU SAN NICOLO';SS;SASSARI;R00143;SARDEGNA
2024;F976;NULE;SS;SASSARI;R00143;SARDEGNA
2024;F977;NULVI;SS;SASSARI;R00143;SARDEGNA
2024;F978;NUMANA;AN;ANCONA;R00107;MARCHE
2024;E984;MARTIGNANO;LE;LECCE;R00134;PUGLIA
2024;E986;MARTINA FRANCA;TA;TARANTO;R00134;PUGLIA
2024;E987;MARTINENGO;BG;BERGAMO;R00090;LOMBARDIA
2024;E988;MARTINIANA PO;CN;CUNEO;R00125;PIEMONTE
2024;E989;MARTINSICURO;TE;TERAMO;R00018;ABRUZZO
2024;E990;MARTIRANO;CZ;CATANZARO;R00036;CALABRIA
2024;E991;MARTIRANO LOMBARDO;CZ;CATANZARO;R00036;CALABRIA
2024;E992;MARTIS;SS;SASSARI;R00143;SARDEGNA
2024;E993;MARTONE;RC;REGGIO CALABRIA;R00036;CALABRIA
2024;E994;MARUDO;LO;LODI;R00090;LOMBARDIA
2024;E995;MARUGGIO;TA;TARANTO;R00134;PUGLIA
2024;E997;MARZANO DI NOLA;AV;AVELLINO;R00045;CAMPANIA
2024;E998;MARZANO APPIO;CE;CASERTA;R00045;CAMPANIA
2024;E999;MARZANO;PV;PAVIA;R00090;LOMBARDIA
2024;F001;MARZI;CS;COSENZA;R00036;CALABRIA
2024;F002;MARZIO;VA;VARESE;R00090;LOMBARDIA
2024;F003;MASATE;MI;MILANO;R00090;LOMBARDIA
2024;F004;MASCALI;CT;CATANIA;R00152;SICILIA
2024;F005;MASCALUCIA;CT;CATANIA;R00152;SICILIA
2024;F006;MASCHITO;PZ;POTENZA;R00027;BASILICATA
2024;E928;MARCHENO;BS;BRESCIA;R00090;LOMBARDIA
2024;F007;MASCIAGO PRIMO;VA;VARESE;R00090;LOMBARDIA
2024;F009;MASER;TV;TREVISO;R00205;VENETO
2024;E842;MAISSANA;SP;LA SPEZIA;R00081;LIGURIA
2024;E843;MALAGNINO;CR;CREMONA;R00090;LOMBARDIA
2024;E844;MALALBERGO;BO;BOLOGNA;R00054;EMILIA-ROMAGNA
2024;E847;MALBORGHETTO-VALBRUNA;UD;UDINE;R00063;FRIULI-VENEZIA GIULIA
2024;E848;MALCESINE;VR;VERONA;R00205;VENETO
2024;E850;MALE';TN;TRENTO;R00214;PROVINCIA AUTONOMA TRENTO
2024;E851;MALEGNO;BS;BRESCIA;R00090;LOMBARDIA
2024;E852;MALEO;LO;LODI;R00090;LOMBARDIA
2024;E853;MALESCO;VB;VERBANO-CUSIO-OSSOLA;R00125;PIEMONTE
2024;E854;MALETTO;CT;CATANIA;R00152;SICILIA
2024;E855;MALFA;ME;MESSINA;R00152;SICILIA
2024;E858;MALGRATE;LC;LECCO;R00090;LOMBARDIA
2024;E859;MALITO;CS;COSENZA;R00036;CALABRIA
2024;E860;MALLARE;SV;SAVONA;R00081;LIGURIA
2024;E862;MALLES VENOSTA;BZ;BOLZANO;R00223;PROVINCIA AUTONOMA BOLZANO
2024;E863;MALNATE;VA;VARESE;R00090;LOMBARDIA
2024;E864;MALO;VI;VICENZA;R00205;VENETO
2024;E865;MALONNO;BS;BRESCIA;R00090;LOMBARDIA
2024;E868;MALTIGNANO;AP;ASCOLI PICENO;R00107;MARCHE
2024;E371;ISSOGNE;AO;AOSTA;R00198;VALLE D'AOSTA/VALLÉE D'AOSTE
2024;E372;VASTO;CH;CHIETI;R00018;ABRUZZO
2024;E373;ISTRANA;TV;TREVISO;R00205;VENETO
2024;E374;ITALA;ME;MESSINA;R00152;SICILIA
2024;E375;ITRI;LT;LATINA;R00072;LAZIO
2024;E376;ITTIREDDU;SS;SASSARI;R00143;SARDEGNA
2024;E377;ITTIRI;SS;SASSARI;R00143;SARDEGNA
2024;E379;IVREA;TO;TORINO;R00125;PIEMONTE
2024;E380;IZANO;CR;CREMONA;R00090;LOMBARDIA
2024;E381;JELSI;CB;CAMPOBASSO;R00116;MOLISE
2024;E382;JENNE;RM;ROMA;R00072;LAZIO
2024;E386;JERAGO CON ORAGO;VA;VARESE;R00090;LOMBARDIA
2024;E388;JESI;AN;ANCONA;R00107;MARCHE
2024;E297;INCUDINE;BS;BRESCIA;R00090;LOMBARDIA
2024;E210;GROTTE DI CASTRO;VT;VITERBO;R00072;LAZIO
2024;E212;GROTTERIA;RC;REGGIO CALABRIA;R00036;CALABRIA
2024;E213;GROTTOLE;MT;MATERA;R00027;BASILICATA
2024;E214;GROTTOLELLA;AV;AVELLINO;R00045;CAMPANIA
2024;E215;GRUARO;VE;VENEZIA;R00205;VENETO
2024;E216;GRUGLIASCO;TO;TORINO;R00125;PIEMONTE
2024;E217;GRUMELLO CREMONESE ED UNITI;CR;CREMONA;R00090;LOMBARDIA
2024;E219;GRUMELLO DEL MONTE;BG;BERGAMO;R00090;LOMBARDIA
2024;E221;GRUMENTO NOVA;PZ;POTENZA;R00027;BASILICATA
2024;E223;GRUMO APPULA;BA;BARI;R00134;PUGLIA
2024;E224;GRUMO NEVANO;NA;NAPOLI;R00045;CAMPANIA
2024;E226;GRUMOLO DELLE ABBADESSE;VI;VICENZA;R00205;VENETO
2024;E227;GUAGNANO;LE;LECCE;R00134;PUGLIA
2024;E228;GUALDO;MC;MACERATA;R00107;MARCHE
2024;E229;GUALDO CATTANEO;PG;PERUGIA;R00189;UMBRIA
2024;E230;GUALDO TADINO;PG;PERUGIA;R00189;UMBRIA
2024;E232;GUALTIERI;RE;REGGIO EMILIA;R00054;EMILIA-ROMAGNA
2024;E233;GUALTIERI SICAMINO';ME;MESSINA;R00152;SICILIA
2024;E235;GUANZATE;CO;COMO;R00090;LOMBARDIA
2024;E236;GUARCINO;FR;FROSINONE;R00072;LAZIO
2024;E237;GUARDABOSONE;VC;VERCELLI;R00125;PIEMONTE
2024;E238;GUARDAMIGLIO;LO;LODI;R00090;LOMBARDIA
2024;E239;GUARDAVALLE;CZ;CATANZARO;R00036;CALABRIA
2024;E240;GUARDA VENETA;RO;ROVIGO;R00205;VENETO
2024;E241;GUARDEA;TR;TERNI;R00189;UMBRIA
2024;E242;GUARDIA PIEMONTESE;CS;COSENZA;R00036;CALABRIA
2024;E243;GUARDIAGRELE;CH;CHIETI;R00018;ABRUZZO
2024;E244;GUARDIALFIERA;CB;CAMPOBASSO;R00116;MOLISE
2024;E245;GUARDIA LOMBARDI;AV;AVELLINO;R00045;CAMPANIA
2024;E246;GUARDIA PERTICARA;PZ;POTENZA;R00027;BASILICATA
2024;E248;GUARDIAREGIA;CB;CAMPOBASSO;R00116;MOLISE
2024;E249;GUARDIA SANFRAMONDI;BN;BENEVENTO;R00045;CAMPANIA
2024;E250;GUARDISTALLO;PI;PISA;R00161;TOSCANA
2024;E251;GUARENE;CN;CUNEO;R00125;PIEMONTE
2024;E253;GUASTALLA;RE;REGGIO EMILIA;R00054;EMILIA-ROMAGNA
2024;E255;GUAZZORA;AL;ALESSANDRIA;R00125;PIEMONTE
2024;E256;GUBBIO;PG;PERUGIA;R00189;UMBRIA
2024;E258;GUDO VISCONTI;MI;MILANO;R00090;LOMBARDIA
2024;E259;GUGLIONESI;CB;CAMPOBASSO;R00116;MOLISE
2024;E261;GUIDIZZOLO;MN;MANTOVA;R00090;LOMBARDIA
2024;E263;GUIDONIA MONTECELIO;RM;ROMA;R00072;LAZIO
2024;E264;GUIGLIA;MO;MODENA;R00054;EMILIA-ROMAGNA
2024;E265;SIZIANO;PV;PAVIA;R00090;LOMBARDIA
2024;E266;GUILMI;CH;CHIETI;R00018;ABRUZZO
2024;E269;GURRO;VB;VERBANO-CUSIO-OSSOLA;R00125;PIEMONTE
2024;E270;GUSPINI;SU;SUD SARDEGNA;R00143;SARDEGNA
2024;E271;GUSSAGO;BS;BRESCIA;R00090;LOMBARDIA
2024;E272;GUSSOLA;CR;CREMONA;R00090;LOMBARDIA
2024;E629;LIZZANELLO;LE;LECCE;R00134;PUGLIA
2024;E630;LIZZANO;TA;TARANTO;R00134;PUGLIA
2024;E632;LOANO;SV;SAVONA;R00081;LIGURIA
2024;E633;LOAZZOLO;AT;ASTI;R00125;PIEMONTE
2024;E635;LOCANA;TO;TORINO;R00125;PIEMONTE
2024;E638;LOCATE VARESINO;CO;COMO;R00090;LOMBARDIA
2024;E639;LOCATE DI TRIULZI;MI;MILANO;R00090;LOMBARDIA
2024;E640;LOCATELLO;BG;BERGAMO;R00090;LOMBARDIA
2024;E645;LOCOROTONDO;BA;BARI;R00134;PUGLIA
2024;E646;LOCULI;NU;NUORO;R00143;SARDEGNA
2024;E647;LODE';NU;NUORO;R00143;SARDEGNA
2024;E648;LODI;LO;LODI;R00090;LOMBARDIA
2024;E651;LODI VECCHIO;LO;LODI;R00090;LOMBARDIA
2024;E652;LODRINO;BS;BRESCIA;R00090;LOMBARDIA
2024;E654;LOGRATO;BS;BRESCIA;R00090;LOMBARDIA
2024;E558;LETTOMANOPPELLO;PE;PESCARA;R00018;ABRUZZO
2024;E655;LOIANO;BO;BOLOGNA;R00054;EMILIA-ROMAGNA
2024;E656;LOMAGNA;LC;LECCO;R00090;LOMBARDIA
2024;E473;LATISANA;UD;UDINE;R00063;FRIULI-VENEZIA GIULIA
2024;E474;LATRONICO;PZ;POTENZA;R00027;BASILICATA
2024;E475;LATTARICO;CS;COSENZA;R00036;CALABRIA
2024;E476;LAUCO;UD;UDINE;R00063;FRIULI-VENEZIA GIULIA
2024;E479;LAUREANA DI BORRELLO;RC;REGGIO CALABRIA;R00036;CALABRIA
2024;E480;LAUREANA CILENTO;SA;SALERNO;R00045;CAMPANIA
2024;E481;LAUREGNO;BZ;BOLZANO;R00223;PROVINCIA AUTONOMA BOLZANO
2024;E482;LAURENZANA;PZ;POTENZA;R00027;BASILICATA
2024;E483;LAURIA;PZ;POTENZA;R00027;BASILICATA
2024;E484;LAURIANO;TO;TORINO;R00125;PIEMONTE
2024;E485;LAURINO;SA;SALERNO;R00045;CAMPANIA
2024;E486;LAURITO;SA;SALERNO;R00045;CAMPANIA
2024;E487;LAURO;AV;AVELLINO;R00045;CAMPANIA
2024;E488;LAVAGNA;GE;GENOVA;R00081;LIGURIA
2024;E489;LAVAGNO;VR;VERONA;R00205;VENETO
2024;E490;LA VALLE AGORDINA;BL;BELLUNO;R00205;VENETO
2024;E491;LA VALLE;BZ;BOLZANO;R00223;PROVINCIA AUTONOMA BOLZANO
2024;E492;LAVARONE;TN;TRENTO;R00214;PROVINCIA AUTONOMA TRENTO
2024;E493;LAVELLO;PZ;POTENZA;R00027;BASILICATA
2024;E494;LAVENA-PONTE TRESA;VA;VARESE;R00090;LOMBARDIA
2024;E496;LAVENO-MOMBELLO;VA;VARESE;R00090;LOMBARDIA
2024;E497;LAVENONE;BS;BRESCIA;R00090;LOMBARDIA
2024;E498;LAVIANO;SA;SALERNO;R00045;CAMPANIA
2024;E500;LAVIS;TN;TRENTO;R00214;PROVINCIA AUTONOMA TRENTO
2024;E502;LAZISE;VR;VERONA;R00205;VENETO
2024;E504;LAZZATE;MB;MONZA E BRIANZA;R00090;LOMBARDIA
2024;E505;LECCE NEI MARSI;AQ;L'AQUILA;R00018;ABRUZZO
2024;E506;LECCE;LE;LECCE;R00134;PUGLIA
2024;E507;LECCO;LC;LECCO;R00090;LOMBARDIA
2024;E509;LEFFE;BG;BERGAMO;R00090;LOMBARDIA
2024;E510;LEGGIUNO;VA;VARESE;R00090;LOMBARDIA
2024;E512;LEGNAGO;VR;VERONA;R00205;VENETO
2024;E514;LEGNANO;MI;MILANO;R00090;LOMBARDIA
2024;E515;LEGNARO;PD;PADOVA;R00205;VENETO
2024;E517;LEI;NU;NUORO;R00143;SARDEGNA
2024;E518;LEINI;TO;TORINO;R00125;PIEMONTE
2024;E519;LEIVI;GE;GENOVA;R00081;LIGURIA
2024;E520;LEMIE;TO;TORINO;R00125;PIEMONTE
2024;E522;LENDINARA;RO;ROVIGO;R00205;VENETO
2024;E523;LENI;ME;MESSINA;R00152;SICILIA
2024;E524;LENNA;BG;BERGAMO;R00090;LOMBARDIA
2024;E526;LENO;BS;BRESCIA;R00090;LOMBARDIA
2024;E527;LENOLA;LT;LATINA;R00072;LAZIO
2024;E528;LENTA';VC;VERCELLI;R00125;PIEMONTE
2024;E530;LENTATE SUL SEVESO;MB;MONZA E BRIANZA;R00090;LOMBARDIA
2024;E531;LENTELLA;CH;CHIETI;R00018;ABRUZZO
2024;E532;LENTINI;SR;SIRACUSA;R00152;SICILIA
2024;E535;LEONESSA;RI;RIETI;R00072;LAZIO
2024;E536;LEONFORTE;EN;ENNA;R00152;SICILIA
2024;E537;LEPORANO;TA;TARANTO;R00134;PUGLIA
2024;E538;LEQUILE;LE;LECCE;R00134;PUGLIA
2024;E539;LEQUIO TANARO;CN;CUNEO;R00125;PIEMONTE
2024;E540;LEQUIO BERRIA;CN;CUNEO;R00125;PIEMONTE
2024;E541;LERCARA FRIDDI;PA;PALERMO;R00152;SICILIA
2024;E542;LERICI;SP;LA SPEZIA;R00081;LIGURIA
2024;E543;LERMA;AL;ALESSANDRIA;R00125;PIEMONTE
2024;E544;LESA;NO;NOVARA;R00125;PIEMONTE
2024;E546;LESEGNO;CN;CUNEO;R00125;PIEMONTE
2024;E547;LESIGNANO DE' BAGNI;PR;PARMA;R00054;EMILIA-ROMAGNA
2024;E548;TERENZO;PR;PARMA;R00054;EMILIA-ROMAGNA
2024;E549;LESINA;FG;FOGGIA;R00134;PUGLIA
2024;E550;LESMO;MB;MONZA E BRIANZA;R00090;LOMBARDIA
2024;E551;LESSOLO;TO;TORINO;R00125;PIEMONTE
2024;M371;LESSONA;BI;BIELLA;R00125;PIEMONTE
2024;E553;LESTIZZA;UD;UDINE;R00063;FRIULI-VENEZIA GIULIA
2024;E554;LETINO;CE;CASERTA;R00045;CAMPANIA
2024;E555;LETOIANNI;ME;MESSINA;R00152;SICILIA
2024;E472;LATINA;LT;LATINA;R00072;LAZIO
2024;E557;LETTERE;NA;NAPOLI;R00045;CAMPANIA
2024;E869;MALVAGNA;ME;MESSINA;R00152;SICILIA
2024;E870;MALVICINO;AL;ALESSANDRIA;R00125;PIEMONTE
2024;E872;MALVITO;CS;COSENZA;R00036;CALABRIA
2024;E873;MAMMOLA;RC;REGGIO CALABRIA;R00036;CALABRIA
2024;E874;MAMOIADA;NU;NUORO;R00143;SARDEGNA
2024;E875;MANCIANO;GR;GROSSETO;R00161;TOSCANA
2024;E876;MANDANICI;ME;MESSINA;R00152;SICILIA
2024;E878;MANDATORICCIO;CS;COSENZA;R00036;CALABRIA
2024;E879;MANDELLO DEL LARIO;LC;LECCO;R00090;LOMBARDIA
2024;E880;MANDELLO VITTA;NO;NOVARA;R00125;PIEMONTE
2024;E882;MANDURIA;TA;TARANTO;R00134;PUGLIA
2024;E883;MANERBA DEL GARDA;BS;BRESCIA;R00090;LOMBARDIA
2024;E884;MANERBIO;BS;BRESCIA;R00090;LOMBARDIA
2024;E885;MANFREDONIA;FG;FOGGIA;R00134;PUGLIA
2024;E887;MANGO;CN;CUNEO;R00125;PIEMONTE
2024;E888;MANGONE;CS;COSENZA;R00036;CALABRIA
2024;E889;MANIAGO;PN;PORDENONE;R00063;FRIULI-VENEZIA GIULIA
2024;E891;MANOCALZATI;AV;AVELLINO;R00045;CAMPANIA
2024;E892;MANOPPELLO;PE;PESCARA;R00018;ABRUZZO
2024;E893;MANSUE';TV;TREVISO;R00205;VENETO
2024;E894;MANTA;CN;CUNEO;R00125;PIEMONTE
2024;E896;MANTELLO;SO;SONDRIO;R00090;LOMBARDIA
2024;E897;MANTOVA;MN;MANTOVA;R00090;LOMBARDIA
2024;E899;MANZANO;UD;UDINE;R00063;FRIULI-VENEZIA GIULIA
2024;E900;MANZIANA;RM;ROMA;R00072;LAZIO
2024;E901;MAPELLO;BG;BERGAMO;R00090;LOMBARDIA
2024;E902;MARA;SS;SASSARI;R00143;SARDEGNA
2024;E903;MARACALAGONIS;CA;CAGLIARI;R00143;SARDEGNA
2024;E904;MARANELLO;MO;MODENA;R00054;EMILIA-ROMAGNA
2024;E905;MARANO SUL PANARO;MO;MODENA;R00054;EMILIA-ROMAGNA
2024;E906;MARANO DI NAPOLI;NA;NAPOLI;R00045;CAMPANIA
2024;E907;MARANO TICINO;NO;NOVARA;R00125;PIEMONTE
2024;E908;MARANO EQUO;RM;ROMA;R00072;LAZIO
2024;E910;MARANO LAGUNARE;UD;UDINE;R00063;FRIULI-VENEZIA GIULIA
2024;E911;MARANO DI VALPOLICELLA;VR;VERONA;R00205;VENETO
2024;E912;MARANO VICENTINO;VI;VICENZA;R00205;VENETO
2024;E914;MARANO MARCHESATO;CS;COSENZA;R00036;CALABRIA
2024;E915;MARANO PRINCIPATO;CS;COSENZA;R00036;CALABRIA
2024;E917;MARANZANA;AT;ASTI;R00125;PIEMONTE
2024;E919;MARATEA;PZ;POTENZA;R00027;BASILICATA
2024;E921;MARCALLO CON CASONE;MI;MILANO;R00090;LOMBARDIA
2024;E841;MAIRANO;BS;BRESCIA;R00090;LOMBARDIA
2024;E922;MARCARIA;MN;MANTOVA;R00090;LOMBARDIA
2024;E923;MARCEDUSA;CZ;CATANZARO;R00036;CALABRIA
2024;E924;MARCELLINA;RM;ROMA;R00072;LAZIO
2024;E925;MARCELLINARA;CZ;CATANZARO;R00036;CALABRIA
2024;E927;MARCETELLI;RI;RIETI;R00072;LAZIO
2024;E753;LURATE CACCIVIO;CO;COMO;R00090;LOMBARDIA
2024;E754;LUSCIANO;CE;CASERTA;R00045;CAMPANIA
2024;E757;LUSERNA;TN;TRENTO;R00214;PROVINCIA AUTONOMA TRENTO
2024;E758;LUSERNA SAN GIOVANNI;TO;TORINO;R00125;PIEMONTE
2024;E759;LUSERNETTA;TO;TORINO;R00125;PIEMONTE
2024;F502;MONTEFIORE CONCA;RN;RIMINI;R00054;EMILIA-ROMAGNA
2024;F503;MONTEFIORINO;MO;MODENA;R00054;EMILIA-ROMAGNA
2024;F504;MONTEFLAVIO;RM;ROMA;R00072;LAZIO
2024;F506;MONTEFORTE IRPINO;AV;AVELLINO;R00045;CAMPANIA
2024;F507;MONTEFORTE CILENTO;SA;SALERNO;R00045;CAMPANIA
2024;F508;MONTEFORTE D'ALPONE;VR;VERONA;R00205;VENETO
2024;F509;MONTEFORTINO;FM;FERMO;R00107;MARCHE
2024;F510;MONTEFRANCO;TR;TERNI;R00189;UMBRIA
2024;F511;MONTEFREDANE;AV;AVELLINO;R00045;CAMPANIA
2024;F512;MONTEFUSCO;AV;AVELLINO;R00045;CAMPANIA
2024;F513;MONTEGABBIONE;TR;TERNI;R00189;UMBRIA
2024;F514;MONTEGALDA;VI;VICENZA;R00205;VENETO
2024;F515;MONTEGALDELLA;VI;VICENZA;R00205;VENETO
2024;F516;MONTEGALLO;AP;ASCOLI PICENO;R00107;MARCHE
2024;F445;MONTEBRUNO;GE;GENOVA;R00081;LIGURIA
2024;F365;MONGIARDINO LIGURE;AL;ALESSANDRIA;R00125;PIEMONTE
2024;F367;MONTJOVET;AO;AOSTA;R00198;VALLE D'AOSTA/VALLÉE D'AOSTE
2024;F368;MONGIUFFI MELIA;ME;MESSINA;R00152;SICILIA
2024;F369;MONGRANDO;BI;BIELLA;R00125;PIEMONTE
2024;F370;MONGRASSANO;CS;COSENZA;R00036;CALABRIA
2024;F371;MONGUELFO;BZ;BOLZANO;R00223;PROVINCIA AUTONOMA BOLZANO
2024;F372;MONGUZZO;CO;COMO;R00090;LOMBARDIA
2024;F373;MONIGA DEL GARDA;BS;BRESCIA;R00090;LOMBARDIA
2024;F374;MONLEALE;AL;ALESSANDRIA;R00125;PIEMONTE
2024;F375;MONNO;BS;BRESCIA;R00090;LOMBARDIA
2024;F376;MONOPOLI;BA;BARI;R00134;PUGLIA
2024;F377;MONREALE;PA;PALERMO;R00152;SICILIA
2024;F378;MONRUPINO;TS;TRIESTE;R00063;FRIULI-VENEZIA GIULIA
2024;F379;MONSAMPIETRO MORICO;FM;FERMO;R00107;MARCHE
2024;F380;MONSAMPOLO DEL TRONTO;AP;ASCOLI PICENO;R00107;MARCHE
2024;F381;MONSANO;AN;ANCONA;R00107;MARCHE
2024;F382;MONSELICE;PD;PADOVA;R00205;VENETO
2024;F384;MONSUMMANO TERME;PT;PISTOIA;R00161;TOSCANA
2024;F385;MONTA';CN;CUNEO;R00125;PIEMONTE
2024;F386;MONTABONE;AT;ASTI;R00125;PIEMONTE
2024;F387;MONTACUTO;AL;ALESSANDRIA;R00125;PIEMONTE
2024;F390;MONTAFIA;AT;ASTI;R00125;PIEMONTE
2024;F391;MONTAGANO;CB;CAMPOBASSO;R00116;MOLISE
2024;F392;MONTAGNA;BZ;BOLZANO;R00223;PROVINCIA AUTONOMA BOLZANO
2024;F393;MONTAGNA IN VALTELLINA;SO;SONDRIO;R00090;LOMBARDIA
2024;F394;MONTAGNANA;PD;PADOVA;R00205;VENETO
2024;F395;MONTAGNAREALE;ME;MESSINA;R00152;SICILIA
2024;F397;MONTAGUTO;AV;AVELLINO;R00045;CAMPANIA
2024;F398;MONTAIONE;FI;FIRENZE;R00161;TOSCANA
2024;F399;MONTALBANO IONICO;MT;MATERA;R00027;BASILICATA
2024;F400;MONTALBANO ELICONA;ME;MESSINA;R00152;SICILIA
2024;F401;OSTRA;AN;ANCONA;R00107;MARCHE
2024;F403;MONTALDEO;AL;ALESSANDRIA;R00125;PIEMONTE
2024;F404;MONTALDO BORMIDA;AL;ALESSANDRIA;R00125;PIEMONTE
2024;F405;MONTALDO DI MONDOVI';CN;CUNEO;R00125;PIEMONTE
2024;F407;MONTALDO TORINESE;TO;TORINO;R00125;PIEMONTE
2024;F408;MONTALDO ROERO;CN;CUNEO;R00125;PIEMONTE
2024;F409;MONTALDO SCARAMPI;AT;ASTI;R00125;PIEMONTE
2024;F410;MONTALE;PT;PISTOIA;R00161;TOSCANA
2024;F411;MONTALENGHE;TO;TORINO;R00125;PIEMONTE
2024;F414;MONTALLEGRO;AG;AGRIGENTO;R00152;SICILIA
2024;F415;MONTALTO DELLE MARCHE;AP;ASCOLI PICENO;R00107;MARCHE
2024;F416;MONTALTO UFFUGO;CS;COSENZA;R00036;CALABRIA
2024;F417;MONTALTO PAVESE;PV;PAVIA;R00090;LOMBARDIA
2024;F419;MONTALTO DI CASTRO;VT;VITERBO;R00072;LAZIO
2024;F420;MONTALTO DORA;TO;TORINO;R00125;PIEMONTE
2024;F422;MONTANARO;TO;TORINO;R00125;PIEMONTE
2024;F423;MONTANASO LOMBARDO;LO;LODI;R00090;LOMBARDIA
2024;F424;MONTANERA;CN;CUNEO;R00125;PIEMONTE
2024;F426;MONTANO ANTILIA;SA;SALERNO;R00045;CAMPANIA
2024;F427;MONTANO LUCINO;CO;COMO;R00090;LOMBARDIA
2024;F428;MONTAPPONE;FM;FERMO;R00107;MARCHE
2024;F429;MONTAQUILA;IS;ISERNIA;R00116;MOLISE
2024;F430;MONTASOLA;RI;RIETI;R00072;LAZIO
2024;F432;MONTAURO;CZ;CATANZARO;R00036;CALABRIA
2024;F433;MONTAZZOLI;CH;CHIETI;R00018;ABRUZZO
2024;F434;MONTE CREMASCO;CR;CREMONA;R00090;LOMBARDIA
2024;F437;MONTE ARGENTARIO;GR;GROSSETO;R00161;TOSCANA
2024;F440;MONTEBELLO DELLA BATTAGLIA;PV;PAVIA;R00090;LOMBARDIA
2024;F441;MONTEBELLO DI BERTONA;PE;PESCARA;R00018;ABRUZZO
2024;F442;MONTEBELLO VICENTINO;VI;VICENZA;R00205;VENETO
2024;F443;MONTEBELLUNA;TV;TREVISO;R00205;VENETO
2024;F364;MONGIANA;VV;VIBO VALENTIA;R00036;CALABRIA
2024;F277;MOIO ALCANTARA;ME;MESSINA;R00152;SICILIA
2024;F278;MOIO DELLA CIVITELLA;SA;SALERNO;R00045;CAMPANIA
2024;F279;MOIOLA;CN;CUNEO;R00125;PIEMONTE
2024;F280;MOLA DI BARI;BA;BARI;R00134;PUGLIA
2024;F281;MOLARE;AL;ALESSANDRIA;R00125;PIEMONTE
2024;F283;MOLAZZANA;LU;LUCCA;R00161;TOSCANA
2024;F284;MOLFETTA;BA;BARI;R00134;PUGLIA
2024;F287;MOLINARA;BN;BENEVENTO;R00045;CAMPANIA
2024;F288;MOLINELLA;BO;BOLOGNA;R00054;EMILIA-ROMAGNA
2024;F290;MOLINI DI TRIORA;IM;IMPERIA;R00081;LIGURIA
2024;F293;MOLINO DE' TORTI;AL;ALESSANDRIA;R00125;PIEMONTE
2024;F294;MOLISE CB;CB;CAMPOBASSO;R00116;MOLISE
2024;F295;MOLITERNO;PZ;POTENZA;R00027;BASILICATA
2024;F297;MOLLIA;VC;VERCELLI;R00125;PIEMONTE
2024;F299;PORTO EMPEDOCLE;AG;AGRIGENTO;R00152;SICILIA
2024;F301;MOLOCHIO;RC;REGGIO CALABRIA;R00036;CALABRIA
2024;F304;MOLTENO;LC;LECCO;R00090;LOMBARDIA
2024;F305;MOLTRASIO;CO;COMO;R00090;LOMBARDIA
2024;F307;MOLVENO;TN;TRENTO;R00214;PROVINCIA AUTONOMA TRENTO
2024;F308;MOMBALDONE;AT;ASTI;R00125;PIEMONTE
2024;F309;MOMBARCARO;CN;CUNEO;R00125;PIEMONTE
2024;F310;MOMBAROCCIO;PU;PESARO - URBINO;R00107;MARCHE
2024;F311;MOMBARUZZO;AT;ASTI;R00125;PIEMONTE
2024;F312;MOMBASIGLIO;CN;CUNEO;R00125;PIEMONTE
2024;F313;MOMBELLO MONFERRATO;AL;ALESSANDRIA;R00125;PIEMONTE
2024;F315;MOMBELLO DI TORINO;TO;TORINO;R00125;PIEMONTE
2024;F316;MOMBERCELLI;AT;ASTI;R00125;PIEMONTE
2024;F317;MOMO;NO;NOVARA;R00125;PIEMONTE
2024;F318;MOMPANTERO;TO;TORINO;R00125;PIEMONTE
2024;F319;MOMPEO;RI;RIETI;R00072;LAZIO
2024;F320;MOMPERONE;AL;ALESSANDRIA;R00125;PIEMONTE
2024;F322;MONACILIONI;CB;CAMPOBASSO;R00116;MOLISE
2024;F323;MONALE;AT;ASTI;R00125;PIEMONTE
2024;F324;MONASTERACE;RC;REGGIO CALABRIA;R00036;CALABRIA
2024;F325;MONASTERO BORMIDA;AT;ASTI;R00125;PIEMONTE
2024;F326;MONASTERO DI VASCO;CN;CUNEO;R00125;PIEMONTE
2024;F327;MONASTERO DI LANZO;TO;TORINO;R00125;PIEMONTE
2024;F328;MONASTEROLO DEL CASTELLO;BG;BERGAMO;R00090;LOMBARDIA
2024;F329;MONASTEROLO CASOTTO;CN;CUNEO;R00125;PIEMONTE
2024;F330;MONASTEROLO DI SAVIGLIANO;CN;CUNEO;R00125;PIEMONTE
2024;F332;MONASTIER DI TREVISO;TV;TREVISO;R00205;VENETO
2024;F335;MONCALIERI;TO;TORINO;R00125;PIEMONTE
2024;F336;MONCALVO;AT;ASTI;R00125;PIEMONTE
2024;F337;MONCESTINO;AL;ALESSANDRIA;R00125;PIEMONTE
2024;F338;MONCHIERO;CN;CUNEO;R00125;PIEMONTE
2024;E437;LANDRIANO;PV;PAVIA;R00090;LOMBARDIA
2024;I028;SAN MAURO CASTELVERDE;PA;PALERMO;R00152;SICILIA
2024;I029;SAN MAURO FORTE;MT;MATERA;R00027;BASILICATA
2024;I030;SAN MAURO TORINESE;TO;TORINO;R00125;PIEMONTE
2024;I031;SAN MAURO CILENTO;SA;SALERNO;R00045;CAMPANIA
2024;I032;SAN MAURO LA BRUCA;SA;SALERNO;R00045;CAMPANIA
2024;I034;SAN MICHELE DI SERINO;AV;AVELLINO;R00045;CAMPANIA
2024;I035;SAN MICHELE DI GANZARIA;CT;CATANIA;R00152;SICILIA
2024;I037;SAN MICHELE MONDOVI';CN;CUNEO;R00125;PIEMONTE
2024;I040;SAN MICHELE AL TAGLIAMENTO;VE;VENEZIA;R00205;VENETO
2024;I042;SAN MICHELE ALL'ADIGE;TN;TRENTO;R00214;PROVINCIA AUTONOMA TRENTO
2024;I045;SAN MICHELE SALENTINO;BR;BRINDISI;R00134;PUGLIA
2024;I046;SAN MINIATO;PI;PISA;R00161;TOSCANA
2024;H891;SAN GIORGIO DELLA RICHINVELDA;PN;PORDENONE;R00063;FRIULI-VENEZIA GIULIA
2024;H892;SAN GIORGIO A CREMANO;NA;NAPOLI;R00045;CAMPANIA
2024;H893;SAN GIORGIO DELLE PERTICHE;PD;PADOVA;R00205;VENETO
2024;H894;SAN GIORGIO DEL SANNIO;BN;BENEVENTO;R00045;CAMPANIA
2024;H895;SAN GIORGIO DI NOGARO;UD;UDINE;R00063;FRIULI-VENEZIA GIULIA
2024;H896;SAN GIORGIO DI PIANO;BO;BOLOGNA;R00054;EMILIA-ROMAGNA
2024;H897;SAN GIORGIO IN BOSCO;PD;PADOVA;R00205;VENETO
2024;H898;SAN GIORGIO LA MOLARA;BN;BENEVENTO;R00045;CAMPANIA
2024;H899;SAN GIORGIO SCARAMPI;AT;ASTI;R00125;PIEMONTE
2024;H900;SAN GIORIO DI SUSA;TO;TORINO;R00125;PIEMONTE
2024;H901;SAN GIOVANNI VALDARNO;AR;AREZZO;R00161;TOSCANA
2024;H903;SAN GIOVANNI DI GERACE;RC;REGGIO CALABRIA;R00036;CALABRIA
2024;H906;SAN GIOVANNI AL NATISONE;UD;UDINE;R00063;FRIULI-VENEZIA GIULIA
2024;H907;SAN GIOVANNI A PIRO;SA;SALERNO;R00045;CAMPANIA
2024;H910;SAN GIOVANNI BIANCO;BG;BERGAMO;R00090;LOMBARDIA
2024;H912;SAN GIOVANNI DEL DOSSO;MN;MANTOVA;R00090;LOMBARDIA
2024;H913;VILLA SAN GIOVANNI IN TUSCIA;VT;VITERBO;R00072;LAZIO
2024;H914;SAN GIOVANNI GEMINI;AG;AGRIGENTO;R00152;SICILIA
2024;H916;SAN GIOVANNI ILARIONE;VR;VERONA;R00205;VENETO
2024;H917;SAN GIOVANNI INCARICO;FR;FROSINONE;R00072;LAZIO
2024;H918;SAN GIOVANNI IN CROCE;CR;CREMONA;R00090;LOMBARDIA
2024;H919;SAN GIOVANNI IN FIORE;CS;COSENZA;R00036;CALABRIA
2024;H920;SAN GIOVANNI IN GALDO;CB;CAMPOBASSO;R00116;MOLISE
2024;H921;SAN GIOVANNI IN MARIGNANO;RN;RIMINI;R00054;EMILIA-ROMAGNA
2024;H922;SAN GIOVANNI LA PUNTA;CT;CATANIA;R00152;SICILIA
2024;H923;SAN GIOVANNI LIPIONI;CH;CHIETI;R00018;ABRUZZO
2024;H924;SAN GIOVANNI LUPATOTO;VR;VERONA;R00205;VENETO
2024;H926;SAN GIOVANNI ROTONDO;FG;FOGGIA;R00134;PUGLIA
2024;H928;SAN GIULIANO DEL SANNO;CB;CAMPOBASSO;R00116;MOLISE
2024;H929;SAN GIULIANO DI PUGLIA;CB;CAMPOBASSO;R00116;MOLISE
2024;H930;SAN GIULIANO MILANESE;MI;MILANO;R00090;LOMBARDIA
2024;H931;SAN GIUSEPPE VESUVIANO;NA;NAPOLI;R00045;CAMPANIA
2024;H933;SAN GIUSEPPE IATO;PA;PALERMO;R00152;SICILIA
2024;H935;SAN GIUSTINO;PG;PERUGIA;R00189;UMBRIA
2024;H936;SAN GIUSTO CANAVESE;TO;TORINO;R00125;PIEMONTE
2024;H937;SAN GODENZO;FI;FIRENZE;R00161;TOSCANA
2024;H938;SAN GREGORIO NELLE ALPI;BL;BELLUNO;R00205;VENETO
2024;H939;SAN GREGORIO MATESE;CE;CASERTA;R00045;CAMPANIA
2024;H940;SAN GREGORIO DI CATANIA;CT;CATANIA;R00152;SICILIA
2024;H941;SAN GREGORIO D'IPPONA;VV;VIBO VALENTIA;R00036;CALABRIA
2024;H942;SAN GREGORIO DA SASSOLA;RM;ROMA;R00072;LAZIO
2024;H943;SAN GREGORIO MAGNO;SA;SALERNO;R00045;CAMPANIA
2024;H944;SANGUINETTO;VR;VERONA;R00205;VENETO
2024;H945;SAN LAZZARO DI SAVENA;BO;BOLOGNA;R00054;EMILIA-ROMAGNA
2024;H949;SAN LEO;RN;RIMINI;R00054;EMILIA-ROMAGNA
2024;H951;SAN LEONARDO;UD;UDINE;R00063;FRIULI-VENEZIA GIULIA
2024;H952;SAN LEONARDO IN PASSIRIA;BZ;BOLZANO;R00223;PROVINCIA AUTONOMA BOLZANO
2024;H953;SAN LEUCIO DEL SANNIO;BN;BENEVENTO;R00045;CAMPANIA
2024;H955;SAN LORENZELLO;BN;BENEVENTO;R00045;CAMPANIA
2024;H956;SAN LORENZO DI SEBATO;BZ;BOLZANO;R00223;PROVINCIA AUTONOMA BOLZANO
2024;H957;SAN LORENZO AL MARE;IM;IMPERIA;R00081;LIGURIA
2024;H958;SAN LORENZO IN CAMPO;PU;PESARO - URBINO;R00107;MARCHE
2024;H959;SAN LORENZO;RC;REGGIO CALABRIA;R00036;CALABRIA
2024;H961;SAN LORENZO BELLIZZI;CS;COSENZA;R00036;CALABRIA
2024;H962;SAN LORENZO DEL VALLO;CS;COSENZA;R00036;CALABRIA
2024;H964;SAN LORENZO ISONTINO;GO;GORIZIA;R00063;FRIULI-VENEZIA GIULIA
2024;H890;SAN GIORGIO CANAVESE;TO;TORINO;R00125;PIEMONTE
2024;H819;SAN DEMETRIO NE' VESTINI;AQ;L'AQUILA;R00018;ABRUZZO
2024;H820;SAN DIDERO;TO;TORINO;R00125;PIEMONTE
2024;H821;SANDIGLIANO;BI;BIELLA;R00125;PIEMONTE
2024;H822;SAN DONACI;BR;BRINDISI;R00134;PUGLIA
2024;H823;SAN DONA' DI PIAVE;VE;VENEZIA;R00205;VENETO
2024;H824;SAN DONATO VAL DI COMINO;FR;FROSINONE;R00072;LAZIO
2024;H825;SAN DONATO DI NINEA;CS;COSENZA;R00036;CALABRIA
2024;H826;SAN DONATO DI LECCE;LE;LECCE;R00134;PUGLIA
2024;H827;SAN DONATO MILANESE;MI;MILANO;R00090;LOMBARDIA
2024;H829;SANDRIGO;VI;VICENZA;R00205;VENETO
2024;H831;SAN FELE;PZ;POTENZA;R00027;BASILICATA
2024;H833;SAN FELICE DEL MOLISE;CB;CAMPOBASSO;R00116;MOLISE
2024;H834;SAN FELICE A CANCELLO;CE;CASERTA;R00045;CAMPANIA
2024;H835;SAN FELICE SUL PANARO;MO;MODENA;R00054;EMILIA-ROMAGNA
2024;H836;SAN FELICE CIRCEO;LT;LATINA;R00072;LAZIO
2024;H838;SAN FELICE DEL BENACO;BS;BRESCIA;R00090;LOMBARDIA
2024;H839;SAN FERDINANDO DI PUGLIA;BT;BARLETTA_ANDRIA_TRANI;R00134;PUGLIA
2024;H840;SAN FERMO DELLA BATTAGLIA;CO;COMO;R00090;LOMBARDIA
2024;H841;SAN FILI;CS;COSENZA;R00036;CALABRIA
2024;H842;SAN FILIPPO DEL MELA;ME;MESSINA;R00152;SICILIA
2024;H843;SAN FIOR;TV;TREVISO;R00205;VENETO
2024;H844;SAN FIORANO;LO;LODI;R00090;LOMBARDIA
2024;H845;SAN FLORIANO DEL COLLIO;GO;GORIZIA;R00063;FRIULI-VENEZIA GIULIA
2024;H846;SAN FLORO;CZ;CATANZARO;R00036;CALABRIA
2024;H847;SAN FRANCESCO AL CAMPO;TO;TORINO;R00125;PIEMONTE
2024;H850;SAN FRATELLO;ME;MESSINA;R00152;SICILIA
2024;H851;SANFRE';CN;CUNEO;R00125;PIEMONTE
2024;H852;SANFRONT;CN;CUNEO;R00125;PIEMONTE
2024;H855;SANGANO;TO;TORINO;R00125;PIEMONTE
2024;H857;SAN GEMINI;TR;TERNI;R00189;UMBRIA
2024;H858;SAN GENESIO ATESINO;BZ;BOLZANO;R00223;PROVINCIA AUTONOMA BOLZANO
2024;H859;SAN GENESIO ED UNITI;PV;PAVIA;R00090;LOMBARDIA
2024;H860;SAN GENNARO VESUVIANO;NA;NAPOLI;R00045;CAMPANIA
2024;H861;SAN GERMANO VERCELLESE;VC;VERCELLI;R00125;PIEMONTE
2024;H862;SAN GERMANO CHISONE;TO;TORINO;R00125;PIEMONTE
2024;H865;SAN GERVASIO BRESCIANO;BS;BRESCIA;R00090;LOMBARDIA
2024;H867;SAN GIACOMO DEGLI SCHIAVONI;CB;CAMPOBASSO;R00116;MOLISE
2024;H868;SAN GIACOMO FILIPPO;SO;SONDRIO;R00090;LOMBARDIA
2024;H870;SAN GIACOMO DELLE SEGNATE;MN;MANTOVA;R00090;LOMBARDIA
2024;H872;SANGIANO;VA;VARESE;R00090;LOMBARDIA
2024;H873;SAN GILLIO;TO;TORINO;R00125;PIEMONTE
2024;H875;SAN GIMIGNANO;SI;SIENA;R00161;TOSCANA
2024;H876;SAN GINESIO;MC;MACERATA;R00107;MARCHE
2024;H877;SANGINETO;CS;COSENZA;R00036;CALABRIA
2024;H878;SAN GIORGIO MONFERRATO;AL;ALESSANDRIA;R00125;PIEMONTE
2024;H880;SAN GIORGIO A LIRI;FR;FROSINONE;R00072;LAZIO
2024;H881;SAN GIORGIO ALBANESE;CS;COSENZA;R00036;CALABRIA
2024;H882;SAN GIORGIO IONICO;TA;TARANTO;R00134;PUGLIA
2024;H883;SAN GIORGIO DI MANTOVA;MN;MANTOVA;R00090;LOMBARDIA
2024;H884;SAN GIORGIO SU LEGNANO;MI;MILANO;R00090;LOMBARDIA
2024;H885;SAN GIORGIO DI LOMELLINA;PV;PAVIA;R00090;LOMBARDIA
2024;H887;SAN GIORGIO PIACENTINO;PC;PIACENZA;R00054;EMILIA-ROMAGNA
2024;H888;SAN GIORGIO LUCANO;MT;MATERA;R00027;BASILICATA
2024;H889;SAN GIORGIO MORGETO;RC;REGGIO CALABRIA;R00036;CALABRIA
2024;H818;SAN DEMETRIO CORONE;CS;COSENZA;R00036;CALABRIA
2024;H746;SAMBUCO;CN;CUNEO;R00125;PIEMONTE
2024;H749;SAMMICHELE DI BARI;BA;BARI;R00134;PUGLIA
2024;H752;SAMOLACO;SO;SONDRIO;R00090;LOMBARDIA
2024;H753;SAMONE TO;TO;TORINO;R00125;PIEMONTE
2024;H754;SAMONE TN;TN;TRENTO;R00214;PROVINCIA AUTONOMA TRENTO
2024;H755;SAMPEYRE;CN;CUNEO;R00125;PIEMONTE
2024;H756;SAMUGHEO;OR;ORISTANO;R00143;SARDEGNA
2024;H757;SANARICA;LE;LECCE;R00134;PUGLIA
2024;H760;SAN BARTOLOMEO VAL CAVARGNA;CO;COMO;R00090;LOMBARDIA
2024;H763;SAN BARTOLOMEO AL MARE;IM;IMPERIA;R00081;LIGURIA
2024;H764;SAN BARTOLOMEO IN GALDO;BN;BENEVENTO;R00045;CAMPANIA
2024;H765;SAN BASILE;CS;COSENZA;R00036;CALABRIA
2024;H767;SAN BASSANO;CR;CREMONA;R00090;LOMBARDIA
2024;H768;SAN BELLINO;RO;ROVIGO;R00205;VENETO
2024;H769;SAN BENEDETTO DEL TRONTO;AP;ASCOLI PICENO;R00107;MARCHE
2024;H770;SAN BENEDETTO BELBO;CN;CUNEO;R00125;PIEMONTE
2024;H771;SAN BENEDETTO PO;MN;MANTOVA;R00090;LOMBARDIA
2024;H772;SAN BENEDETTO DEI MARSI;AQ;L'AQUILA;R00018;ABRUZZO
2024;H773;SAN BENEDETTO IN PERILLIS;AQ;L'AQUILA;R00018;ABRUZZO
2024;H774;SAN BENEDETTO ULLANO;CS;COSENZA;R00036;CALABRIA
2024;H775;SAN BENIGNO CANAVESE;TO;TORINO;R00125;PIEMONTE
2024;H777;SAN BERNARDINO VERBANO;VB;VERBANO-CUSIO-OSSOLA;R00125;PIEMONTE
2024;H778;SAN BIAGIO PLATANI;AG;AGRIGENTO;R00152;SICILIA
2024;H779;SAN BIAGIO SARACINISCO;FR;FROSINONE;R00072;LAZIO
2024;H780;SAN BIAGIO DELLA CIMA;IM;IMPERIA;R00081;LIGURIA
2024;H781;SAN BIAGIO DI CALLALTA;TV;TREVISO;R00205;VENETO
2024;H782;SAN BIASE;CB;CAMPOBASSO;R00116;MOLISE
2024;H783;SAN BONIFACIO;VR;VERONA;R00205;VENETO
2024;H784;SAN BUONO;CH;CHIETI;R00018;ABRUZZO
2024;H785;SAN CALOGERO;VV;VIBO VALENTIA;R00036;CALABRIA
2024;H786;SAN CANDIDO;BZ;BOLZANO;R00223;PROVINCIA AUTONOMA BOLZANO
2024;H787;SAN CANZIAN D'ISONZO;GO;GORIZIA;R00063;FRIULI-VENEZIA GIULIA
2024;H789;SAN CARLO CANAVESE;TO;TORINO;R00125;PIEMONTE
2024;H790;SAN CASCIANO DEI BAGNI;SI;SIENA;R00161;TOSCANA
2024;H791;SAN CASCIANO IN VAL DI PESA;FI;FIRENZE;R00161;TOSCANA
2024;H792;SAN CATALDO;CL;CALTANISSETTA;R00152;SICILIA
2024;H793;SAN CESARIO DI LECCE;LE;LECCE;R00134;PUGLIA
2024;H794;SAN CESARIO SUL PANARO;MO;MODENA;R00054;EMILIA-ROMAGNA
2024;H795;SAN CHIRICO NUOVO;PZ;POTENZA;R00027;BASILICATA
2024;H796;SAN CHIRICO RAPARO;PZ;POTENZA;R00027;BASILICATA
2024;H797;SAN CIPIRELLO;PA;PALERMO;R00152;SICILIA
2024;H798;SAN CIPRIANO D'AVERSA;CE;CASERTA;R00045;CAMPANIA
2024;H799;SAN CIPRIANO PO;PV;PAVIA;R00090;LOMBARDIA
2024;H800;SAN CIPRIANO PICENTINO;SA;SALERNO;R00045;CAMPANIA
2024;H801;SAN CLEMENTE;RN;RIMINI;R00054;EMILIA-ROMAGNA
2024;H802;SAN COLOMBANO CERTENOLI;GE;GENOVA;R00081;LIGURIA
2024;H803;SAN COLOMBANO AL LAMBRO;MI;MILANO;R00090;LOMBARDIA
2024;H804;SAN COLOMBANO BELMONTE;TO;TORINO;R00125;PIEMONTE
2024;H805;SAN CONO;CT;CATANIA;R00152;SICILIA
2024;H806;SAN COSMO ALBANESE;CS;COSENZA;R00036;CALABRIA
2024;H807;SAN COSTANTINO CALABRO;VV;VIBO VALENTIA;R00036;CALABRIA
2024;H808;SAN COSTANTINO ALBANESE;PZ;POTENZA;R00027;BASILICATA
2024;H809;SAN COSTANZO;PU;PESARO - URBINO;R00107;MARCHE
2024;H810;SAN CRISTOFORO;AL;ALESSANDRIA;R00125;PIEMONTE
2024;H811;SAN DAMIANO D'ASTI;AT;ASTI;R00125;PIEMONTE
2024;H812;SAN DAMIANO MACRA;CN;CUNEO;R00125;PIEMONTE
2024;H814;SAN DAMIANO AL COLLE;PV;PAVIA;R00090;LOMBARDIA
2024;H815;SAN DANIELE PO;CR;CREMONA;R00090;LOMBARDIA
2024;H816;SAN DANIELE DEL FRIULI;UD;UDINE;R00063;FRIULI-VENEZIA GIULIA
2024;H745;SAMBUCI;RM;ROMA;R00072;LAZIO
2024;H658;SACROFANO;RM;ROMA;R00072;LAZIO
2024;H661;SAGAMA;OR;ORISTANO;R00143;SARDEGNA
2024;H662;SAGLIANO MICCA;BI;BIELLA;R00125;PIEMONTE
2024;H665;SAGRADO;GO;GORIZIA;R00063;FRIULI-VENEZIA GIULIA
2024;H666;SAGRON MIS;TN;TRENTO;R00214;PROVINCIA AUTONOMA TRENTO
2024;H669;SAINT CHRISTOPHE;AO;AOSTA;R00198;VALLE D'AOSTA/VALLÉE D'AOSTE
2024;H670;SAINT DENIS;AO;AOSTA;R00198;VALLE D'AOSTA/VALLÉE D'AOSTE
2024;H671;SAINT MARCEL;AO;AOSTA;R00198;VALLE D'AOSTA/VALLÉE D'AOSTE
2024;H672;SAINT NICOLAS;AO;AOSTA;R00198;VALLE D'AOSTA/VALLÉE D'AOSTE
2024;H673;SAINT OYEN;AO;AOSTA;R00198;VALLE D'AOSTA/VALLÉE D'AOSTE
2024;H674;SAINT PIERRE;AO;AOSTA;R00198;VALLE D'AOSTA/VALLÉE D'AOSTE
2024;H675;SAINT RHEMY;AO;AOSTA;R00198;VALLE D'AOSTA/VALLÉE D'AOSTE
2024;H676;SAINT VINCENT;AO;AOSTA;R00198;VALLE D'AOSTA/VALLÉE D'AOSTE
2024;H677;SALA MONFERRATO;AL;ALESSANDRIA;R00125;PIEMONTE
2024;H678;SALA BOLOGNESE;BO;BOLOGNA;R00054;EMILIA-ROMAGNA
2024;H679;SALA COMACINA;CO;COMO;R00090;LOMBARDIA
2024;H681;SALA BIELLESE;BI;BIELLA;R00125;PIEMONTE
2024;H682;SALA BAGANZA;PR;PARMA;R00054;EMILIA-ROMAGNA
2024;H683;SALA CONSILINA;SA;SALERNO;R00045;CAMPANIA
2024;H684;SALBERTRAND;TO;TORINO;R00125;PIEMONTE
2024;H686;SALENTO;SA;SALERNO;R00045;CAMPANIA
2024;H687;SALANDRA;MT;MATERA;R00027;BASILICATA
2024;H688;SALAPARUTA;TP;TRAPANI;R00152;SICILIA
2024;H689;SALARA;RO;ROVIGO;R00205;VENETO
2024;H690;SALASCO;VC;VERCELLI;R00125;PIEMONTE
2024;H691;SALASSA;TO;TORINO;R00125;PIEMONTE
2024;H693;SALCITO;CB;CAMPOBASSO;R00116;MOLISE
2024;H694;SALE;AL;ALESSANDRIA;R00125;PIEMONTE
2024;H695;SALE DELLE LANGHE;CN;CUNEO;R00125;PIEMONTE
2024;H699;SALE MARASINO;BS;BRESCIA;R00090;LOMBARDIA
2024;H700;SALEMI;TP;TRAPANI;R00152;SICILIA
2024;H701;SALERANO SUL LAMBRO;LO;LODI;R00090;LOMBARDIA
2024;H702;SALERANO CANAVESE;TO;TORINO;R00125;PIEMONTE
2024;H703;SALERNO;SA;SALERNO;R00045;CAMPANIA
2024;H704;SALE SAN GIOVANNI;CN;CUNEO;R00125;PIEMONTE
2024;H706;SALGAREDA;TV;TREVISO;R00205;VENETO
2024;H707;SALI VERCELLESE;VC;VERCELLI;R00125;PIEMONTE
2024;H708;SALICE SALENTINO;LE;LECCE;R00134;PUGLIA
2024;H710;SALICETO;CN;CUNEO;R00125;PIEMONTE
2024;H712;SAN MAURO DI SALINE;VR;VERONA;R00205;VENETO
2024;H713;SALISANO;RI;RIETI;R00072;LAZIO
2024;H714;SALIZZOLE;VR;VERONA;R00205;VENETO
2024;H715;SALLE;PE;PESCARA;R00018;ABRUZZO
2024;H716;SALMOUR;CN;CUNEO;R00125;PIEMONTE
2024;H717;SALO';BS;BRESCIA;R00090;LOMBARDIA
2024;H719;SALORNO;BZ;BOLZANO;R00223;PROVINCIA AUTONOMA BOLZANO
2024;H720;SALSOMAGGIORE TERME;PR;PARMA;R00054;EMILIA-ROMAGNA
2024;H723;SALTRIO;VA;VARESE;R00090;LOMBARDIA
2024;H724;SALUDECIO;RN;RIMINI;R00054;EMILIA-ROMAGNA
2024;H725;SALUGGIA;VC;VERCELLI;R00125;PIEMONTE
2024;H726;SALUSSOLA;BI;BIELLA;R00125;PIEMONTE
2024;H727;SALUZZO;CN;CUNEO;R00125;PIEMONTE
2024;H729;SALVE;LE;LECCE;R00134;PUGLIA
2024;H730;SAVOIA DI LUCANIA;PZ;POTENZA;R00027;BASILICATA
2024;H731;SALVIROLA;CR;CREMONA;R00090;LOMBARDIA
2024;H732;SALVITELLE;SA;SALERNO;R00045;CAMPANIA
2024;H733;SALZA IRPINA;AV;AVELLINO;R00045;CAMPANIA
2024;H734;SALZA DI PINEROLO;TO;TORINO;R00125;PIEMONTE
2024;H735;SALZANO;VE;VENEZIA;R00205;VENETO
2024;H736;SAMARATE;VA;VARESE;R00090;LOMBARDIA
2024;H743;SAMBUCA DI SICILIA;AG;AGRIGENTO;R00152;SICILIA
2024;H744;SAMBUCA PISTOIESE;PT;PISTOIA;R00161;TOSCANA
2024;H657;SACILE;PN;PORDENONE;R00063;FRIULI-VENEZIA GIULIA
2024;H562;ROSCIANO;PE;PESCARA;R00018;ABRUZZO
2024;H564;ROSCIGNO;SA;SALERNO;R00045;CAMPANIA
2024;H565;ROSE;CS;COSENZA;R00036;CALABRIA
2024;H566;ROSELLO;CH;CHIETI;R00018;ABRUZZO
2024;H568;ROSETO VALFORTORE;FG;FOGGIA;R00134;PUGLIA
2024;H569;ROSIGNANO MONFERRATO;AL;ALESSANDRIA;R00125;PIEMONTE
2024;H570;ROSIGNANO MARITTIMO;LI;LIVORNO;R00161;TOSCANA
2024;H572;ROSETO CAPO SPULICO;CS;COSENZA;R00036;CALABRIA
2024;H573;ROSOLINA;RO;ROVIGO;R00205;VENETO
2024;H574;ROSOLINI;SR;SIRACUSA;R00152;SICILIA
2024;H575;ROSORA;AN;ANCONA;R00107;MARCHE
2024;H577;ROSSA;VC;VERCELLI;R00125;PIEMONTE
2024;H578;ROSSANA;CN;CUNEO;R00125;PIEMONTE
2024;H580;ROSSANO VENETO;VI;VICENZA;R00205;VENETO
2024;H581;ROSSIGLIONE;GE;GENOVA;R00081;LIGURIA
2024;H583;ROSTA;TO;TORINO;R00125;PIEMONTE
2024;H584;ROTA D'IMAGNA;BG;BERGAMO;R00090;LOMBARDIA
2024;H585;ROTA GRECA;CS;COSENZA;R00036;CALABRIA
2024;H588;ROTELLA;AP;ASCOLI PICENO;R00107;MARCHE
2024;H589;ROTELLO;CB;CAMPOBASSO;R00116;MOLISE
2024;H590;ROTONDA;PZ;POTENZA;R00027;BASILICATA
2024;H591;ROTONDELLA;MT;MATERA;R00027;BASILICATA
2024;H592;ROTONDI;AV;AVELLINO;R00045;CAMPANIA
2024;H593;ROTTOFRENO;PC;PIACENZA;R00054;EMILIA-ROMAGNA
2024;H594;ROTZO;VI;VICENZA;R00205;VENETO
2024;H598;ROVATO;BS;BRESCIA;R00090;LOMBARDIA
2024;H599;ROVEGNO;GE;GENOVA;R00081;LIGURIA
2024;H601;ROVELLASCA;CO;COMO;R00090;LOMBARDIA
2024;H602;ROVELLO PORRO;CO;COMO;R00090;LOMBARDIA
2024;H604;ROVERBELLA;MN;MANTOVA;R00090;LOMBARDIA
2024;H606;ROVERCHIARA;VR;VERONA;R00205;VENETO
2024;H607;ROVERE' DELLA LUNA;TN;TRENTO;R00214;PROVINCIA AUTONOMA TRENTO
2024;H608;ROVERE' VERONESE;VR;VERONA;R00205;VENETO
2024;H609;ROVEREDO IN PIANO;PN;PORDENONE;R00063;FRIULI-VENEZIA GIULIA
2024;H610;ROVEREDO DI GUA';VR;VERONA;R00205;VENETO
2024;H612;ROVERETO;TN;TRENTO;R00214;PROVINCIA AUTONOMA TRENTO
2024;H614;ROVESCALA;PV;PAVIA;R00090;LOMBARDIA
2024;H615;ROVETTA;BG;BERGAMO;R00090;LOMBARDIA
2024;H618;ROVIANO;RM;ROMA;R00072;LAZIO
2024;H620;ROVIGO;RO;ROVIGO;R00205;VENETO
2024;H621;ROVITO;CS;COSENZA;R00036;CALABRIA
2024;H622;ROVOLON;PD;PADOVA;R00205;VENETO
2024;H623;ROZZANO;MI;MILANO;R00090;LOMBARDIA
2024;H625;RUBANO;PD;PADOVA;R00205;VENETO
2024;H627;RUBIANA;TO;TORINO;R00125;PIEMONTE
2024;H628;RUBIERA;RE;REGGIO EMILIA;R00054;EMILIA-ROMAGNA
2024;H629;RUDA;UD;UDINE;R00063;FRIULI-VENEZIA GIULIA
2024;H630;RUDIANO;BS;BRESCIA;R00090;LOMBARDIA
2024;H631;RUEGLIO;TO;TORINO;R00125;PIEMONTE
2024;H632;RUFFANO;LE;LECCE;R00134;PUGLIA
2024;H633;RUFFIA;CN;CUNEO;R00125;PIEMONTE
2024;H634;RUFFRE';TN;TRENTO;R00214;PROVINCIA AUTONOMA TRENTO
2024;H635;RUFINA;FI;FIRENZE;R00161;TOSCANA
2024;H639;RUMO;TN;TRENTO;R00214;PROVINCIA AUTONOMA TRENTO
2024;H641;RUOTI;PZ;POTENZA;R00027;BASILICATA
2024;H642;RUSSI;RA;RAVENNA;R00054;EMILIA-ROMAGNA
2024;H643;RUTIGLIANO;BA;BARI;R00134;PUGLIA
2024;H644;RUTINO;SA;SALERNO;R00045;CAMPANIA
2024;H645;RUVO DI PUGLIA;BA;BARI;R00134;PUGLIA
2024;H646;RUVO DEL MONTE;PZ;POTENZA;R00027;BASILICATA
2024;H647;SABAUDIA;LT;LATINA;R00072;LAZIO
2024;H650;SABBIO CHIESE;BS;BRESCIA;R00090;LOMBARDIA
2024;H652;SABBIONETA;MN;MANTOVA;R00090;LOMBARDIA
2024;H654;SACCO;SA;SALERNO;R00045;CAMPANIA
2024;H561;ROSAZZA;BI;BIELLA;R00125;PIEMONTE
2024;H655;SACCOLONGO;PD;PADOVA;R00205;VENETO
2024;H474;RODELLO;CN;CUNEO;R00125;PIEMONTE
2024;H475;RODENGO;BZ;BOLZANO;R00223;PROVINCIA AUTONOMA BOLZANO
2024;H477;RODENGO-SAIANO;BS;BRESCIA;R00090;LOMBARDIA
2024;H478;RODERO;CO;COMO;R00090;LOMBARDIA
2024;H479;RODI' MILICI;ME;MESSINA;R00152;SICILIA
2024;H480;RODI GARGANICO;FG;FOGGIA;R00134;PUGLIA
2024;H481;RODIGO;MN;MANTOVA;R00090;LOMBARDIA
2024;H484;ROE' VOLCIANO;BS;BRESCIA;R00090;LOMBARDIA
2024;H485;ROFRANO;SA;SALERNO;R00045;CAMPANIA
2024;H486;ROGENO;LC;LECCO;R00090;LOMBARDIA
2024;H488;ROGGIANO DI GRAVINA;CS;COSENZA;R00036;CALABRIA
2024;H489;ROGHUDI;RC;REGGIO CALABRIA;R00036;CALABRIA
2024;H490;ROGLIANO;CS;COSENZA;R00036;CALABRIA
2024;H491;ROGNANO;PV;PAVIA;R00090;LOMBARDIA
2024;H492;ROGNO;BG;BERGAMO;R00090;LOMBARDIA
2024;H493;ROGOLO;SO;SONDRIO;R00090;LOMBARDIA
2024;H494;ROIATE;RM;ROMA;R00072;LAZIO
2024;H495;ROIO DEL SANGRO;CH;CHIETI;R00018;ABRUZZO
2024;H497;ROISAN;AO;AOSTA;R00198;VALLE D'AOSTA/VALLÉE D'AOSTE
2024;H498;ROLETTO;TO;TORINO;R00125;PIEMONTE
2024;H500;ROLO;RE;REGGIO EMILIA;R00054;EMILIA-ROMAGNA
2024;H501;ROMA;RM;ROMA;R00072;LAZIO
2024;H502;ROMAGNANO SESIA;NO;NOVARA;R00125;PIEMONTE
2024;G802;POLVERARA;PD;PADOVA;R00205;VENETO
2024;G803;POLVERIGI;AN;ANCONA;R00107;MARCHE
2024;G804;POMARANCE;PI;PISA;R00161;TOSCANA
2024;G805;POMARETTO;TO;TORINO;R00125;PIEMONTE
2024;G806;POMARICO;MT;MATERA;R00027;BASILICATA
2024;G807;POMARO MONFERRATO;AL;ALESSANDRIA;R00125;PIEMONTE
2024;G808;POMAROLO;TN;TRENTO;R00214;PROVINCIA AUTONOMA TRENTO
2024;G809;POMBIA;NO;NOVARA;R00125;PIEMONTE
2024;G811;POMEZIA;RM;ROMA;R00072;LAZIO
2024;G812;POMIGLIANO D'ARCO;NA;NAPOLI;R00045;CAMPANIA
2024;G813;POMPEI;NA;NAPOLI;R00045;CAMPANIA
2024;G814;POMPEIANA;IM;IMPERIA;R00081;LIGURIA
2024;G815;POMPIANO;BS;BRESCIA;R00090;LOMBARDIA
2024;G816;POMPONESCO;MN;MANTOVA;R00090;LOMBARDIA
2024;G817;POMPU;OR;ORISTANO;R00143;SARDEGNA
2024;G818;PONCARALE;BS;BRESCIA;R00090;LOMBARDIA
2024;G820;PONDERANO;BI;BIELLA;R00125;PIEMONTE
2024;G821;PONNA;CO;COMO;R00090;LOMBARDIA
2024;G822;PONSACCO;PI;PISA;R00161;TOSCANA
2024;G823;PONSO;PD;PADOVA;R00205;VENETO
2024;G825;PONTASSIEVE;FI;FIRENZE;R00161;TOSCANA
2024;G826;PONT CANAVESE;TO;TORINO;R00125;PIEMONTE
2024;G827;PONTE;BN;BENEVENTO;R00045;CAMPANIA
2024;G829;PONTE IN VALTELLINA;SO;SONDRIO;R00090;LOMBARDIA
2024;G830;PONTE GARDENA;BZ;BOLZANO;R00223;PROVINCIA AUTONOMA BOLZANO
2024;G831;PONTEBBA;UD;UDINE;R00063;FRIULI-VENEZIA GIULIA
2024;G833;PONTE BUGGIANESE;PT;PISTOIA;R00161;TOSCANA
2024;G834;PONTECAGNANO FAIANO;SA;SALERNO;R00045;CAMPANIA
2024;G836;PONTECCHIO POLESINE;RO;ROVIGO;R00205;VENETO
2024;G837;PONTECHIANALE;CN;CUNEO;R00125;PIEMONTE
2024;G838;PONTECORVO;FR;FROSINONE;R00072;LAZIO
2024;G839;PONTECURONE;AL;ALESSANDRIA;R00125;PIEMONTE
2024;G840;PONTEDASSIO;IM;IMPERIA;R00081;LIGURIA
2024;G842;PONTE DELL'OLIO;PC;PIACENZA;R00054;EMILIA-ROMAGNA
2024;G843;PONTEDERA;PI;PISA;R00161;TOSCANA
2024;G844;PONTE DI LEGNO;BS;BRESCIA;R00090;LOMBARDIA
2024;G846;PONTE DI PIAVE;TV;TREVISO;R00205;VENETO
2024;G847;PONTE LAMBRO;CO;COMO;R00090;LOMBARDIA
2024;G848;PONTELANDOLFO;BN;BENEVENTO;R00045;CAMPANIA
2024;G771;POGGIO SAN MARCELLO;AN;ANCONA;R00107;MARCHE
2024;G684;PIOBESI TORINESE;TO;TORINO;R00125;PIEMONTE
2024;G685;PIODE;VC;VERCELLI;R00125;PIEMONTE
2024;G686;PIOLTELLO;MI;MILANO;R00090;LOMBARDIA
2024;G687;PIOMBINO;LI;LIVORNO;R00161;TOSCANA
2024;G688;PIOMBINO DESE;PD;PADOVA;R00205;VENETO
2024;G690;PIORACO;MC;MACERATA;R00107;MARCHE
2024;G691;PIOSSASCO;TO;TORINO;R00125;PIEMONTE
2024;G692;PIOVA' MASSAIA;AT;ASTI;R00125;PIEMONTE
2024;G693;PIOVE DI SACCO;PD;PADOVA;R00205;VENETO
2024;G694;PIOVENE-ROCCHETTE;VI;VICENZA;R00205;VENETO
2024;G696;PIOZZANO;PC;PIACENZA;R00054;EMILIA-ROMAGNA
2024;G697;PIOZZO;CN;CUNEO;R00125;PIEMONTE
2024;G698;PRIVERNO;LT;LATINA;R00072;LAZIO
2024;G699;PIRAINO;ME;MESSINA;R00152;SICILIA
2024;G702;PISA;PI;PISA;R00161;TOSCANA
2024;G703;PISANO;NO;NOVARA;R00125;PIEMONTE
2024;G704;PISONIANO;RM;ROMA;R00072;LAZIO
2024;G705;PISCINA;TO;TORINO;R00125;PIEMONTE
2024;G707;PISCIOTTA;SA;SALERNO;R00045;CAMPANIA
2024;G710;PISOGNE;BS;BRESCIA;R00090;LOMBARDIA
2024;G712;PISTICCI;MT;MATERA;R00027;BASILICATA
2024;G713;PISTOIA;PT;PISTOIA;R00161;TOSCANA
2024;G716;PITIGLIANO;GR;GROSSETO;R00161;TOSCANA
2024;G717;PIUBEGA;MN;MANTOVA;R00090;LOMBARDIA
2024;G718;PIURO;SO;SONDRIO;R00090;LOMBARDIA
2024;G719;PIVERONE;TO;TORINO;R00125;PIEMONTE
2024;G720;PIZZALE;PV;PAVIA;R00090;LOMBARDIA
2024;G721;PIZZIGHETTONE;CR;CREMONA;R00090;LOMBARDIA
2024;G722;PIZZO;VV;VIBO VALENTIA;R00036;CALABRIA
2024;G724;PIZZOFERRATO;CH;CHIETI;R00018;ABRUZZO
2024;G726;PIZZOLI;AQ;L'AQUILA;R00018;ABRUZZO
2024;G727;PIZZONE;IS;ISERNIA;R00116;MOLISE
2024;G728;PIZZONI;VV;VIBO VALENTIA;R00036;CALABRIA
2024;G729;PLACANICA;RC;REGGIO CALABRIA;R00036;CALABRIA
2024;G733;PLATACI;CS;COSENZA;R00036;CALABRIA
2024;G734;PLATANIA;CZ;CATANZARO;R00036;CALABRIA
2024;G735;PLATI';RC;REGGIO CALABRIA;R00036;CALABRIA
2024;G736;TAIPANA;UD;UDINE;R00063;FRIULI-VENEZIA GIULIA
2024;G737;PLESIO;CO;COMO;R00090;LOMBARDIA
2024;G740;PLOAGHE;SS;SASSARI;R00143;SARDEGNA
2024;G741;PLODIO;SV;SAVONA;R00081;LIGURIA
2024;G742;POCAPAGLIA;CN;CUNEO;R00125;PIEMONTE
2024;G743;POCENIA;UD;UDINE;R00063;FRIULI-VENEZIA GIULIA
2024;G746;PODENZANA;MS;MASSA CARRARA;R00161;TOSCANA
2024;G747;PODENZANO;PC;PIACENZA;R00054;EMILIA-ROMAGNA
2024;G751;POGGIARDO;LE;LECCE;R00134;PUGLIA
2024;G752;POGGIBONSI;SI;SIENA;R00161;TOSCANA
2024;G753;POGGIO RUSCO;MN;MANTOVA;R00090;LOMBARDIA
2024;G754;POGGIO A CAIANO;PO;PRATO;R00161;TOSCANA
2024;G756;POGGIO BUSTONE;RI;RIETI;R00072;LAZIO
2024;G757;POGGIO CATINO;RI;RIETI;R00072;LAZIO
2024;G758;POGGIODOMO;PG;PERUGIA;R00189;UMBRIA
2024;G760;POGGIOFIORITO;CH;CHIETI;R00018;ABRUZZO
2024;G761;POGGIO IMPERIALE;FG;FOGGIA;R00134;PUGLIA
2024;G762;POGGIOMARINO;NA;NAPOLI;R00045;CAMPANIA
2024;G763;POGGIO MIRTETO;RI;RIETI;R00072;LAZIO
2024;G764;POGGIO MOIANO;RI;RIETI;R00072;LAZIO
2024;G765;POGGIO NATIVO;RI;RIETI;R00072;LAZIO
2024;G766;POGGIO PICENZE;AQ;L'AQUILA;R00018;ABRUZZO
2024;G767;POGGIOREALE;TP;TRAPANI;R00152;SICILIA
2024;G768;POGGIO RENATICO;FE;FERRARA;R00054;EMILIA-ROMAGNA
2024;G769;POGGIORSINI;BA;BARI;R00134;PUGLIA
2024;G770;POGGIO SAN LORENZO;RI;RIETI;R00072;LAZIO
2024;G683;PIOBESI D'ALBA;CN;CUNEO;R00125;PIEMONTE
2024;G611;PIETRADEFUSI;AV;AVELLINO;R00045;CAMPANIA
2024;G612;PIETRA DE' GIORGI;PV;PAVIA;R00090;LOMBARDIA
2024;G613;PIETRAFERRAZZANA;CH;CHIETI;R00018;ABRUZZO
2024;G614;SATRIANO DI LUCANIA;PZ;POTENZA;R00027;BASILICATA
2024;G615;PIETRAFITTA;CS;COSENZA;R00036;CALABRIA
2024;G616;PIETRAGALLA;PZ;POTENZA;R00027;BASILICATA
2024;G618;PIETRALUNGA;PG;PERUGIA;R00189;UMBRIA
2024;G619;PIETRA MARAZZI;AL;ALESSANDRIA;R00125;PIEMONTE
2024;G620;PIETRAMELARA;CE;CASERTA;R00045;CAMPANIA
2024;G621;PIETRANICO;PE;PESCARA;R00018;ABRUZZO
2024;G622;PIETRAPAOLA;CS;COSENZA;R00036;CALABRIA
2024;G623;PIETRAPERTOSA;PZ;POTENZA;R00027;BASILICATA
2024;G624;PIETRAPERZIA;EN;ENNA;R00152;SICILIA
2024;G625;PIETRAPORZIO;CN;CUNEO;R00125;PIEMONTE
2024;G626;PIETRAROIA;BN;BENEVENTO;R00045;CAMPANIA
2024;G627;PIETRARUBBIA;PU;PESARO - URBINO;R00107;MARCHE
2024;G628;PIETRASANTA;LU;LUCCA;R00161;TOSCANA
2024;G629;PIETRASTORNINA;AV;AVELLINO;R00045;CAMPANIA
2024;G630;PIETRAVAIRANO;CE;CASERTA;R00045;CAMPANIA
2024;G631;PIETRELCINA;BN;BENEVENTO;R00045;CAMPANIA
2024;G632;PIEVE DI TECO;IM;IMPERIA;R00081;LIGURIA
2024;G634;PIEVE EMANUELE;MI;MILANO;R00090;LOMBARDIA
2024;G635;PIEVE ALBIGNOLA;PV;PAVIA;R00090;LOMBARDIA
2024;G636;PIEVE A NIEVOLE;PT;PISTOIA;R00161;TOSCANA
2024;G639;PIEVE DEL CAIRO;PV;PAVIA;R00090;LOMBARDIA
2024;G642;PIEVE DI CADORE;BL;BELLUNO;R00205;VENETO
2024;G643;PIEVE DI CENTO;BO;BOLOGNA;R00054;EMILIA-ROMAGNA
2024;G645;PIEVE DI SOLIGO;TV;TREVISO;R00205;VENETO
2024;G646;PIEVE LIGURE;GE;GENOVA;R00081;LIGURIA
2024;G647;PIEVE D'OLMI;CR;CREMONA;R00090;LOMBARDIA
2024;G648;PIEVE FOSCIANA;LU;LUCCA;R00161;TOSCANA
2024;G649;PIEVEPELAGO;MO;MODENA;R00054;EMILIA-ROMAGNA
2024;G650;PIEVE PORTO MORONE;PV;PAVIA;R00090;LOMBARDIA
2024;G651;PIEVE SAN GIACOMO;CR;CREMONA;R00090;LOMBARDIA
2024;G653;PIEVE SANTO STEFANO;AR;AREZZO;R00161;TOSCANA
2024;G656;PIEVE TESINO;TN;TRENTO;R00214;PROVINCIA AUTONOMA TRENTO
2024;G657;PIEVE TORINA;MC;MACERATA;R00107;MARCHE
2024;G658;PIEVE VERGONTE;VB;VERBANO-CUSIO-OSSOLA;R00125;PIEMONTE
2024;G659;PIGLIO;FR;FROSINONE;R00072;LAZIO
2024;G660;PIGNA;IM;IMPERIA;R00081;LIGURIA
2024;G661;PIGNATARO MAGGIORE;CE;CASERTA;R00045;CAMPANIA
2024;G662;PIGNATARO INTERAMNA;FR;FROSINONE;R00072;LAZIO
2024;G663;PIGNOLA;PZ;POTENZA;R00027;BASILICATA
2024;G664;PIGNONE;SP;LA SPEZIA;R00081;LIGURIA
2024;G665;PIGRA;CO;COMO;R00090;LOMBARDIA
2024;G666;PILA;VC;VERCELLI;R00125;PIEMONTE
2024;G670;PIMONTE;NA;NAPOLI;R00045;CAMPANIA
2024;G671;PINAROLO PO;PV;PAVIA;R00090;LOMBARDIA
2024;G672;PINASCA;TO;TORINO;R00125;PIEMONTE
2024;G673;PINCARA;RO;ROVIGO;R00205;VENETO
2024;G674;PINEROLO;TO;TORINO;R00125;PIEMONTE
2024;G676;PINO D'ASTI;AT;ASTI;R00125;PIEMONTE
2024;G678;PINO TORINESE;TO;TORINO;R00125;PIEMONTE
2024;G680;PINZANO AL TAGLIAMENTO;PN;PORDENONE;R00063;FRIULI-VENEZIA GIULIA
2024;G681;PINZOLO;TN;TRENTO;R00214;PROVINCIA AUTONOMA TRENTO
2024;G682;PIOBBICO;PU;PESARO - URBINO;R00107;MARCHE
2024;G610;PIETRACUPA;CB;CAMPOBASSO;R00116;MOLISE
2024;G523;PETTORANELLO DEL MOLISE;IS;ISERNIA;R00116;MOLISE
2024;G524;PETTORANO SUL GIZIO;AQ;L'AQUILA;R00018;ABRUZZO
2024;G525;PETTORAZZA GRIMANI;RO;ROVIGO;R00205;VENETO
2024;G526;PEVERAGNO;CN;CUNEO;R00125;PIEMONTE
2024;G528;PEZZANA;VC;VERCELLI;R00125;PIEMONTE
2024;G529;PEZZAZE;BS;BRESCIA;R00090;LOMBARDIA
2024;G532;PEZZOLO VALLE UZZONE;CN;CUNEO;R00125;PIEMONTE
2024;G534;PIACENZA D'ADIGE;PD;PADOVA;R00205;VENETO
2024;G535;PIACENZA;PC;PIACENZA;R00054;EMILIA-ROMAGNA
2024;G538;PIAGGINE;SA;SALERNO;R00045;CAMPANIA
2024;G540;VALLE DELL'ANGELO;SA;SALERNO;R00045;CAMPANIA
2024;G541;PIANA DI MONTEVERNA;CE;CASERTA;R00045;CAMPANIA
2024;G542;PIANA CRIXIA;SV;SAVONA;R00081;LIGURIA
2024;G543;PIANA DEGLI ALBANESI;PA;PALERMO;R00152;SICILIA
2024;G545;PONTBOSET;AO;AOSTA;R00198;VALLE D'AOSTA/VALLÉE D'AOSTE
2024;G546;PIAN CAMUNO;BS;BRESCIA;R00090;LOMBARDIA
2024;G547;PIANCASTAGNAIO;SI;SIENA;R00161;TOSCANA
2024;G549;PIANCOGNO;BS;BRESCIA;R00090;LOMBARDIA
2024;G551;PIANDIMELETO;PU;PESARO - URBINO;R00107;MARCHE
2024;G553;PIANE CRATI;CS;COSENZA;R00036;CALABRIA
2024;G555;PIANELLA;PE;PESCARA;R00018;ABRUZZO
2024;G556;PIANELLO DEL LARIO;CO;COMO;R00090;LOMBARDIA
2024;G557;PIANELLO VAL TIDONE;PC;PIACENZA;R00054;EMILIA-ROMAGNA
2024;G558;PIANENGO;CR;CREMONA;R00090;LOMBARDIA
2024;G559;PIANEZZA;TO;TORINO;R00125;PIEMONTE
2024;G560;PIANEZZE;VI;VICENZA;R00205;VENETO
2024;G561;PIANFEI;CN;CUNEO;R00125;PIEMONTE
2024;G564;PIANICO;BG;BERGAMO;R00090;LOMBARDIA
2024;G565;PIANIGA;VE;VENEZIA;R00205;VENETO
2024;G566;SAN BENEDETTO VAL DI SAMBRO;BO;BOLOGNA;R00054;EMILIA-ROMAGNA
2024;G568;PIANO DI SORRENTO;NA;NAPOLI;R00045;CAMPANIA
2024;G570;PIANORO;BO;BOLOGNA;R00054;EMILIA-ROMAGNA
2024;G571;PIANSANO;VT;VITERBO;R00072;LAZIO
2024;G572;PIANTEDO;SO;SONDRIO;R00090;LOMBARDIA
2024;G574;PIARIO;BG;BERGAMO;R00090;LOMBARDIA
2024;G575;PIASCO;CN;CUNEO;R00125;PIEMONTE
2024;G576;PIATEDA;SO;SONDRIO;R00090;LOMBARDIA
2024;G577;PIATTO;BI;BIELLA;R00125;PIEMONTE
2024;G579;PIAZZA BREMBANA;BG;BERGAMO;R00090;LOMBARDIA
2024;G580;PIAZZA ARMERINA;EN;ENNA;R00152;SICILIA
2024;G582;PIAZZA AL SERCHIO;LU;LUCCA;R00161;TOSCANA
2024;G583;PIAZZATORRE;BG;BERGAMO;R00090;LOMBARDIA
2024;G587;PIAZZOLA SUL BRENTA;PD;PADOVA;R00205;VENETO
2024;G588;PIAZZOLO;BG;BERGAMO;R00090;LOMBARDIA
2024;G589;PICCIANO;PE;PESCARA;R00018;ABRUZZO
2024;G590;PICERNO;PZ;POTENZA;R00027;BASILICATA
2024;G591;PICINISCO;FR;FROSINONE;R00072;LAZIO
2024;G592;PICO;FR;FROSINONE;R00072;LAZIO
2024;G593;PIEA;AT;ASTI;R00125;PIEMONTE
2024;G594;PIEDICAVALLO;BI;BIELLA;R00125;PIEMONTE
2024;G596;PIEDIMONTE MATESE;CE;CASERTA;R00045;CAMPANIA
2024;G597;PIEDIMONTE ETNEO;CT;CATANIA;R00152;SICILIA
2024;G598;PIEDIMONTE SAN GERMANO;FR;FROSINONE;R00072;LAZIO
2024;G600;PIEDIMULERA;VB;VERBANO-CUSIO-OSSOLA;R00125;PIEMONTE
2024;G601;PIEGARO;PG;PERUGIA;R00189;UMBRIA
2024;G602;PIENZA;SI;SIENA;R00161;TOSCANA
2024;G603;PIERANICA;CR;CREMONA;R00090;LOMBARDIA
2024;G604;PIETRAMONTECORVINO;FG;FOGGIA;R00134;PUGLIA
2024;G605;PIETRA LIGURE;SV;SAVONA;R00081;LIGURIA
2024;G606;PIETRABBONDANTE;IS;ISERNIA;R00116;MOLISE
2024;G607;PIETRABRUNA;IM;IMPERIA;R00081;LIGURIA
2024;G749;POFI;FR;FROSINONE;R00072;LAZIO
2024;G008;OGGIONA CON SANTO STEFANO;VA;VARESE;R00090;LOMBARDIA
2024;G009;OGGIONO;LC;LECCO;R00090;LOMBARDIA
2024;G010;OGLIANICO;TO;TORINO;R00125;PIEMONTE
2024;G011;OGLIASTRO CILENTO;SA;SALERNO;R00045;CAMPANIA
2024;G012;OYACE;AO;AOSTA;R00198;VALLE D'AOSTA/VALLÉE D'AOSTE
2024;G015;OLBIA;SS;SASSARI;R00143;SARDEGNA
2024;F931;NONE;TO;TORINO;R00125;PIEMONTE
2024;F845;NARO;AG;AGRIGENTO;R00152;SICILIA
2024;F846;NARZOLE;CN;CUNEO;R00125;PIEMONTE
2024;F847;NASINO;SV;SAVONA;R00081;LIGURIA
2024;F848;NASO;ME;MESSINA;R00152;SICILIA
2024;F849;NATURNO;BZ;BOLZANO;R00223;PROVINCIA AUTONOMA BOLZANO
2024;F851;NAVE;BS;BRESCIA;R00090;LOMBARDIA
2024;F852;NAVELLI;AQ;L'AQUILA;R00018;ABRUZZO
2024;F856;NAZ SCIAVES;BZ;BOLZANO;R00223;PROVINCIA AUTONOMA BOLZANO
2024;F857;NAZZANO;RM;ROMA;R00072;LAZIO
2024;F858;NE;GE;GENOVA;R00081;LIGURIA
2024;F859;NEBBIUNO;NO;NOVARA;R00125;PIEMONTE
2024;E593;LIMIDO COMASCO;CO;COMO;R00090;LOMBARDIA
2024;E594;LIMINA;ME;MESSINA;R00152;SICILIA
2024;E596;LIMONE SUL GARDA;BS;BRESCIA;R00090;LOMBARDIA
2024;E597;LIMONE PIEMONTE;CN;CUNEO;R00125;PIEMONTE
2024;E599;LIMOSANO;CB;CAMPOBASSO;R00116;MOLISE
2024;E600;LINAROLO;PV;PAVIA;R00090;LOMBARDIA
2024;E602;LINGUAGLOSSA;CT;CATANIA;R00152;SICILIA
2024;E605;LIONI;AV;AVELLINO;R00045;CAMPANIA
2024;E606;LIPARI;ME;MESSINA;R00152;SICILIA
2024;E607;LIPOMO;CO;COMO;R00090;LOMBARDIA
2024;E608;LIRIO;PV;PAVIA;R00090;LOMBARDIA
2024;E610;LISCATE;MI;MILANO;R00090;LOMBARDIA
2024;E611;LISCIA;CH;CHIETI;R00018;ABRUZZO
2024;E613;LISCIANO NICCONE;PG;PERUGIA;R00189;UMBRIA
2024;E615;LISIO;CN;CUNEO;R00125;PIEMONTE
2024;E617;LISSONE;MB;MONZA E BRIANZA;R00090;LOMBARDIA
2024;E618;MILENA;CL;CALTANISSETTA;R00152;SICILIA
2024;E620;LIVERI;NA;NAPOLI;R00045;CAMPANIA
2024;E621;LIVIGNO;SO;SONDRIO;R00090;LOMBARDIA
2024;E622;LIVINALLONGO DEL COL DI LANA;BL;BELLUNO;R00205;VENETO
2024;E623;LIVO CO;CO;COMO;R00090;LOMBARDIA
2024;E624;LIVO TN;TN;TRENTO;R00214;PROVINCIA AUTONOMA TRENTO
2024;E625;LIVORNO;LI;LIVORNO;R00161;TOSCANA
2024;E626;LIVORNO FERRARIS;VC;VERCELLI;R00125;PIEMONTE
2024;E627;LIVRAGA;LO;LODI;R00090;LOMBARDIA
2024;E454;LARDIRAGO;PV;PAVIA;R00090;LOMBARDIA
2024;E456;LARINO;CB;CAMPOBASSO;R00116;MOLISE
2024;E457;LASA;BZ;BOLZANO;R00223;PROVINCIA AUTONOMA BOLZANO
2024;E458;LA SALLE;AO;AOSTA;R00198;VALLE D'AOSTA/VALLÉE D'AOSTE
2024;E459;LASCARI;PA;PALERMO;R00152;SICILIA
2024;E462;LASNIGO;CO;COMO;R00090;LOMBARDIA
2024;E463;LA SPEZIA;SP;LA SPEZIA;R00081;LIGURIA
2024;E465;LASTEBASSE;VI;VICENZA;R00205;VENETO
2024;E466;LASTRA A SIGNA;FI;FIRENZE;R00161;TOSCANA
2024;E467;LATERA;VT;VITERBO;R00072;LAZIO
2024;E469;LATERZA;TA;TARANTO;R00134;PUGLIA
2024;E470;LA THUILE;AO;AOSTA;R00198;VALLE D'AOSTA/VALLÉE D'AOSTE
2024;E471;LATIANO;BR;BRINDISI;R00134;PUGLIA
2024;E389;JOPPOLO;VV;VIBO VALENTIA;R00036;CALABRIA
2024;E299;INDUNO OLONA;VA;VARESE;R00090;LOMBARDIA
2024;E301;INGRIA;TO;TORINO;R00125;PIEMONTE
2024;E304;INTRAGNA;VB;VERBANO-CUSIO-OSSOLA;R00125;PIEMONTE
2024;E305;INTROBIO;LC;LECCO;R00090;LOMBARDIA
2024;E306;INTROD;AO;AOSTA;R00198;VALLE D'AOSTA/VALLÉE D'AOSTE
2024;E307;INTRODACQUA;AQ;L'AQUILA;R00018;ABRUZZO
2024;E309;INVERIGO;CO;COMO;R00090;LOMBARDIA
2024;E310;INVERNO E MONTELEONE;PV;PAVIA;R00090;LOMBARDIA
2024;E311;INVERSO PINASCA;TO;TORINO;R00125;PIEMONTE
2024;E313;INVERUNO;MI;MILANO;R00090;LOMBARDIA
2024;E314;INVORIO;NO;NOVARA;R00125;PIEMONTE
2024;E317;INZAGO;MI;MILANO;R00090;LOMBARDIA
2024;E320;IOLANDA DI SAVOIA;FE;FERRARA;R00054;EMILIA-ROMAGNA
2024;E321;IONADI;VV;VIBO VALENTIA;R00036;CALABRIA
2024;E323;IRGOLI;NU;NUORO;R00143;SARDEGNA
2024;E325;IRMA;BS;BRESCIA;R00090;LOMBARDIA
2024;E326;IRSINA;MT;MATERA;R00027;BASILICATA
2024;E327;ISASCA;CN;CUNEO;R00125;PIEMONTE
2024;E328;ISCA SULLO IONIO;CZ;CATANZARO;R00036;CALABRIA
2024;E329;ISCHIA;NA;NAPOLI;R00045;CAMPANIA
2024;E330;ISCHIA DI CASTRO;VT;VITERBO;R00072;LAZIO
2024;E332;ISCHITELLA;FG;FOGGIA;R00134;PUGLIA
2024;E333;ISEO;BS;BRESCIA;R00090;LOMBARDIA
2024;E334;ISERA;TN;TRENTO;R00214;PROVINCIA AUTONOMA TRENTO
2024;E335;ISERNIA;IS;ISERNIA;R00116;MOLISE
2024;E337;ISNELLO;PA;PALERMO;R00152;SICILIA
2024;E338;ISOLA D'ASTI;AT;ASTI;R00125;PIEMONTE
2024;E339;ISOLA DI CAPO RIZZUTO;KR;CROTONE;R00036;CALABRIA
2024;E340;ISOLA DEL LIRI;FR;FROSINONE;R00072;LAZIO
2024;E341;ISOLA DEL CANTONE;GE;GENOVA;R00081;LIGURIA
2024;E342;ISOLATO;SO;SONDRIO;R00090;LOMBARDIA
2024;E343;ISOLA DEL GRAN SASSO D'ITALIA;TE;TERAMO;R00018;ABRUZZO
2024;E345;ISOLABELLA;TO;TORINO;R00125;PIEMONTE
2024;E346;ISOLABONA;IM;IMPERIA;R00081;LIGURIA
2024;E348;ISOLA DEL GIGLIO;GR;GROSSETO;R00161;TOSCANA
2024;E349;ISOLA DELLA SCALA;VR;VERONA;R00205;VENETO
2024;E350;ISOLA DELLE FEMMINE;PA;PALERMO;R00152;SICILIA
2024;E351;ISOLA DEL PIANO;PU;PESARO - URBINO;R00107;MARCHE
2024;E353;ISOLA DI FONDRA;BG;BERGAMO;R00090;LOMBARDIA
2024;E354;ISOLA VICENTINA;VI;VICENZA;R00205;VENETO
2024;E356;ISOLA DOVARESE;CR;CREMONA;R00090;LOMBARDIA
2024;E358;ISOLA RIZZA;VR;VERONA;R00205;VENETO
2024;E360;ISOLA SANT'ANTONIO;AL;ALESSANDRIA;R00125;PIEMONTE
2024;E363;ISOLE TREMITI;FG;FOGGIA;R00134;PUGLIA
2024;E364;ISORELLA;BS;BRESCIA;R00090;LOMBARDIA
2024;E365;ISPANI;SA;SALERNO;R00045;CAMPANIA
2024;E366;ISPICA;RG;RAGUSA;R00152;SICILIA
2024;E367;ISPRA;VA;VARESE;R00090;LOMBARDIA
2024;E368;ISSIGLIO;TO;TORINO;R00125;PIEMONTE
2024;E369;ISSIME;AO;AOSTA;R00198;VALLE D'AOSTA/VALLÉE D'AOSTE
2024;E370;ISSO;BG;BERGAMO;R00090;LOMBARDIA
2024;E390;JOPPOLO GIANCAXIO;AG;AGRIGENTO;R00152;SICILIA
2024;E391;JOVENCAN;AO;AOSTA;R00198;VALLE D'AOSTA/VALLÉE D'AOSTE
2024;E392;LABICO;RM;ROMA;R00072;LAZIO
2024;E393;LABRO;RI;RIETI;R00072;LAZIO
2024;E394;LA CASSA;TO;TORINO;R00125;PIEMONTE
2024;E395;LACCHIARELLA;MI;MILANO;R00090;LOMBARDIA
2024;E396;LACCO AMENO;NA;NAPOLI;R00045;CAMPANIA
2024;E397;LACEDONIA;AV;AVELLINO;R00045;CAMPANIA
2024;E398;LACES;BZ;BOLZANO;R00223;PROVINCIA AUTONOMA BOLZANO
2024;E400;LACONI;OR;ORISTANO;R00143;SARDEGNA
2024;E401;LAERRU;SS;SASSARI;R00143;SARDEGNA
2024;E402;LAGANADI;RC;REGGIO CALABRIA;R00036;CALABRIA
2024;E403;LAGHI;VI;VICENZA;R00205;VENETO
2024;E405;LAGLIO;CO;COMO;R00090;LOMBARDIA
2024;E406;LAGNASCO;CN;CUNEO;R00125;PIEMONTE
2024;E407;LAGO;CS;COSENZA;R00036;CALABRIA
2024;E409;LAGONEGRO;PZ;POTENZA;R00027;BASILICATA
2024;E410;LAGOSANTO;FE;FERRARA;R00054;EMILIA-ROMAGNA
2024;E412;LAGUNDO;BZ;BOLZANO;R00223;PROVINCIA AUTONOMA BOLZANO
2024;E413;LAJATICO;PI;PISA;R00161;TOSCANA
2024;E414;LAIGUEGLIA;SV;SAVONA;R00081;LIGURIA
2024;E415;LAINATE;MI;MILANO;R00090;LOMBARDIA
2024;E416;LAINO;CO;COMO;R00090;LOMBARDIA
2024;E417;LAINO BORGO;CS;COSENZA;R00036;CALABRIA
2024;E419;LAINO CASTELLO;CS;COSENZA;R00036;CALABRIA
2024;E420;LAION;BZ;BOLZANO;R00223;PROVINCIA AUTONOMA BOLZANO
2024;E421;LAIVES;BZ;BOLZANO;R00223;PROVINCIA AUTONOMA BOLZANO
2024;E422;LALLIO;BG;BERGAMO;R00090;LOMBARDIA
2024;E423;LA LOGGIA;TO;TORINO;R00125;PIEMONTE
2024;E424;LAMA DEI PELIGNI;CH;CHIETI;R00018;ABRUZZO
2024;E426;LAMA MOCOGNO;MO;MODENA;R00054;EMILIA-ROMAGNA
2024;E428;LAMBRUGO;CO;COMO;R00090;LOMBARDIA
2024;E429;LAMON;BL;BELLUNO;R00205;VENETO
2024;E430;LA MORRA;CN;CUNEO;R00125;PIEMONTE
2024;E431;LAMPEDUSA E LINOSA;AG;AGRIGENTO;R00152;SICILIA
2024;E432;LAMPORECCHIO;PT;PISTOIA;R00161;TOSCANA
2024;E433;LAMPORO;VC;VERCELLI;R00125;PIEMONTE
2024;E434;LANA;BZ;BOLZANO;R00223;PROVINCIA AUTONOMA BOLZANO
2024;E435;LANCIANO;CH;CHIETI;R00018;ABRUZZO
2024;E436;LANDIONA;NO;NOVARA;R00125;PIEMONTE
2024;E438;LANGHIRANO;PR;PARMA;R00054;EMILIA-ROMAGNA
2024;E439;LANGOSCO;PV;PAVIA;R00090;LOMBARDIA
2024;E443;LANZADA;SO;SONDRIO;R00090;LOMBARDIA
2024;E445;LANZO TORINESE;TO;TORINO;R00125;PIEMONTE
2024;E447;LAPEDONA;FM;FERMO;R00107;MARCHE
2024;E448;LAPIO;AV;AVELLINO;R00045;CAMPANIA
2024;E450;LAPPANO;CS;COSENZA;R00036;CALABRIA
2024;E451;LARCIANO;PT;PISTOIA;R00161;TOSCANA
2024;F492;MONTEFALCO;PG;PERUGIA;R00189;UMBRIA
2024;F493;MONTEFALCONE APPENNINO;FM;FERMO;R00107;MARCHE
2024;F494;MONTEFALCONE DI VAL FORTORE;BN;BENEVENTO;R00045;CAMPANIA
2024;F495;MONTEFALCONE NEL SANNIO;CB;CAMPOBASSO;R00116;MOLISE
2024;F496;MONTEFANO;MC;MACERATA;R00107;MARCHE
2024;F497;MONTEFELCINO;PU;PESARO - URBINO;R00107;MARCHE
2024;F498;MONTEFERRANTE;CH;CHIETI;R00018;ABRUZZO
2024;F499;MONTEFIASCONE;VT;VITERBO;R00072;LAZIO
2024;F500;MONTEFINO;TE;TERAMO;R00018;ABRUZZO
2024;F501;MONTEFIORE DELL'ASO;AP;ASCOLI PICENO;R00107;MARCHE
2024;M325;SISSA TRECASALI;PR;PARMA;R00054;EMILIA-ROMAGNA
2024;M339;MACCAGNO CON PINO E VEDDASCA;VA;VARESE;R00090;LOMBARDIA
2024;M362;VALLELAGHI;TN;TRENTO;R00214;PROVINCIA AUTONOMA TRENTO
2024;M354;CASTEL IVANO;TN;TRENTO;R00214;PROVINCIA AUTONOMA TRENTO
2024;M361;TRE VILLE;TN;TRENTO;R00214;PROVINCIA AUTONOMA TRENTO
2024;F861;NEGRAR;VR;VERONA;R00205;VENETO
2024;F862;NEIRONE;GE;GENOVA;R00081;LIGURIA
2024;F863;NEIVE;CN;CUNEO;R00125;PIEMONTE
2024;F864;NEMBRO;BG;BERGAMO;R00090;LOMBARDIA
2024;F865;NEMI;RM;ROMA;R00072;LAZIO
2024;F866;NEMOLI;PZ;POTENZA;R00027;BASILICATA
2024;F867;NEONELI;OR;ORISTANO;R00143;SARDEGNA
2024;F868;NEPI;VT;VITERBO;R00072;LAZIO
2024;F870;NERETO;TE;TERAMO;R00018;ABRUZZO
2024;F871;NEROLA;RM;ROMA;R00072;LAZIO
2024;F872;NERVESA DELLA BATTAGLIA;TV;TREVISO;R00205;VENETO
2024;F874;NERVIANO;MI;MILANO;R00090;LOMBARDIA
2024;F876;NESPOLO;RI;RIETI;R00072;LAZIO
2024;F877;NESSO;CO;COMO;R00090;LOMBARDIA
2024;F878;NETRO;BI;BIELLA;R00125;PIEMONTE
2024;F880;NETTUNO;RM;ROMA;R00072;LAZIO
2024;F881;NEVIANO;LE;LECCE;R00134;PUGLIA
2024;F882;NEVIANO DEGLI ARDUINI;PR;PARMA;R00054;EMILIA-ROMAGNA
2024;F883;NEVIGLIE;CN;CUNEO;R00125;PIEMONTE
2024;F884;NIARDO;BS;BRESCIA;R00090;LOMBARDIA
2024;F886;NIBBIOLA;NO;NOVARA;R00125;PIEMONTE
2024;F887;NIBIONNO;LC;LECCO;R00090;LOMBARDIA
2024;F889;NICHELINO;TO;TORINO;R00125;PIEMONTE
2024;F890;NICOLOSI;CT;CATANIA;R00152;SICILIA
2024;F891;NICORVO;PV;PAVIA;R00090;LOMBARDIA
2024;F892;NICOSIA;EN;ENNA;R00152;SICILIA
2024;F893;NICOTERA;VV;VIBO VALENTIA;R00036;CALABRIA
2024;F894;NIELLA BELBO;CN;CUNEO;R00125;PIEMONTE
2024;F895;NIELLA TANARO;CN;CUNEO;R00125;PIEMONTE
2024;F898;NIMIS;UD;UDINE;R00063;FRIULI-VENEZIA GIULIA
2024;F899;NISCEMI;CL;CALTANISSETTA;R00152;SICILIA
2024;F900;NISSORIA;EN;ENNA;R00152;SICILIA
2024;F901;NIZZA DI SICILIA;ME;MESSINA;R00152;SICILIA
2024;F902;NIZZA MONFERRATO;AT;ASTI;R00125;PIEMONTE
2024;F904;NOALE;VE;VENEZIA;R00205;VENETO
2024;F906;NOASCA;TO;TORINO;R00125;PIEMONTE
2024;F907;NOCARA;CS;COSENZA;R00036;CALABRIA
2024;F908;NOCCIANO;PE;PESCARA;R00018;ABRUZZO
2024;F910;NOCERA TIRINESE;CZ;CATANZARO;R00036;CALABRIA
2024;F911;NOCERA UMBRA;PG;PERUGIA;R00189;UMBRIA
2024;F912;NOCERA INFERIORE;SA;SALERNO;R00045;CAMPANIA
2024;F913;NOCERA SUPERIORE;SA;SALERNO;R00045;CAMPANIA
2024;F914;NOCETO;PR;PARMA;R00054;EMILIA-ROMAGNA
2024;F915;NOCI;BA;BARI;R00134;PUGLIA
2024;F916;NOCIGLIA;LE;LECCE;R00134;PUGLIA
2024;F917;NOEPOLI;PZ;POTENZA;R00027;BASILICATA
2024;F918;NOGARA;VR;VERONA;R00205;VENETO
2024;F920;NOGAREDO;TN;TRENTO;R00214;PROVINCIA AUTONOMA TRENTO
2024;F921;NOGAROLE ROCCA;VR;VERONA;R00205;VENETO
2024;F922;NOGAROLE VICENTINO;VI;VICENZA;R00205;VENETO
2024;F923;NOICATTARO;BA;BARI;R00134;PUGLIA
2024;F924;NOLA;NA;NAPOLI;R00045;CAMPANIA
2024;F925;NOLE;TO;TORINO;R00125;PIEMONTE
2024;F926;NOLI;SV;SAVONA;R00081;LIGURIA
2024;F927;NOMAGLIO;TO;TORINO;R00125;PIEMONTE
2024;F929;NOMI;TN;TRENTO;R00214;PROVINCIA AUTONOMA TRENTO
2024;F930;NONANTOLA;MO;MODENA;R00054;EMILIA-ROMAGNA
2024;F844;NARNI;TR;TERNI;R00189;UMBRIA
2024;F751;MORSASCO;AL;ALESSANDRIA;R00125;PIEMONTE
2024;F754;MORTARA;PV;PAVIA;R00090;LOMBARDIA
2024;F756;MORTEGLIANO;UD;UDINE;R00063;FRIULI-VENEZIA GIULIA
2024;F758;MORTERONE;LC;LECCO;R00090;LOMBARDIA
2024;F760;MORUZZO;UD;UDINE;R00063;FRIULI-VENEZIA GIULIA
2024;F761;MOSCAZZANO;CR;CREMONA;R00090;LOMBARDIA
2024;F762;MOSCHIANO;AV;AVELLINO;R00045;CAMPANIA
2024;F764;MOSCIANO SANT'ANGELO;TE;TERAMO;R00018;ABRUZZO
2024;F765;MOSCUFO;PE;PESCARA;R00018;ABRUZZO
2024;F766;MOSO IN PASSIRIA;BZ;BOLZANO;R00223;PROVINCIA AUTONOMA BOLZANO
2024;F767;MOSSA;GO;GORIZIA;R00063;FRIULI-VENEZIA GIULIA
2024;F770;MOTTA DI LIVENZA;TV;TREVISO;R00205;VENETO
2024;F771;MOTTA BALUFFI;CR;CREMONA;R00090;LOMBARDIA
2024;F772;MOTTA CAMASTRA;ME;MESSINA;R00152;SICILIA
2024;G608;PIETRACAMELA;TE;TERAMO;R00018;ABRUZZO
2024;G522;PETTINEO;ME;MESSINA;R00152;SICILIA
2024;G609;PIETRACATELLA;CB;CAMPOBASSO;R00116;MOLISE
2024;G447;PERDIFUMO;SA;SALERNO;R00045;CAMPANIA
2024;G449;PERETO;AQ;L'AQUILA;R00018;ABRUZZO
2024;G450;PERFUGAS;SS;SASSARI;R00143;SARDEGNA
2024;G452;PERGINE VALSUGANA;TN;TRENTO;R00214;PROVINCIA AUTONOMA TRENTO
2024;G453;PERGOLA;PU;PESARO - URBINO;R00107;MARCHE
2024;G454;PERINALDO;IM;IMPERIA;R00081;LIGURIA
2024;G455;PERITO;SA;SALERNO;R00045;CAMPANIA
2024;G456;PERLEDO;LC;LECCO;R00090;LOMBARDIA
2024;G457;PERLETTO;CN;CUNEO;R00125;PIEMONTE
2024;G458;PERLO;CN;CUNEO;R00125;PIEMONTE
2024;G459;PERLOZ;AO;AOSTA;R00198;VALLE D'AOSTA/VALLÉE D'AOSTE
2024;G461;PERNUMIA;PD;PADOVA;R00205;VENETO
2024;G462;PEROSA CANAVESE;TO;TORINO;R00125;PIEMONTE
2024;G463;PEROSA ARGENTINA;TO;TORINO;R00125;PIEMONTE
2024;G465;PERRERO;TO;TORINO;R00125;PIEMONTE
2024;G467;SAN GIOVANNI IN PERSICETO;BO;BOLOGNA;R00054;EMILIA-ROMAGNA
2024;G469;PERSICO DOSIMO;CR;CREMONA;R00090;LOMBARDIA
2024;G471;PERTENGO;VC;VERCELLI;R00125;PIEMONTE
2024;G474;PERTICA ALTA;BS;BRESCIA;R00090;LOMBARDIA
2024;G475;PERTICA BASSA;BS;BRESCIA;R00090;LOMBARDIA
2024;G476;PERTOSA;SA;SALERNO;R00045;CAMPANIA
2024;G477;PERTUSIO;TO;TORINO;R00125;PIEMONTE
2024;G478;PERUGIA;PG;PERUGIA;R00189;UMBRIA
2024;G479;PESARO;PU;PESARO - URBINO;R00107;MARCHE
2024;G480;PESCAGLIA;LU;LUCCA;R00161;TOSCANA
2024;G481;PESCANTINA;VR;VERONA;R00205;VENETO
2024;G482;PESCARA;PE;PESCARA;R00018;ABRUZZO
2024;G483;PESCAROLO ED UNITI;CR;CREMONA;R00090;LOMBARDIA
2024;F979;NUORO;NU;NUORO;R00143;SARDEGNA
2024;F980;NURACHI;OR;ORISTANO;R00143;SARDEGNA
2024;F985;NURECI;OR;ORISTANO;R00143;SARDEGNA
2024;F987;NUS;AO;AOSTA;R00198;VALLE D'AOSTA/VALLÉE D'AOSTE
2024;F988;NUSCO;AV;AVELLINO;R00045;CAMPANIA
2024;F989;NUVOLENTO;BS;BRESCIA;R00090;LOMBARDIA
2024;F990;NUVOLERA;BS;BRESCIA;R00090;LOMBARDIA
2024;F992;OCCHIEPPO INFERIORE;BI;BIELLA;R00125;PIEMONTE
2024;F993;OCCHIEPPO SUPERIORE;BI;BIELLA;R00125;PIEMONTE
2024;F994;OCCHIOBELLO;RO;ROVIGO;R00205;VENETO
2024;F995;OCCIMIANO;AL;ALESSANDRIA;R00125;PIEMONTE
2024;F996;OCRE;AQ;L'AQUILA;R00018;ABRUZZO
2024;F997;ODALENGO GRANDE;AL;ALESSANDRIA;R00125;PIEMONTE
2024;F998;ODALENGO PICCOLO;AL;ALESSANDRIA;R00125;PIEMONTE
2024;F999;ODERZO;TV;TREVISO;R00205;VENETO
2024;G001;ODOLO;BS;BRESCIA;R00090;LOMBARDIA
2024;G002;OFENA;AQ;L'AQUILA;R00018;ABRUZZO
2024;G003;OFFAGNA;AN;ANCONA;R00107;MARCHE
2024;G004;OFFANENGO;CR;CREMONA;R00090;LOMBARDIA
2024;G005;OFFIDA;AP;ASCOLI PICENO;R00107;MARCHE
2024;G006;OFFLAGA;BS;BRESCIA;R00090;LOMBARDIA
2024;G007;OGGEBBIO;VB;VERBANO-CUSIO-OSSOLA;R00125;PIEMONTE
2024;F773;MOTTA D'AFFERMO;ME;MESSINA;R00152;SICILIA
2024;F774;MOTTA DEI CONTI;VC;VERCELLI;R00125;PIEMONTE
2024;F775;MOTTAFOLLONE;CS;COSENZA;R00036;CALABRIA
2024;F776;MOTTALCIATA;BI;BIELLA;R00125;PIEMONTE
2024;F777;MOTTA MONTECORVINO;FG;FOGGIA;R00134;PUGLIA
2024;F779;MOTTA SAN GIOVANNI;RC;REGGIO CALABRIA;R00036;CALABRIA
2024;F780;MOTTA SANTA LUCIA;CZ;CATANZARO;R00036;CALABRIA
2024;F781;MOTTA SANT'ANASTASIA;CT;CATANIA;R00152;SICILIA
2024;F783;MOTTA VISCONTI;MI;MILANO;R00090;LOMBARDIA
2024;F784;MOTTOLA;TA;TARANTO;R00134;PUGLIA
2024;F785;MOZZAGROGNA;CH;CHIETI;R00018;ABRUZZO
2024;F786;MOZZANICA;BG;BERGAMO;R00090;LOMBARDIA
2024;F788;MOZZATE;CO;COMO;R00090;LOMBARDIA
2024;F789;MOZZECANE;VR;VERONA;R00205;VENETO
2024;F791;MOZZO;BG;BERGAMO;R00090;LOMBARDIA
2024;F793;MUCCIA;MC;MACERATA;R00107;MARCHE
2024;F795;MUGGIA;TS;TRIESTE;R00063;FRIULI-VENEZIA GIULIA
2024;F797;MUGGIO';MB;MONZA E BRIANZA;R00090;LOMBARDIA
2024;F798;MUGNANO DEL CARDINALE;AV;AVELLINO;R00045;CAMPANIA
2024;F799;MUGNANO DI NAPOLI;NA;NAPOLI;R00045;CAMPANIA
2024;F801;MULAZZANO;LO;LODI;R00090;LOMBARDIA
2024;F802;MULAZZO;MS;MASSA CARRARA;R00161;TOSCANA
2024;F637;MONTESCAGLIOSO;MT;MATERA;R00027;BASILICATA
2024;F638;MONTESCANO;PV;PAVIA;R00090;LOMBARDIA
2024;F639;MONTESCHENO;VB;VERBANO-CUSIO-OSSOLA;R00125;PIEMONTE
2024;F640;MONTESCUDAIO;PI;PISA;R00161;TOSCANA
2024;F642;MONTESE;MO;MODENA;R00054;EMILIA-ROMAGNA
2024;F644;MONTESEGALE;PV;PAVIA;R00090;LOMBARDIA
2024;F646;MONTESILVANO;PE;PESCARA;R00018;ABRUZZO
2024;F648;MONTESPERTOLI;FI;FIRENZE;R00161;TOSCANA
2024;F651;MONTEU DA PO;TO;TORINO;R00125;PIEMONTE
2024;F653;MONTE URANO;FM;FERMO;R00107;MARCHE
2024;F654;MONTEU ROERO;CN;CUNEO;R00125;PIEMONTE
2024;F655;MONTEVAGO;AG;AGRIGENTO;R00152;SICILIA
2024;F656;MONTEVARCHI;AR;AREZZO;R00161;TOSCANA
2024;F657;MONTEVECCHIA;LC;LECCO;R00090;LOMBARDIA
2024;F660;MONTEVERDE;AV;AVELLINO;R00045;CAMPANIA
2024;F661;MONTEVERDI MARITTIMO;PI;PISA;R00161;TOSCANA
2024;F662;MONTEVIALE;VI;VICENZA;R00205;VENETO
2024;F664;MONTE VIDON COMBATTE;FM;FERMO;R00107;MARCHE
2024;F665;MONTE VIDON CORRADO;FM;FERMO;R00107;MARCHE
2024;F666;MONTEZEMOLO;CN;CUNEO;R00125;PIEMONTE
2024;F668;MONTIANO;FC;FORLI' - CESENA;R00054;EMILIA-ROMAGNA
2024;F669;MONTICELLO D'ALBA;CN;CUNEO;R00125;PIEMONTE
2024;F670;MONTICELLI PAVESE;PV;PAVIA;R00090;LOMBARDIA
2024;F592;MONTEPULCIANO;SI;SIENA;R00161;TOSCANA
2024;F518;MONTEGIOCO;AL;ALESSANDRIA;R00125;PIEMONTE
2024;F519;MONTEGIORDANO;CS;COSENZA;R00036;CALABRIA
2024;F520;MONTEGIORGIO;FM;FERMO;R00107;MARCHE
2024;F522;MONTEGRANARO;FM;FERMO;R00107;MARCHE
2024;F523;MONTEGRIDOLFO;RN;RIMINI;R00054;EMILIA-ROMAGNA
2024;F524;MONTE GRIMANO;PU;PESARO - URBINO;R00107;MARCHE
2024;F526;MONTEGRINO - VALTRAVAGLIA;VA;VARESE;R00090;LOMBARDIA
2024;F527;MONTEGROSSO D'ASTI;AT;ASTI;R00125;PIEMONTE
2024;F528;MONTEGROSSO PIAN LATTE;IM;IMPERIA;R00081;LIGURIA
2024;F529;MONTEGROTTO TERME;PD;PADOVA;R00205;VENETO
2024;F531;MONTEIASI;TA;TARANTO;R00134;PUGLIA
2024;F532;MONTE ISOLA;BS;BRESCIA;R00090;LOMBARDIA
2024;F533;MONTELABBATE;PU;PESARO - URBINO;R00107;MARCHE
2024;F534;MONTELANICO;RM;ROMA;R00072;LAZIO
2024;F535;MONTELAPIANO;CH;CHIETI;R00018;ABRUZZO
2024;F536;MONTELEONE DI FERMO;FM;FERMO;R00107;MARCHE
2024;F537;VIBO VALENTIA;VV;VIBO VALENTIA;R00036;CALABRIA
2024;F538;MONTELEONE DI PUGLIA;FG;FOGGIA;R00134;PUGLIA
2024;F540;MONTELEONE DI SPOLETO;PG;PERUGIA;R00189;UMBRIA
2024;F541;MONTELEONE SABINO;RI;RIETI;R00072;LAZIO
2024;F542;MONTELEONE ROCCA DORIA;SS;SASSARI;R00143;SARDEGNA
2024;F543;MONTELEONE D'ORVIETO;TR;TERNI;R00189;UMBRIA
2024;F544;MONTELEPRE;PA;PALERMO;R00152;SICILIA
2024;F545;MONTELIBRETTI;RM;ROMA;R00072;LAZIO
2024;F546;MONTELLA;AV;AVELLINO;R00045;CAMPANIA
2024;F547;MONTELLO;BG;BERGAMO;R00090;LOMBARDIA
2024;F548;MONTELONGO;CB;CAMPOBASSO;R00116;MOLISE
2024;F549;MONTELPARO;FM;FERMO;R00107;MARCHE
2024;F550;MONTELUPO ALBESE;CN;CUNEO;R00125;PIEMONTE
2024;F551;MONTELUPO FIORENTINO;FI;FIRENZE;R00161;TOSCANA
2024;F552;MONTELUPONE;MC;MACERATA;R00107;MARCHE
2024;F553;MONTEMAGGIORE BELSITO;PA;PALERMO;R00152;SICILIA
2024;F556;MONTEMAGNO;AT;ASTI;R00125;PIEMONTE
2024;F557;SANT'ARCANGELO TRIMONTE;BN;BENEVENTO;R00045;CAMPANIA
2024;F558;MONTEMALE DI CUNEO;CN;CUNEO;R00125;PIEMONTE
2024;F559;MONTEMARANO;AV;AVELLINO;R00045;CAMPANIA
2024;F560;MONTEMARCIANO;AN;ANCONA;R00107;MARCHE
2024;F561;MONTE MARENZO;LC;LECCO;R00090;LOMBARDIA
2024;F562;MONTEMARZINO;AL;ALESSANDRIA;R00125;PIEMONTE
2024;F563;MONTEMESOLA;TA;TARANTO;R00134;PUGLIA
2024;F564;MONTEMEZZO;CO;COMO;R00090;LOMBARDIA
2024;F565;MONTEMIGNAIO;AR;AREZZO;R00161;TOSCANA
2024;F566;MONTEMILETTO;AV;AVELLINO;R00045;CAMPANIA
2024;F567;POLLENZA;MC;MACERATA;R00107;MARCHE
2024;F568;MONTEMILONE;PZ;POTENZA;R00027;BASILICATA
2024;F569;MONTEMITRO;CB;CAMPOBASSO;R00116;MOLISE
2024;F570;MONTEMONACO;AP;ASCOLI PICENO;R00107;MARCHE
2024;F572;MONTEMURLO;PO;PRATO;R00161;TOSCANA
2024;M366;DIMARO FOLGARIDA;TN;TRENTO;R00214;PROVINCIA AUTONOMA TRENTO
2024;M351;AMBLAR-DON;TN;TRENTO;R00214;PROVINCIA AUTONOMA TRENTO
2024;M357;MADRUZZO;TN;TRENTO;R00214;PROVINCIA AUTONOMA TRENTO
2024;M392;LATERINA PERGINE VALDARNO;AR;AREZZO;R00161;TOSCANA
2024;M377;SAN MARCELLO PITEGLIO;PT;PISTOIA;R00161;TOSCANA
2024;M382;VALFORNACE;MC;MACERATA;R00107;MARCHE
2024;H848;AGLIENTU;SS;SASSARI;R00143;SARDEGNA
2024;A453;ARZACHENA;SS;SASSARI;R00143;SARDEGNA
2024;A069;AGGIUS;SS;SASSARI;R00143;SARDEGNA
2024;A115;ALA' DEI SARDI;SS;SASSARI;R00143;SARDEGNA
2024;M214;BADESI;SS;SASSARI;R00143;SARDEGNA
2024;A789;BERCHIDDA;SS;SASSARI;R00143;SARDEGNA
2024;B063;BORTIGIADAS;SS;SASSARI;R00143;SARDEGNA
2024;B246;BUDDUSO';SS;SASSARI;R00143;SARDEGNA
2024;B248;BUDONI;SS;SASSARI;R00143;SARDEGNA
2024;B378;CALANGIANUS;SS;SASSARI;R00143;SARDEGNA
2024;M301;COMUNE DI PADRU;SS;SASSARI;R00143;SARDEGNA
2024;M274;GOLFO ARANCI;SS;SASSARI;R00143;SARDEGNA
2024;E425;LA MADDALENA;SS;SASSARI;R00143;SARDEGNA
2024;M275;LOIRI PORTO SAN PAOLO;SS;SASSARI;R00143;SARDEGNA
2024;E747;LUOGOSANTO;SS;SASSARI;R00143;SARDEGNA
2024;E752;LURAS;SS;SASSARI;R00143;SARDEGNA
2024;F667;MONTI;SS;SASSARI;R00143;SARDEGNA
2024;G153;OSCHIRI;SS;SASSARI;R00143;SARDEGNA
2024;G258;PALAU;SS;SASSARI;R00143;SARDEGNA
2024;I329;SAN TEODORO NU;SS;SASSARI;R00143;SARDEGNA
2024;M276;SANT'ANTONIO DI GALLURA;SS;SASSARI;R00143;SARDEGNA
2024;I312;SANTA TERESA GALLURA;SS;SASSARI;R00143;SARDEGNA
2024;L088;TELTI;SS;SASSARI;R00143;SARDEGNA
2024;L093;TEMPIO PAUSANIA;SS;SASSARI;R00143;SARDEGNA
2024;L428;TRINITA' D'AGULTU E VIGNOLA;SS;SASSARI;R00143;SARDEGNA
2024;A454;ARZANA;NU;NUORO;R00143;SARDEGNA
2024;M432;MISILISCEMI;TP;TRAPANI;R00152;SICILIA
2024;A722;BAUNEI;NU;NUORO;R00143;SARDEGNA
2024;M285;CARDEDU;NU;NUORO;R00143;SARDEGNA
2024;D395;ELINI;NU;NUORO;R00143;SARDEGNA
2024;D859;GAIRO;NU;NUORO;R00143;SARDEGNA
2024;E049;GIRASOLE;NU;NUORO;R00143;SARDEGNA
2024;E283;ILBONO;NU;NUORO;R00143;SARDEGNA
2024;E387;JERZU;NU;NUORO;R00143;SARDEGNA
2024;E441;LANUSEI;NU;NUORO;R00143;SARDEGNA
2024;E644;LOCERI;NU;NUORO;R00143;SARDEGNA
2024;E700;LOTZORAI;NU;NUORO;R00143;SARDEGNA
2024;G158;OSINI;NU;NUORO;R00143;SARDEGNA
2024;G445;PERDASDEFOGU;NU;NUORO;R00143;SARDEGNA
2024;I706;SEUI;SU;SUD SARDEGNA;R00143;SARDEGNA
2024;L036;TALANA;NU;NUORO;R00143;SARDEGNA
2024;L140;TERTENIA;NU;NUORO;R00143;SARDEGNA
2024;L423;TRIEI;NU;NUORO;R00143;SARDEGNA
2024;L489;ULASSAI;NU;NUORO;R00143;SARDEGNA
2024;L506;URZULEI;NU;NUORO;R00143;SARDEGNA
2024;L514;USSASSAI;NU;NUORO;R00143;SARDEGNA
2024;L953;VILLAGRANDE STRISAILI;NU;NUORO;R00143;SARDEGNA
2024;A597;BALLAO;SU;SUD SARDEGNA;R00143;SARDEGNA
2024;M288;CASTIADAS;SU;SUD SARDEGNA;R00143;SARDEGNA
2024;D260;DECIMOPUTZU;SU;SUD SARDEGNA;R00143;SARDEGNA
2024;D333;DOMUS DE MARIA;SU;SUD SARDEGNA;R00143;SARDEGNA
2024;D344;DONORI;SU;SUD SARDEGNA;R00143;SARDEGNA
2024;D430;ESCALAPLANO;SU;SUD SARDEGNA;R00143;SARDEGNA
2024;D431;ESCOLCA;SU;SUD SARDEGNA;R00143;SARDEGNA
2024;D443;ESTERZILI;SU;SUD SARDEGNA;R00143;SARDEGNA
2024;D982;GERGEI;SU;SUD SARDEGNA;R00143;SARDEGNA
2024;E084;GONI;SU;SUD SARDEGNA;R00143;SARDEGNA
2024;E234;GUAMAGGIORE;SU;SUD SARDEGNA;R00143;SARDEGNA
2024;E252;GUASILA;SU;SUD SARDEGNA;R00143;SARDEGNA
2024;E336;ISILI;SU;SUD SARDEGNA;R00143;SARDEGNA
2024;E877;MANDAS;SU;SUD SARDEGNA;R00143;SARDEGNA
2024;F333;MONASTIR;SU;SUD SARDEGNA;R00143;SARDEGNA
2024;B738;VILLASIMIUS;SU;SUD SARDEGNA;R00143;SARDEGNA
2024;F808;MURAVERA;SU;SUD SARDEGNA;R00143;SARDEGNA
2024;F981;NURAGUS;SU;SUD SARDEGNA;R00143;SARDEGNA
2024;F982;NURALLAO;SU;SUD SARDEGNA;R00143;SARDEGNA
2024;F983;NURAMINIS;SU;SUD SARDEGNA;R00143;SARDEGNA
2024;F986;NURRI;SU;SUD SARDEGNA;R00143;SARDEGNA
2024;G122;ORROLI;SU;SUD SARDEGNA;R00143;SARDEGNA
2024;H659;SADALI;SU;SUD SARDEGNA;R00143;SARDEGNA
2024;H739;SAMATZAI;SU;SUD SARDEGNA;R00143;SARDEGNA
2024;G383;SAN NICOLO' GERREI;SU;SUD SARDEGNA;R00143;SARDEGNA
2024;I402;SAN VITO;SU;SUD SARDEGNA;R00143;SARDEGNA
2024;I582;SELEGAS;SU;SUD SARDEGNA;R00143;SARDEGNA
2024;I615;SENORBI';SU;SUD SARDEGNA;R00143;SARDEGNA
2024;I624;SERDIANA;SU;SUD SARDEGNA;R00143;SARDEGNA
2024;I668;SERRI;SU;SUD SARDEGNA;R00143;SARDEGNA
2024;I707;SEULO;SU;SUD SARDEGNA;R00143;SARDEGNA
2024;I734;SILIQUA;SU;SUD SARDEGNA;R00143;SARDEGNA
2024;I735;SILIUS;SU;SUD SARDEGNA;R00143;SARDEGNA
2024;I797;SOLEMINIS;SU;SUD SARDEGNA;R00143;SARDEGNA
2024;I995;SUELLI;SU;SUD SARDEGNA;R00143;SARDEGNA
2024;L154;TEULADA;SU;SUD SARDEGNA;R00143;SARDEGNA
2024;L512;USSANA;SU;SUD SARDEGNA;R00143;SARDEGNA
2024;L613;VALLERMOSA;SU;SUD SARDEGNA;R00143;SARDEGNA
2024;L992;VILLANOVATULO;SU;SUD SARDEGNA;R00143;SARDEGNA
2024;L998;VILLAPUTZU;SU;SUD SARDEGNA;R00143;SARDEGNA
2024;M025;VILLASOR;SU;SUD SARDEGNA;R00143;SARDEGNA
2024;M026;VILLASPECIOSA;SU;SUD SARDEGNA;R00143;SARDEGNA
2024;D968;GENONI;SU;SUD SARDEGNA;R00143;SARDEGNA
2024;B789;CARLOFORTE;SU;SUD SARDEGNA;R00143;SARDEGNA
2024;D334;DOMUSNOVAS;SU;SUD SARDEGNA;R00143;SARDEGNA
2024;E086;GONNESA;SU;SUD SARDEGNA;R00143;SARDEGNA
2024;F991;NUXIS;SU;SUD SARDEGNA;R00143;SARDEGNA
2024;G287;SAN GIOVANNI SUERGIU;SU;SUD SARDEGNA;R00143;SARDEGNA
2024;M209;SANT'ANNA ARRESI;SU;SUD SARDEGNA;R00143;SARDEGNA
2024;M291;PISCINAS;SU;SUD SARDEGNA;R00143;SARDEGNA
2024;M398;CELLIO CON BREIA;VC;VERCELLI;R00125;PIEMONTE
2024;M403;CORIGLIANO-ROSSANO;CS;COSENZA;R00036;CALABRIA
2024;M424;VERMEZZO CON ZELO;MI;MILANO;R00090;LOMBARDIA
2024;M397;ALLUVIONI PIOVERA;AL;ALESSANDRIA;R00125;PIEMONTE
2024;M389;ALTO SERMENZA;VC;VERCELLI;R00125;PIEMONTE
2024;M388;CASSANO SPINOLA;AL;ALESSANDRIA;R00125;PIEMONTE
2024;M385;CASALI DEL MANCO;CS;COSENZA;R00036;CALABRIA
2024;M316;MAPPANO;TO;TORINO;R00125;PIEMONTE
2024;M410;RIVA DEL PO;FE;FERRARA;R00054;EMILIA-ROMAGNA
2024;M425;CADREZZATE CON OSMATE;VA;VARESE;R00090;LOMBARDIA
2024;M427;LUSIANA CONCO;VI;VICENZA;R00205;VENETO
2024;A663;BARI SARDO;NU;NUORO;R00143;SARDEGNA
2024;M429;BORGO D'ANAUNIA;TN;TRENTO;R00214;PROVINCIA AUTONOMA TRENTO
2024;M434;MORASENGO- TONENGO;AT;ASTI;R00125;PIEMONTE
2024;M381;TERRE DEL RENO;FE;FERRARA;R00054;EMILIA-ROMAGNA
2024;M383;ALTA VALLE INTELVI;CO;COMO;R00090;LOMBARDIA
2024;M411;SORBOLO MEZZANI;PR;PARMA;R00054;EMILIA-ROMAGNA
2024;M400;FIUMICELLO VILLA VICENTINA;UD;UDINE;R00063;FRIULI-VENEZIA GIULIA
2024;M415;VALCHIUSA;TO;TORINO;R00125;PIEMONTE
2024;M421;BORGO VALBELLUNA;BL;BELLUNO;R00205;VENETO
2024;M408;BARBERINO TAVERNELLE;FI;FIRENZE;R00161;TOSCANA
2024;M386;ALTA VAL TIDONE;PC;PIACENZA;R00054;EMILIA-ROMAGNA
2024;M417;VALDILANA;BI;BIELLA;R00125;PIEMONTE
2024;M406;BORGOCARBONARA;MN;MANTOVA;R00090;LOMBARDIA
2024;M404;VALLE CANNOBINA;VB;VERBANO-CUSIO-OSSOLA;R00125;PIEMONTE
2024;M405;VAL DI CHY;TO;TORINO;R00125;PIEMONTE
2024;M391;RIO;LI;LIVORNO;R00161;TOSCANA
2024;M393;CASTELGERUNDO;LO;LODI;R00090;LOMBARDIA
2024;M426;COLCERESA;VI;VICENZA;R00205;VENETO
2024;M418;PIADENA DRIZZONA;CR;CREMONA;R00090;LOMBARDIA
2024;M414;QUAREGNA CERRETO;BI;BIELLA;R00125;PIEMONTE
2024;M396;BORGO MANTOVANO;MN;MANTOVA;R00090;LOMBARDIA
2024;M387;MONTALTO CARPASIO;IM;IMPERIA;R00081;LIGURIA
2024;M419;COLLI VERDI;PV;PAVIA;R00090;LOMBARDIA
2024;M420;LU E CUCCARO MONFERRATO;AL;ALESSANDRIA;R00125;PIEMONTE
2024;M437;SETTEVILLE;BL;BELLUNO;R00205;VENETO
2024;M437;SETTEVILLE;BL;BELLUNO;R00205;VENETO
2024;M437;SETTEVILLE;BL;BELLUNO;R00205;VENETO
2024;M438;SANTA CATERINA D'ESTE;PD;PADOVA;R00205;VENETO
2024;M438;SANTA CATERINA D'ESTE;PD;PADOVA;R00205;VENETO
2024;M438;SANTA CATERINA D'ESTE;PD;PADOVA;R00205;VENETO
2024;M435;UGGIATE CON RONAGO;CO;COMO;R00090;LOMBARDIA
2024;M435;UGGIATE CON RONAGO;CO;COMO;R00090;LOMBARDIA
2024;M435;UGGIATE CON RONAGO;CO;COMO;R00090;LOMBARDIA
2024;M395;VALVARRONE;LC;LECCO;R00090;LOMBARDIA
2024;M416;GATTICO-VERUNO;NO;NOVARA;R00125;PIEMONTE
2024;M428;PRESICCE-ACQUARICA;LE;LECCE;R00134;PUGLIA
2024;M430;NOVELLA;TN;TRENTO;R00214;PROVINCIA AUTONOMA TRENTO
2024;M431;VILLE DI FIEMME;TN;TRENTO;R00214;PROVINCIA AUTONOMA TRENTO
2024;I460;SASSOFELTRIO;RN;RIMINI;R00054;EMILIA-ROMAGNA
2024;M394;CENTRO VALLE INTELVI;CO;COMO;R00090;LOMBARDIA
2024;M423;VALBRENTA;VI;VICENZA;R00205;VENETO
2024;M412;SOLBIATE CON CAGNO;CO;COMO;R00090;LOMBARDIA
2024;M413;SASSOCORVARO AUDITORE;PU;PESARO - URBINO;R00107;MARCHE
2024;M422;PIEVE DEL GRAPPA;TV;TREVISO;R00205;VENETO
2024;M390;SAN GIOVANNI DI FASSA-SEN JAN;TN;TRENTO;R00214;PROVINCIA AUTONOMA TRENTO
2024;M409;TRESIGNANA;FE;FERRARA;R00054;EMILIA-ROMAGNA
2024;M407;TERRE D'ADIGE;TN;TRENTO;R00214;PROVINCIA AUTONOMA TRENTO
2024;M401;BARBARANO MOSSANO;VI;VICENZA;R00205;VENETO
2024;A419;ARMUNGIA;SU;SUD SARDEGNA;R00143;SARDEGNA
2024;A677;BARRALI;SU;SUD SARDEGNA;R00143;SARDEGNA
2024;B274;BURCEI;SU;SUD SARDEGNA;R00143;SARDEGNA
2024;I271;SANT'ANDREA FRIUS;SU;SUD SARDEGNA;R00143;SARDEGNA
2024;G133;ORTACESUS;SU;SUD SARDEGNA;R00143;SARDEGNA
2024;G669;PIMENTEL;SU;SUD SARDEGNA;R00143;SARDEGNA
2024;H766;SAN BASILIO;SU;SUD SARDEGNA;R00143;SARDEGNA
2024;I166;SAN SPERATE;SU;SUD SARDEGNA;R00143;SARDEGNA
2024;D994;GESICO;SU;SUD SARDEGNA;R00143;SARDEGNA
2024;D323;DOLIANOVA;SU;SUD SARDEGNA;R00143;SARDEGNA
2024;G382;PAULI ARBAREI;SU;SUD SARDEGNA;R00143;SARDEGNA
2024;G446;PERDAXIUS;SU;SUD SARDEGNA;R00143;SARDEGNA
2024;H738;SAMASSI;SU;SUD SARDEGNA;R00143;SARDEGNA
2024;H856;SAN GAVINO MONREALE;SU;SUD SARDEGNA;R00143;SARDEGNA
2024;H974;SANLURI;SU;SUD SARDEGNA;R00143;SARDEGNA
2024;I182;SANTADI;SU;SUD SARDEGNA;R00143;SARDEGNA
2024;E022;GIBA;SU;SUD SARDEGNA;R00143;SARDEGNA
2024;F822;MUSEI;SU;SUD SARDEGNA;R00143;SARDEGNA
2024;D970;GENURI;SU;SUD SARDEGNA;R00143;SARDEGNA
2024;F841;NARCAO;SU;SUD SARDEGNA;R00143;SARDEGNA
2024;B250;BUGGERRU;SU;SUD SARDEGNA;R00143;SARDEGNA
2024;B745;CARBONIA;SU;SUD SARDEGNA;R00143;SARDEGNA
2024;I647;SERRAMANNA;SU;SUD SARDEGNA;R00143;SARDEGNA
2024;I667;SERRENTI;SU;SUD SARDEGNA;R00143;SARDEGNA
2024;I724;SIDDI;SU;SUD SARDEGNA;R00143;SARDEGNA
2024;D639;FLUMINIMAGGIORE;SU;SUD SARDEGNA;R00143;SARDEGNA
2024;D827;FURTEI;SU;SUD SARDEGNA;R00143;SARDEGNA
2024;E085;GONNOSFANADIGA;SU;SUD SARDEGNA;R00143;SARDEGNA
2024;E464;LAS PLASSAS;SU;SUD SARDEGNA;R00143;SARDEGNA
2024;E742;LUNAMATRONA;SU;SUD SARDEGNA;R00143;SARDEGNA
2024;L337;TRATALIAS;SU;SUD SARDEGNA;R00143;SARDEGNA
2024;L513;USSARAMANNA;SU;SUD SARDEGNA;R00143;SARDEGNA
2024;L968;VILLAMASSARGIA;SU;SUD SARDEGNA;R00143;SARDEGNA
2024;I294;SANT'ANTIOCO;SU;SUD SARDEGNA;R00143;SARDEGNA
2024;M270;MASAINAS;SU;SUD SARDEGNA;R00143;SARDEGNA
2024;M278;VILLAPERUCCIO;SU;SUD SARDEGNA;R00143;SARDEGNA
2024;G207;PABILLONIS;SU;SUD SARDEGNA;R00143;SARDEGNA
2024;I570;SEGARIU;SU;SUD SARDEGNA;R00143;SARDEGNA
2024;G922;PORTOSCUSO;SU;SUD SARDEGNA;R00143;SARDEGNA
2024;E281;IGLESIAS;SU;SUD SARDEGNA;R00143;SARDEGNA
2024;B383;CALASETTA;SU;SUD SARDEGNA;R00143;SARDEGNA
2024;A359;ARBUS;SU;SUD SARDEGNA;R00143;SARDEGNA
2024;A681;BARUMINI;SU;SUD SARDEGNA;R00143;SARDEGNA
2024;C882;COLLINAS;SU;SUD SARDEGNA;R00143;SARDEGNA
2024;D997;GESTURI;SU;SUD SARDEGNA;R00143;SARDEGNA
2024;I428;SARDARA;SU;SUD SARDEGNA;R00143;SARDEGNA
2024;I705;SETZU;SU;SUD SARDEGNA;R00143;SARDEGNA
2024;L473;TURRI;SU;SUD SARDEGNA;R00143;SARDEGNA
2024;L924;VILLACIDRO;SU;SUD SARDEGNA;R00143;SARDEGNA
2024;L966;VILLAMAR;SU;SUD SARDEGNA;R00143;SARDEGNA
2024;L986;VILLANOVAFORRU;SU;SUD SARDEGNA;R00143;SARDEGNA
2024;L987;VILLANOVAFRANCA;SU;SUD SARDEGNA;R00143;SARDEGNA
2024;M399;TREPPO LIGOSULLO;UD;UDINE;R00063;FRIULI-VENEZIA GIULIA
2024;M402;BORGO VENETO;PD;PADOVA;R00205;VENETO
2024;M376;ABETONE CUTIGLIANO;PT;PISTOIA;R00161;TOSCANA
2024;M384;VAL LIONA;VI;VICENZA;R00205;VENETO
2024;F573;MONTEMURRO;PZ;POTENZA;R00027;BASILICATA
2024;F574;MONTENARS;UD;UDINE;R00063;FRIULI-VENEZIA GIULIA
2024;F576;MONTENERO DI BISACCIA;CB;CAMPOBASSO;R00116;MOLISE
2024;F578;MONTENERODOMO;CH;CHIETI;R00018;ABRUZZO
2024;F579;MONTENERO SABINO;RI;RIETI;R00072;LAZIO
2024;F580;MONTENERO VALCOCCHIARA;IS;ISERNIA;R00116;MOLISE
2024;F581;OSTRA VETERE;AN;ANCONA;R00107;MARCHE
2024;F582;MONTEODORISIO;CH;CHIETI;R00018;ABRUZZO
2024;F585;ROSETO DEGLI ABRUZZI;TE;TERAMO;R00018;ABRUZZO
2024;F586;MONTEPAONE;CZ;CATANZARO;R00036;CALABRIA
2024;F587;MONTEPARANO;TA;TARANTO;R00134;PUGLIA
2024;F589;MONTE PORZIO;PU;PESARO - URBINO;R00107;MARCHE
2024;F590;MONTE PORZIO CATONE;RM;ROMA;R00072;LAZIO
2024;F591;MONTEPRANDONE;AP;ASCOLI PICENO;R00107;MARCHE
2024;F517;MONTE GIBERTO;FM;FERMO;R00107;MARCHE
2024;F446;MONTEBUONO;RI;RIETI;R00072;LAZIO
2024;F448;MONTECALVO IRPINO;AV;AVELLINO;R00045;CAMPANIA
2024;F449;MONTECALVO VERSIGGIA;PV;PAVIA;R00090;LOMBARDIA
2024;F450;MONTECALVO IN FOGLIA;PU;PESARO - URBINO;R00107;MARCHE
2024;F452;MONTECARLO;LU;LUCCA;R00161;TOSCANA
2024;F453;MONTECAROTTO;AN;ANCONA;R00107;MARCHE
2024;F454;MONTECASSIANO;MC;MACERATA;R00107;MARCHE
2024;F455;MONTECASTELLO;AL;ALESSANDRIA;R00125;PIEMONTE
2024;F456;MONTE CASTELLO DI VIBIO;PG;PERUGIA;R00189;UMBRIA
2024;F457;MONTECASTRILLI;TR;TERNI;R00189;UMBRIA
2024;F458;MONTECATINI VAL DI CECINA;PI;PISA;R00161;TOSCANA
2024;F460;MONTE CAVALLO;MC;MACERATA;R00107;MARCHE
2024;F461;MONTECCHIA DI CROSARA;VR;VERONA;R00205;VENETO
2024;F462;MONTECCHIO;TR;TERNI;R00189;UMBRIA
2024;F463;MONTECCHIO EMILIA;RE;REGGIO EMILIA;R00054;EMILIA-ROMAGNA
2024;F464;MONTECCHIO MAGGIORE;VI;VICENZA;R00205;VENETO
2024;F465;MONTECCHIO PRECALCINO;VI;VICENZA;R00205;VENETO
2024;F467;MONTE CERIGNONE;PU;PESARO - URBINO;R00107;MARCHE
2024;F468;MONTECHIARO D'ASTI;AT;ASTI;R00125;PIEMONTE
2024;F469;MONTECHIARO D'ACQUI;AL;ALESSANDRIA;R00125;PIEMONTE
2024;F471;MONTICHIARI;BS;BRESCIA;R00090;LOMBARDIA
2024;F473;MONTECHIARUGOLO;PR;PARMA;R00054;EMILIA-ROMAGNA
2024;F475;MONTECILFONE;CB;CAMPOBASSO;R00116;MOLISE
2024;F477;MONTECOMPATRI;RM;ROMA;R00072;LAZIO
2024;F478;MONTECOPIOLO;RN;RIMINI;R00054;EMILIA-ROMAGNA
2024;F479;MONTECORICE;SA;SALERNO;R00045;CAMPANIA
2024;F480;MONTECORVINO PUGLIANO;SA;SALERNO;R00045;CAMPANIA
2024;F481;MONTECORVINO ROVELLA;SA;SALERNO;R00045;CAMPANIA
2024;F482;MONTECOSARO;MC;MACERATA;R00107;MARCHE
2024;F483;MONTECRESTESE;VB;VERBANO-CUSIO-OSSOLA;R00125;PIEMONTE
2024;F484;MONTECRETO;MO;MODENA;R00054;EMILIA-ROMAGNA
2024;F486;MONTE DI MALO;VI;VICENZA;R00205;VENETO
2024;F487;MONTEDINOVE;AP;ASCOLI PICENO;R00107;MARCHE
2024;F488;MONTE DI PROCIDA;NA;NAPOLI;R00045;CAMPANIA
2024;F489;MONTEDORO;CL;CALTANISSETTA;R00152;SICILIA
2024;F491;MONTEFALCIONE;AV;AVELLINO;R00045;CAMPANIA
2024;F806;MURA;BS;BRESCIA;R00090;LOMBARDIA
2024;F809;MURAZZANO;CN;CUNEO;R00125;PIEMONTE
2024;F810;SALCEDO;VI;VICENZA;R00205;VENETO
2024;F811;MURELLO;CN;CUNEO;R00125;PIEMONTE
2024;F813;MURIALDO;SV;SAVONA;R00081;LIGURIA
2024;F814;MURISENGO;AL;ALESSANDRIA;R00125;PIEMONTE
2024;F815;MURLO;SI;SIENA;R00161;TOSCANA
2024;F816;MURO LECCESE;LE;LECCE;R00134;PUGLIA
2024;F817;MURO LUCANO;PZ;POTENZA;R00027;BASILICATA
2024;F818;MUROS;SS;SASSARI;R00143;SARDEGNA
2024;F820;MUSCOLINE;BS;BRESCIA;R00090;LOMBARDIA
2024;F826;MUSILE DI PIAVE;VE;VENEZIA;R00205;VENETO
2024;F828;MUSSO;CO;COMO;R00090;LOMBARDIA
2024;F829;MUSSOLENTE;VI;VICENZA;R00205;VENETO
2024;F830;MUSSOMELI;CL;CALTANISSETTA;R00152;SICILIA
2024;F831;PINETO;TE;TERAMO;R00018;ABRUZZO
2024;F832;MUZZANA DEL TURGNANO;UD;UDINE;R00063;FRIULI-VENEZIA GIULIA
2024;F833;MUZZANO;BI;BIELLA;R00125;PIEMONTE
2024;F835;NAGO-TORBOLE;TN;TRENTO;R00214;PROVINCIA AUTONOMA TRENTO
2024;F836;NALLES;BZ;BOLZANO;R00223;PROVINCIA AUTONOMA BOLZANO
2024;F838;NANTO;VI;VICENZA;R00205;VENETO
2024;F839;NAPOLI;NA;NAPOLI;R00045;CAMPANIA
2024;F840;NARBOLIA;OR;ORISTANO;R00143;SARDEGNA
2024;F842;NARDO';LE;LECCE;R00134;PUGLIA
2024;F843;NARDODIPACE;VV;VIBO VALENTIA;R00036;CALABRIA
2024;F750;MORSANO AL TAGLIAMENTO;PN;PORDENONE;R00063;FRIULI-VENEZIA GIULIA
2024;F672;MONTICELLI BRUSATI;BS;BRESCIA;R00090;LOMBARDIA
2024;F674;MONTICELLO BRIANZA;LC;LECCO;R00090;LOMBARDIA
2024;F675;MONTICELLO CONTE OTTO;VI;VICENZA;R00205;VENETO
2024;F676;MONTICIANO;SI;SIENA;R00161;TOSCANA
2024;F677;MONTIERI;GR;GROSSETO;R00161;TOSCANA
2024;F679;MONTIGNOSO;MS;MASSA CARRARA;R00161;TOSCANA
2024;F680;MONTIRONE;BS;BRESCIA;R00090;LOMBARDIA
2024;F681;MONTODINE;CR;CREMONA;R00090;LOMBARDIA
2024;F682;MONTOGGIO;GE;GENOVA;R00081;LIGURIA
2024;F685;MONTONE;PG;PERUGIA;R00189;UMBRIA
2024;F686;MONTOPOLI IN VAL D'ARNO;PI;PISA;R00161;TOSCANA
2024;F687;MONTOPOLI DI SABINA;RI;RIETI;R00072;LAZIO
2024;F688;MONTORFANO;CO;COMO;R00090;LOMBARDIA
2024;F689;MONTORIO NEI FRENTANI;CB;CAMPOBASSO;R00116;MOLISE
2024;F690;MONTORIO AL VOMANO;TE;TERAMO;R00018;ABRUZZO
2024;F692;MONTORIO ROMANO;RM;ROMA;R00072;LAZIO
2024;F696;MONTORSO VICENTINO;VI;VICENZA;R00205;VENETO
2024;F697;MONTOTTONE;FM;FERMO;R00107;MARCHE
2024;F698;MONTRESTA;OR;ORISTANO;R00143;SARDEGNA
2024;F701;MONTU' BECCARIA;PV;PAVIA;R00090;LOMBARDIA
2024;F703;MONVALLE;VA;VARESE;R00090;LOMBARDIA
2024;F704;MONZA;MB;MONZA E BRIANZA;R00090;LOMBARDIA
2024;F705;MONZAMBANO;MN;MANTOVA;R00090;LOMBARDIA
2024;F706;MONZUNO;BO;BOLOGNA;R00054;EMILIA-ROMAGNA
2024;F707;MORANO SUL PO;AL;ALESSANDRIA;R00125;PIEMONTE
2024;F708;MORANO CALABRO;CS;COSENZA;R00036;CALABRIA
2024;F710;MORARO;GO;GORIZIA;R00063;FRIULI-VENEZIA GIULIA
2024;F711;MORAZZONE;VA;VARESE;R00090;LOMBARDIA
2024;F712;MORBEGNO;SO;SONDRIO;R00090;LOMBARDIA
2024;F713;MORBELLO;AL;ALESSANDRIA;R00125;PIEMONTE
2024;F715;MORCIANO DI ROMAGNA;RN;RIMINI;R00054;EMILIA-ROMAGNA
2024;F716;MORCIANO DI LEUCA;LE;LECCE;R00134;PUGLIA
2024;F717;MORCONE;BN;BENEVENTO;R00045;CAMPANIA
2024;F718;MORDANO;BO;BOLOGNA;R00054;EMILIA-ROMAGNA
2024;F720;MORENGO;BG;BERGAMO;R00090;LOMBARDIA
2024;F721;MORES;SS;SASSARI;R00143;SARDEGNA
2024;F722;MORESCO;FM;FERMO;R00107;MARCHE
2024;F723;MORETTA;CN;CUNEO;R00125;PIEMONTE
2024;F724;MORFASSO;PC;PIACENZA;R00054;EMILIA-ROMAGNA
2024;F725;MORGANO;TV;TREVISO;R00205;VENETO
2024;F726;MORGEX;AO;AOSTA;R00198;VALLE D'AOSTA/VALLÉE D'AOSTE
2024;F727;MORGONGIORI;OR;ORISTANO;R00143;SARDEGNA
2024;F728;MORI;TN;TRENTO;R00214;PROVINCIA AUTONOMA TRENTO
2024;F729;MORIAGO DELLA BATTAGLIA;TV;TREVISO;R00205;VENETO
2024;F730;MORICONE;RM;ROMA;R00072;LAZIO
2024;F731;MORIGERATI;SA;SALERNO;R00045;CAMPANIA
2024;F732;MORINO;AQ;L'AQUILA;R00018;ABRUZZO
2024;F733;MORIONDO TORINESE;TO;TORINO;R00125;PIEMONTE
2024;F734;MORLUPO;RM;ROMA;R00072;LAZIO
2024;F735;MORMANNO;CS;COSENZA;R00036;CALABRIA
2024;F736;MORNAGO;VA;VARESE;R00090;LOMBARDIA
2024;F737;MORNESE;AL;ALESSANDRIA;R00125;PIEMONTE
2024;F738;MORNICO AL SERIO;BG;BERGAMO;R00090;LOMBARDIA
2024;F739;MORNICO LOSANA;PV;PAVIA;R00090;LOMBARDIA
2024;F740;MOROLO;FR;FROSINONE;R00072;LAZIO
2024;F743;MOROZZO;CN;CUNEO;R00125;PIEMONTE
2024;F744;MORRA DE SANCTIS;AV;AVELLINO;R00045;CAMPANIA
2024;F745;MORRO D'ALBA;AN;ANCONA;R00107;MARCHE
2024;F746;MORRO REATINO;RI;RIETI;R00072;LAZIO
2024;F747;MORRO D'ORO;TE;TERAMO;R00018;ABRUZZO
2024;F748;MORRONE DEL SANNIO;CB;CAMPOBASSO;R00116;MOLISE
2024;F749;MORROVALLE;MC;MACERATA;R00107;MARCHE
2024;F671;MONTICELLI D'ONGINA;PC;PIACENZA;R00054;EMILIA-ROMAGNA
2024;F594;MONTERCHI;AR;AREZZO;R00161;TOSCANA
2024;F595;MONTEREALE;AQ;L'AQUILA;R00018;ABRUZZO
2024;F596;MONTEREALE VALCELLINA;PN;PORDENONE;R00063;FRIULI-VENEZIA GIULIA
2024;F597;MONTERENZIO;BO;BOLOGNA;R00054;EMILIA-ROMAGNA
2024;F598;MONTERIGGIONI;SI;SIENA;R00161;TOSCANA
2024;F599;MONTE RINALDO;FM;FERMO;R00107;MARCHE
2024;F600;MONTE ROBERTO;AN;ANCONA;R00107;MARCHE
2024;F601;MONTERODUNI;IS;ISERNIA;R00116;MOLISE
2024;F603;MONTE ROMANO;VT;VITERBO;R00072;LAZIO
2024;F604;MONTERONI DI LECCE;LE;LECCE;R00134;PUGLIA
2024;F605;MONTERONI D'ARBIA;SI;SIENA;R00161;TOSCANA
2024;F606;MONTEROSI;VT;VITERBO;R00072;LAZIO
2024;F607;MONTEROSSO CALABRO;VV;VIBO VALENTIA;R00036;CALABRIA
2024;F608;MONTEROSSO GRANA;CN;CUNEO;R00125;PIEMONTE
2024;F609;MONTEROSSO AL MARE;SP;LA SPEZIA;R00081;LIGURIA
2024;F610;MONTEROSSO ALMO;RG;RAGUSA;R00152;SICILIA
2024;F611;MONTEROTONDO;RM;ROMA;R00072;LAZIO
2024;F612;MONTEROTONDO MARITTIMO;GR;GROSSETO;R00161;TOSCANA
2024;F614;MONTERUBBIANO;FM;FERMO;R00107;MARCHE
2024;F616;MONTE SAN BIAGIO;LT;LATINA;R00072;LAZIO
2024;F618;MONTE SAN GIACOMO;SA;SALERNO;R00045;CAMPANIA
2024;F619;MONTE SAN GIOVANNI IN SABINA;RI;RIETI;R00072;LAZIO
2024;F620;MONTE SAN GIOVANNI CAMPANO;FR;FROSINONE;R00072;LAZIO
2024;F621;MONTE SAN GIUSTO;MC;MACERATA;R00107;MARCHE
2024;F622;MONTE SAN MARTINO;MC;MACERATA;R00107;MARCHE
2024;F623;MONTESANO SALENTINO;LE;LECCE;R00134;PUGLIA
2024;F625;MONTESANO SULLA MARCELLANA;SA;SALERNO;R00045;CAMPANIA
2024;F626;MONTE SAN PIETRANGELI;FM;FERMO;R00107;MARCHE
2024;F627;MONTE SAN PIETRO;BO;BOLOGNA;R00054;EMILIA-ROMAGNA
2024;F628;MONTE SAN SAVINO;AR;AREZZO;R00161;TOSCANA
2024;F629;MONTE SANTA MARIA TIBERINA;PG;PERUGIA;R00189;UMBRIA
2024;F631;MONTE SANT'ANGELO;FG;FOGGIA;R00134;PUGLIA
2024;F632;POTENZA PICENA;MC;MACERATA;R00107;MARCHE
2024;F634;MONTE SAN VITO;AN;ANCONA;R00107;MARCHE
2024;F636;MONTESARCHIO;BN;BENEVENTO;R00045;CAMPANIA
2024;G484;PESCASSEROLI;AQ;L'AQUILA;R00018;ABRUZZO
2024;G485;PESCATE;LC;LECCO;R00090;LOMBARDIA
2024;G486;PESCHE;IS;ISERNIA;R00116;MOLISE
2024;G487;PESCHICI;FG;FOGGIA;R00134;PUGLIA
2024;G488;PESCHIERA BORROMEO;MI;MILANO;R00090;LOMBARDIA
2024;G489;PESCHIERA DEL GARDA;VR;VERONA;R00205;VENETO
2024;G491;PESCIA;PT;PISTOIA;R00161;TOSCANA
2024;G492;PESCINA;AQ;L'AQUILA;R00018;ABRUZZO
2024;G493;PESCOCOSTANZO;AQ;L'AQUILA;R00018;ABRUZZO
2024;G494;PESCO SANNITA;BN;BENEVENTO;R00045;CAMPANIA
2024;G495;PESCOLANCIANO;IS;ISERNIA;R00116;MOLISE
2024;G496;PESCOPAGANO;PZ;POTENZA;R00027;BASILICATA
2024;G497;PESCOPENNATARO;IS;ISERNIA;R00116;MOLISE
2024;G498;PESCOROCCHIANO;RI;RIETI;R00072;LAZIO
2024;G499;PESCOSANSONESCO;PE;PESCARA;R00018;ABRUZZO
2024;G500;PESCOSOLIDO;FR;FROSINONE;R00072;LAZIO
2024;G502;PESSANO CON BORNAGO;MI;MILANO;R00090;LOMBARDIA
2024;A285;ANDRIA;BT;BARLETTA_ANDRIA_TRANI;R00134;PUGLIA
2024;E946;MARGHERITA DI SAVOIA;BT;BARLETTA_ANDRIA_TRANI;R00134;PUGLIA
2024;I625;SEREGNO;MB;MONZA E BRIANZA;R00090;LOMBARDIA
2024;M323;FISCAGLIA;FE;FERRARA;R00054;EMILIA-ROMAGNA
2024;M338;CORNALE E BASTIDA;PV;PAVIA;R00090;LOMBARDIA
2024;M327;CASCIANA TERME LARI;PI;PISA;R00161;TOSCANA
2024;M340;BORGO VIRGILIO;MN;MANTOVA;R00090;LOMBARDIA
2024;M318;TRECASTELLI;AN;ANCONA;R00107;MARCHE
2024;M321;FIGLINE E INCISA VALDARNO;FI;FIRENZE;R00161;TOSCANA
2024;M322;CASTELFRANCO PIANDISCO';AR;AREZZO;R00161;TOSCANA
2024;M341;TREMEZZINA;CO;COMO;R00090;LOMBARDIA
2024;M317;RIVIGNANO TEOR;UD;UDINE;R00063;FRIULI-VENEZIA GIULIA
2024;M345;SAN LORENZO DORSINO;TN;TRENTO;R00214;PROVINCIA AUTONOMA TRENTO
2024;M343;VALDAONE;TN;TRENTO;R00214;PROVINCIA AUTONOMA TRENTO
2024;M372;CORTEOLONA E GENZONE;PV;PAVIA;R00090;LOMBARDIA
2024;M359;PRIMIERO SAN MARTINO DI CASTROZZA;TN;TRENTO;R00214;PROVINCIA AUTONOMA TRENTO
2024;M353;BORGO LARES;TN;TRENTO;R00214;PROVINCIA AUTONOMA TRENTO
2024;M360;SELLA GIUDICARIE;TN;TRENTO;R00214;PROVINCIA AUTONOMA TRENTO
2024;M352;BORGO CHIESE;TN;TRENTO;R00214;PROVINCIA AUTONOMA TRENTO
2024;M365;PIEVE DI BONO-PREZZO;TN;TRENTO;R00214;PROVINCIA AUTONOMA TRENTO
2024;M370;BORGOMEZZAVALLE;VB;VERBANO-CUSIO-OSSOLA;R00125;PIEMONTE
2024;M368;MONTESCUDO-MONTE COLOMBO;RN;RIMINI;R00054;EMILIA-ROMAGNA
2024;M375;ALPAGO;BL;BELLUNO;R00205;VENETO
2024;M374;VAL DI ZOLDO;BL;BELLUNO;R00205;VENETO
2024;M342;LONGARONE;BL;BELLUNO;R00205;VENETO
2024;M326;SCARPERIA E SAN PIERO;FI;FIRENZE;R00161;TOSCANA
2024;M334;VAL BREMBILLA;BG;BERGAMO;R00090;LOMBARDIA
2024;M328;CRESPINA LORENZANA;PI;PISA;R00161;TOSCANA
2024;M348;LA VALLETTA BRIANZA;LC;LECCO;R00090;LOMBARDIA
2024;M349;ALTAVALLE;TN;TRENTO;R00214;PROVINCIA AUTONOMA TRENTO
2024;M369;ALTO RENO TERME;BO;BOLOGNA;R00054;EMILIA-ROMAGNA
2024;M380;COLLI AL METAURO;PU;PESARO - URBINO;R00107;MARCHE
2024;M336;COLVERDE;CO;COMO;R00090;LOMBARDIA
2024;M331;VALLEFOGLIA;PU;PESARO - URBINO;R00107;MARCHE
2024;M344;PREDAIA;TN;TRENTO;R00214;PROVINCIA AUTONOMA TRENTO
2024;M364;VENTASSO;RE;REGGIO EMILIA;R00054;EMILIA-ROMAGNA
2024;M358;PORTE DI RENDENA;TN;TRENTO;R00214;PROVINCIA AUTONOMA TRENTO
2024;M350;ALTOPIANO DELLA VIGOLANA;TN;TRENTO;R00214;PROVINCIA AUTONOMA TRENTO
2024;M363;VILLE D'ANAUNIA;TN;TRENTO;R00214;PROVINCIA AUTONOMA TRENTO
2024;M367;POLESINE ZIBELLO;PR;PARMA;R00054;EMILIA-ROMAGNA
2024;M379;TERRE ROVERESCHE;PU;PESARO - URBINO;R00107;MARCHE
2024;M337;VERDERIO;LC;LECCO;R00090;LOMBARDIA
2024;M324;POGGIO TORRIANA;RN;RIMINI;R00054;EMILIA-ROMAGNA
2024;M319;FABBRICHE DI VERGEMOLI;LU;LUCCA;R00161;TOSCANA
2024;M330;MONTORO;AV;AVELLINO;R00045;CAMPANIA
2024;M320;VALSAMOGGIA;BO;BOLOGNA;R00054;EMILIA-ROMAGNA
2024;M329;PRATOVECCHIO STIA;AR;AREZZO;R00161;TOSCANA
2024;M333;SANT'OMOBONO TERME;BG;BERGAMO;R00090;LOMBARDIA
2024;M347;SILLANO GIUNCUGNANO;LU;LUCCA;R00161;TOSCANA
2024;M346;VALVASONE ARZENE;PN;PORDENONE;R00063;FRIULI-VENEZIA GIULIA
2024;M355;CEMBRA LISIGNAGO;TN;TRENTO;R00214;PROVINCIA AUTONOMA TRENTO
2024;M356;CONTA';TN;TRENTO;R00214;PROVINCIA AUTONOMA TRENTO
