ANNO;CODI_CONTRATTO;CODI_TIPO_VOCE_SPESA;TIPO_VOCE_SPESA;CODI_VOCE_SPESA;DESC_VOCE_SPESA;FLAG_SEGNO
2024;REFR;F;FINANZIA;64A;NUOVI SERV. / RIORG. - VARIAB. (ART. 55 C. 2 CCRL 02-05);+
2024;RESA;U;UTILIZZO;491;RETRIBUZIONE DI RENDIMENTO;+
2024;EPNE;F;FINANZIA;995;ALTRE RISORSE VARIABILI;+
2024;SSNA;F;FINANZIA;951;INCR. DOT. ORG. O NUOVI SERV. (ART. 53 - POSIZ - CCNL 98-01);+
2024;SSNA;F;FINANZIA;960;SPEC. DISP. DI LEGGE (ART. 52 C. 5 L. A CCNL 98-01);+
2024;SSNA;F;FINANZIA;961;PROGRAMMI CONCORDATI (ART. 52 C. 5 L. B CCNL 98-01);+
2024;SSNA;F;FINANZIA;987;ALTRE RISORSE FONDO RISULTATO / PARTE VARIABILE;+
2024;SSNA;U;UTILIZZO;268;INDENNITÀ DI INCARICO DI DIREZIONE DI STRUTTURA COMPLESSA;+
2024;AGID;U;UTILIZZO;998;ALTRI ISTITUTI NON COMPRESI FRA I PRECEDENTI;+
2024;AFAM;U;UTILIZZO;998;ALTRI ISTITUTI NON COMPRESI FRA I PRECEDENTI;+
2024;MNST;U;UTILIZZO;998;ALTRI ISTITUTI NON COMPRESI FRA I PRECEDENTI;+
2024;SCLA;U;UTILIZZO;998;ALTRI ISTITUTI NON COMPRESI FRA I PRECEDENTI;+
2024;EPNE;U;UTILIZZO;448;RETRIBUZIONE DI POSIZIONE;+
2024;RESA;U;UTILIZZO;448;RETRIBUZIONE DI POSIZIONE;+
2024;UCAM;U;UTILIZZO;448;RETRIBUZIONE DI POSIZIONE;+
2024;RESA;F;FINANZIA;999;SOMME NON UTILIZZATE FONDO/I ANNO PRECEDENTE;+
2024;SCLA;F;FINANZIA;999;SOMME NON UTILIZZATE FONDO/I ANNO PRECEDENTE;+
2024;EPNE;U;UTILIZZO;556;INDENNITÀ ALTRI PROFESSIONISTI;+
2024;PCMD;F;FINANZIA;20E;NUOVI SERVIZI O RIORG. - STABILE (ART. 51 C. 8 CCNL 02-05);+
2024;ENAC;F;FINANZIA;95E;RISP ART 2 C 3 DLGS 165/01 (ART. 82 C. 3 L. C CCNL 02-05);+
2024;UNIV;F;FINANZIA;24A;ATT NUOVI SERV O MIGL SERV ES - VAR (ART.62 C.7 CCNL02-05);+
2024;AGID;F;FINANZIA;73C;INCREMENTI CCNL 08-09 (ART. 4 C. 1);+
2024;AGID;F;FINANZIA;74C;RIA PERS. CESSATO BASE ANNUA (ART.51 C. 4 P. 1 CCNL 02-05);+
2024;MNST;F;FINANZIA;76C;RIS DA TERZI INCARICHI AGG.VI (ART. 51 C. 3 L. C CCNL 02-05);+
2024;MNST;F;FINANZIA;88C;MIN. SALUTE INCREMENTI CCNL 08-09 (ART. 8 CC. 3-4);+
2024;CNEL;F;FINANZIA;93C;MAGG. ENTR. O EC. GEST. (ART. 58 C. 3 L. C CCNL 02-05);+
2024;AGID;F;FINANZIA;94C;RIS. DA TERZI INCARICHI AGG.VI (ART.58 C. 3 L. D CCNL 02-05);+
2024;CNEL;F;FINANZIA;57E;INCREMENTI CCNL 06-09 (ART. 20 C. 1);+
2024;ENAC;F;FINANZIA;86E;ECON. DA RID. STAB. DIRIGENTI (ART. 55 C. 3 L. D CCNL 02-05);+
2024;CPRE;F;FINANZIA;32F;INCREMENTI ACCORDO 06-09 (ART. 21 C. 1 DPR 105/08);+
2024;RESA;F;FINANZIA;41B;STORICO AL 1.1.06 (ART. 102BIS C. 1 CCRL 98-01 S.M.I.);+
2024;PCMD;F;FINANZIA;48E;RIS. PERSONALE DI PRESTITO (ART. 82 C. 5 CCNL 02-05);+
2024;AFAM;F;FINANZIA;79F;ART 17 C 1 CCNL 06-09 - INCREMENTI FONDO ISTITUTO;+
2024;SCLA;F;FINANZIA;81F;RISORSE VARIABILI DA EELL E ALTRI ENTI;+
2024;SCLA;F;FINANZIA;82F;RISORSE VARIABILI DA PRIVATI;+
2024;AFAM;F;FINANZIA;83F;RISORSE VARIABILI DA UNIONE EUROPEA;+
2024;EPNE;U;UTILIZZO;449;RETRIBUZIONE DI RISULTATO;+
2024;ERIC;U;UTILIZZO;449;RETRIBUZIONE DI RISULTATO;+
2024;RESA;U;UTILIZZO;449;RETRIBUZIONE DI RISULTATO;+
2024;UNIV;U;UTILIZZO;449;RETRIBUZIONE DI RISULTATO;+
2024;ERIC;F;FINANZIA;66C;SPEC. DISP. LEGGE (ART. 4 C. 1 L. G CCNL 00-01);+
2024;ERIC;U;UTILIZZO;616;PRODUTTIVITÀ - FONDO E;+
2024;AGFI;F;FINANZIA;63B;RIS. DA TERZI PER INCAR. AGG.VI (ART 59 C 3 L. A CCNL02-05);+
2024;AGFI;F;FINANZIA;17D;RIS ART 59 C 4 L. C DLGS 300/99 (ART 52 C 3 L D CCNL 02-05);+
2024;EPNE;F;FINANZIA;79B;NUOVI SERVIZI/RIORG/INCR DOT ORG  (ART. 4 C. 10 CCNL 00-01);+
2024;AGID;F;FINANZIA;61E;INCREMENTI CCNL 06-09 (ART. 23 C. 1);+
2024;CNEL;F;FINANZIA;60E;NUOVI SERV / RIORG. EVENTI ECCEZ. (ART. 51 C. 8 CCNL 02-05);+
2024;CPRE;F;FINANZIA;28F;INCREMENTI ACCORDO 00-01 (ART. 20 C. 1 L. I DPR 316/01);+
2024;SSNA;F;FINANZIA;70G;IMPORTO CONSOLIDATO AL 31.12.07 (ART. 10 C. 1 CCNL 08-09);+
2024;ERIC;F;FINANZIA;26H;ART 4 C 1 ALINEA 2 E 3 CCNL 04-05 - INCREMENTI;+
2024;REFR;F;FINANZIA;51H;ART 43 L 449/1997 - RISPARMI DI GESTIONE;+
2024;CNEL;F;FINANZIA;51H;ART 43 L 449/1997 - RISPARMI DI GESTIONE;+
2024;ERIC;F;FINANZIA;51H;ART 43 L 449/1997 - RISPARMI DI GESTIONE;+
2024;PCMD;F;FINANZIA;51H;ART 43 L 449/1997 - RISPARMI DI GESTIONE;+
2024;ENAC;F;FINANZIA;74H;RISORSE AGGIUNTIVE ART. 82 C. 3 L. G CCNL 02-05;+
2024;UNIV;F;FINANZIA;85G;INCREMENTI CCNL 06-09 (ART. 22 C. 1);+
2024;AGFI;F;FINANZIA;05H;ART 4 C 1 ALINEA 2 E 3 CCNL 04-05 - INCREMENTI;+
2024;ERIC;F;FINANZIA;07H;ART 4 C 1 CCNL 08-09 - INCREMENTI;+
2024;AGFI;F;FINANZIA;44H;INCREMENTI CCNL 04-05 (ART. 7 C. 3 ALINEA 2 E 3);+
2024;AGFI;F;FINANZIA;46H;INCREMENTI CCNL 08-09 (ART. 7 C. 2);+
2024;SCLA;U;UTILIZZO;915;ART 88 C 2 L F) CCNL 06-09 - DOC COMP. COLLAB. DS;+
2024;ENAC;F;FINANZIA;76G;FONDO 2004 CERT ORG CONTR./PARTE FISSA (ART1 C189 L266/05);+
2024;AGFI;F;FINANZIA;76G;FONDO 2004 CERT ORG CONTR./PARTE FISSA (ART1 C189 L266/05);+
2024;EPNE;F;FINANZIA;92G;INCREMENTI CCNL 08-09 (ART. 11 C. 1);+
2024;AGID;F;FINANZIA;11H;INCREMENTI CCNL 04-05 (ART. 7 C. 1 ALINEA 2 E 3);+
2024;SSNA;U;UTILIZZO;582;COMPENSO PER QUALITÀ PRESTAZIONE INDIVIDUALE;+
2024;MNST;F;FINANZIA;50H;ART 43 L 449/1997 - ENTR. CONTO TERZI O UTENZA O SPONSOR.;+
2024;EPNE;F;FINANZIA;91H;ALTRE DECURTAZIONI DEL FONDO /  PARTE VARIABILE;-
2024;SSNA;U;UTILIZZO;58A;SOSTITUZIONI (ART. 18 CCNL 98-01);+
2024;SCLA;U;UTILIZZO;911;ART 88 C 2 L C) CCNL 06-09 - DOC ORE AGG.VE CORSI RECUPERO;+
2024;ERIC;F;FINANZIA;29C;RIS DA TERZI PER INCARICHI AGG.VI (ART 55 C3 L. A CCNL02-05);+
2024;ERIC;F;FINANZIA;32C;NUOVI SERV. O RIORG. - VAR. (ART. 55 C. 7 CCNL 02-05);+
2024;ENAC;F;FINANZIA;27I;ART 1 C 456 L 147/2013 - DECURTAZIONE PERMANENTE;-
2024;RALN;F;FINANZIA;27I;ART 1 C 456 L 147/2013 - DECURTAZIONE PERMANENTE;-
2024;ERIC;F;FINANZIA;27I;ART 1 C 456 L 147/2013 - DECURTAZIONE PERMANENTE;-
2024;SSNA;F;FINANZIA;27I;ART 1 C 456 L 147/2013 - DECURTAZIONE PERMANENTE;-
2024;MNST;F;FINANZIA;27I;ART 1 C 456 L 147/2013 - DECURTAZIONE PERMANENTE;-
2024;PCMD;U;UTILIZZO;10A;PRODUTTIVITÀ / PERFORMANCE INDIVIDUALE;+
2024;EPNE;F;FINANZIA;86H;ALTRE DECURTAZIONE DEL FONDO /  PARTE FISSA;-
2024;REFR;F;FINANZIA;96H;ART 16 CC 4-5-6 DL 98/11 - RISP. PIANI RAZIONALIZZAZIONE;+
2024;AGID;F;FINANZIA;24I;PROG. ORIZZ. EX C. 193 L. 266/05 - VALORE ANNO CORRENTE;+
2024;AGFI;U;UTILIZZO;00L;SPECIFICHE RESPONSABILITÀ;+
2024;ENAC;U;UTILIZZO;00L;SPECIFICHE RESPONSABILITÀ;+
2024;RALN;U;UTILIZZO;00L;SPECIFICHE RESPONSABILITÀ;+
2024;RALN;U;UTILIZZO;00U;RETRIBUZIONE DI POSIZIONE;+
2024;AFAM;F;FINANZIA;00P;ART 23 C 2 DLGS 75/2017 - DEC. FONDO RISPETTO LIMITE 2016;-
2024;AGFI;U;UTILIZZO;22I;INCENTIVI FUNZIONI TECNICHE;+
2024;UNIV;U;UTILIZZO;22I;INCENTIVI FUNZIONI TECNICHE;+
2024;SSNA;U;UTILIZZO;01K;PREMI CORRELATI ALLA PERFORMANCE ORGANIZZATIVA;+
2024;MNST;F;FINANZIA;01P;ALTRE DECURTAZIONI NON COMPRESE FRA LE PRECEDENTI;-
2024;AGID;F;FINANZIA;02P;ART 1 C 189 L 266/05 - DEC. FONDO RISPETTO LIMITE 2004-10%;-
2024;AGFI;F;FINANZIA;02P;ART 1 C 189 L 266/05 - DEC. FONDO RISPETTO LIMITE 2004-10%;-
2024;RESA;F;FINANZIA;34I;ART 102TER C 1, L B) CCRL 98-01 - DIFF STIP CESS ANNO PREC;+
2024;RALN;F;FINANZIA;00E;ART 67 C 2 L E CCNL 16-18 - INCREM. ALTRO PERS. TRASF.;+
2024;RALN;F;FINANZIA;00Y;ART 67 C 3 L G CCNL 16-18 - RIS. PERS. DA CASE DA GIOCO;+
2024;RALN;F;FINANZIA;01M;ART 67 C 3 L K CCNL 16-18-INTEGR. PERS. TRASF. CORSO D'ANNO;+
2024;RALN;F;FINANZIA;01Q;ART 67 C 2 L E CCNL 16-18 -DEC. PERS. TRASF. DISP. LEGGE;-
2024;SSNA;F;FINANZIA;01S;ART 40 C 3-Q DLGS 165/2001 - DEC. ANNO PER PIANI DI RECUP.;-
2024;SCLA;F;FINANZIA;01S;ART 40 C 3-Q DLGS 165/2001 - DEC. ANNO PER PIANI DI RECUP.;-
2024;REVA;F;FINANZIA;01S;ART 40 C 3-Q DLGS 165/2001 - DEC. ANNO PER PIANI DI RECUP.;-
2024;UNIV;F;FINANZIA;01S;ART 40 C 3-Q DLGS 165/2001 - DEC. ANNO PER PIANI DI RECUP.;-
2024;AGID;F;FINANZIA;05N;ART 76 C 3 L B) CCNL 16-18 - RIA PERS CESSATO MISURA INTERA;+
2024;AGID;F;FINANZIA;05O;ART 76 C 3 L C) CCNL 16-18 - IND AMM/ENTE PERS CESS NON RIUT;+
2024;MNST;F;FINANZIA;05O;ART 76 C 3 L C) CCNL 16-18 - IND AMM/ENTE PERS CESS NON RIUT;+
2024;ENAC;F;FINANZIA;05R;ART 76 C 4 L C) CCNL 16-18 - ALTRE SPEC. DISP. DI LEGGE;+
2024;AGID;F;FINANZIA;05S;ART 76 C 4 L D) CCNL 16-18 - RIA IND AMM/ENTE CES MENS RESID;+
2024;EPNE;U;UTILIZZO;02P;PROGRESSIONI ECONOMICHE ANNO DI RIFER.TO;+
2024;ENAC;U;UTILIZZO;02Q;INDENNITÀ POSIZIONI ORGANIZZATIVE;+
2024;PCMD;U;UTILIZZO;02S;WELFARE INTEGRATIVO A CARICO DEL FONDO;+
2024;MNST;U;UTILIZZO;02S;WELFARE INTEGRATIVO A CARICO DEL FONDO;+
2024;MNST;F;FINANZIA;11V;ART 48 C 1 CCNL 16-18 - INCREMENTI;+
2024;SCLA;U;UTILIZZO;06S;ART 40 C 4 L F) CCNL 16-18 - DOC ORE ECCEDENTI SOSTIT. COLL.;+
2024;EPNE;F;FINANZIA;12K;SPEC. DISP. DI LEGGE (ART. 42 C. 2 L. E CCNL 98-01);+
2024;SSNA;F;FINANZIA;12Z;ART 94 C 4 L B CCNL 16-18 - ALTRE SPEC DISPOSIZIONI DI LEGGE;+
2024;SSNA;F;FINANZIA;18W;ART 90 C 3 L E CCNL 16-18 - INCR STAB DA FONDO RISULTATO;+
2024;UCAM;F;FINANZIA;22X;ART 63 C 4 L B) CCNL 16-18-RIS. OBIETT. ENTE ANCHE MANTEN.;+
2024;UNIV;F;FINANZIA;25U;ART 1 C 297 LETT A L 234/21- INCR ACC PERS AGG.VO PIANI STR;+
2024;REFR;F;FINANZIA;28M;ART 45 C 1 CCRL 19-21 - RIA E ASS AD PERS CESS AL 31.12.21;+
2024;RESI;F;FINANZIA;33O;ART 100 C 2 L F CCRL 19-21 - SPEC DISP LEGGE RANGO REG.LE;+
2024;RESI;F;FINANZIA;33Q;ART 100 C 3 L C CCRL 19-21 - RIA CESS ANNO PREC MENS RESIDUE;+
2024;RALN;U;UTILIZZO;05P;STRAORDINARIO ORDINARIO;+
2024;AGID;U;UTILIZZO;07H;PERFORMANCE NUOVI MODELLI ORGANIZZATIVI (LAVORO AGILE);+
2024;EPNE;U;UTILIZZO;07H;PERFORMANCE NUOVI MODELLI ORGANIZZATIVI (LAVORO AGILE);+
2024;UNIV;U;UTILIZZO;01Z;INDENNITÀ ACCESSORIA MENSILE;+
2024;UCAM;F;FINANZIA;22R;ART 63 C 2 L D) CCNL 16-18 - INCREM. RIDUZ. STAB. STRAORD.;+
2024;UCAM;F;FINANZIA;22Y;ART 13 C 1 CCNL 16-18 - UNICO IMPORTO CONSOLIDATO 2018;+
2024;SSNA;F;FINANZIA;25L;ART 103 C 3 CCNL 19-21 -  INCR RID STAB PIANTA ORGANICA;+
2024;SSNA;U;UTILIZZO;07O;DEP (DIFFERENZIALI ECON. DI PROF.TÀ) NON DISPONIBILI ALLA CI;+
2024;SSNA;U;UTILIZZO;07S;INDENNITÀ PROFESSIONALE SPECIFICA;+
2024;ENAC;F;FINANZIA;27O;ART 46 C 2 CCNL 19-21 - 1,82% M.S. 2018;+
2024;CNEL;F;FINANZIA;24P;ART. 45 DLGS 36/2023 - INCENTIVI ALLE FUNZIONI TECNICHE;+
2024;RESA;F;FINANZIA;29R;ART 102 C 1 L B) CCRL 98-01 - RIS DA CONTRATTAZ COLLETT;+
2024;SSNA;F;FINANZIA;18S;ART 90 C 3 L A CCNL 16-18 - INCR. 338,00 EURO DA 1.1.2018;+
2024;SSNA;F;FINANZIA;18T;ART 90 C 3 L C CCNL 16-18 INCR RID STABILE DOT ORG;+
2024;SSNA;U;UTILIZZO;08C;D.E.P. COLLABORATORI PROFESSIONALI DI RICERCA SANITARIA;+
2024;SSNA;U;UTILIZZO;08E;INDENNITÀ DI FUNZIONE RICERCATORE SANITARIO;+
2024;SSNA;U;UTILIZZO;08F;INDENNITÀ DI RISCHIO RADIOLOGICO;+
2024;UNIV;F;FINANZIA;30Y;ART 119 C 1 L B CCNL 19-21 INCR RID STABILE STRAORDINARIO;+
2024;UNIV;F;FINANZIA;31U;ART 121 C 1 L E CCNL 19-21 - INCR. 0,1% M.S. 2015 - EP;+
2024;CNEL;F;FINANZIA;32O;ART 32 C 1 CCNL 22-24 - INCREM (IN % M.S. 2021, TAB 7 CCNL);+
2024;AGFI;F;FINANZIA;32O;ART 32 C 1 CCNL 22-24 - INCREM (IN % M.S. 2021, TAB 7 CCNL);+
2024;SSNA;F;FINANZIA;32U;ART 103 C 2 CCNL 19-21 - UNICO IMPORTO CONSOLIDATO 2022;+
2024;RALN;U;UTILIZZO;07E;COMPENSI AVVOCATI ART. 9 CC. 5-6 DL 90/2014;+
2024;PCMD;U;UTILIZZO;07J;PASSAGGI DI PARAMETRO RETRIBUTIVO ANNO CORRENTE;+
2024;RALN;F;FINANZIA;24L;ART 8 C 3 P 1 DL 13/2023 - INCREM. ATTUAZIONE PROGETTI PNRR;+
2024;REFR;F;FINANZIA;28V;ART 45 C 8 L D) CCRL 19-21 - INCREM ART. 15 C 3 CCRL 19-21;+
2024;UNIV;F;FINANZIA;30X;ART 119 C 1 L A CCNL 19-21 RIA PERS CESSATO MISURA INTERA;+
2024;ENAC;F;FINANZIA;27S;ART 67 C 2 CCNL 19-21 - INCREM 0,22% M.S. 2018 DAL 1.1.2022;+
2024;RESA;F;FINANZIA;30L;ART 102 C 1 L D) CCRL 98-01 - DEC TRASF FUNZIONI E PERSONALE;-
2024;UNIV;F;FINANZIA;32M;ART 119 C 1 CCNL 19-21 - UNICO IMPORTO CONSOLIDATO 2017;+
2024;PCMD;F;FINANZIA;24J;SPEC. DISP. DI LEGGE (ART. 41 C. 3 CCNL 16-18);+
2024;RESA;F;FINANZIA;29Y;ART 102 C 2 L E) CCRL 98-01 - RATEO ASS AD PERS CESS;+
2024;RESA;F;FINANZIA;30K;ART 102 C 2 L I) CCNL 98-01 - QUOTA DIFF STIP ANNO DI CESSAZ;+
2024;REVA;U;UTILIZZO;03O;ART 154 C 1 L D) TUDC - ATTIVITÀ PART. ESIGENZE SERVIZIO;+
2024;REVA;U;UTILIZZO;03P;ART 154 C 1 L E) TUDC - PART. IND. ACCESS. ART. 162;+
2024;UNIV;F;FINANZIA;31L;ART 119 C 2 L C CCNL 19-21 - ALTRE SPEC. DISP. DI LEGGE;+
2024;UNIV;F;FINANZIA;31P;ART 119 C 2 L F CCNL 19-21 - INCR PER ESIGENZE ORG E GEST;+
2024;UNIV;U;UTILIZZO;08H;TRATTAMENTI ECONOMICI VALUTAZIONE INDIVIDUALE;+
2024;UNIV;U;UTILIZZO;08K;INDENNITÀ DI POSIZIONE ORGANIZZATIVA AREA FUNZIONARI;+
2024;UNIV;U;UTILIZZO;08P;PROGRESSIONI ECONOMICHE A CARICO BILANCIO - IMPIEGHI EP;+
2024;REFR;U;UTILIZZO;03C;ART 17 C 8 CCRL 98-01 - PRESTAZIONI LAVORO STRAORDINARIO;+
2024;SSNA;U;UTILIZZO;07D;ART 9, CC. 3, 6 DL90/2014 - COMP. PROFESSIONALI AVVOCATI;+
2024;AGID;F;FINANZIA;19Y;ART 69 C 2 AL 3 CCNL 4/2011 - RISP. GEST. FINO AL 30%;+
2024;ERIC;F;FINANZIA;21Y;ART 11 C 1 CCNL 19-21 - INCREM IND. ENTE;+
2024;EPNE;F;FINANZIA;26U;ART 11 C 1 L B DL 135/18 - INCR ACC ASS TD DEROGA FAC ASS.LI;+
2024;REVA;F;FINANZIA;07K;ART 155 C 2 TUDC - ALIM FUA DELEGA O TRASF FUNZ DA STATO;+
2024;AGFI;U;UTILIZZO;20S;DIFFERENZIALI STIPENDIALI IN ESSERE NON DISPONIBILI ALLA CI;+
2024;UCAM;U;UTILIZZO;20S;DIFFERENZIALI STIPENDIALI IN ESSERE NON DISPONIBILI ALLA CI;+
2024;MNST;F;FINANZIA;20S;ART 49 C 2 CCNL 19-21 - RIS DIFF STIP PRECED CARICO BILANCIO;+
2024;ENAC;F;FINANZIA;21K;RISORSE RIASS EX ART 2 C 3 DLGS 165/2001;+
2024;UCAM;F;FINANZIA;22Z;ART 64BIS C 1 L A) CCNL 16-18 - IND. FUNZIONE 2018;+
2024;AGFI;U;UTILIZZO;05X;ART 77 C 2 L F) CCNL 16-18 - RETR POSIZIONE MIN P.O.P.;+
2024;MNST;U;UTILIZZO;06G;CCNL 16-18 ART. 69 C. 1 L. E - IND. CONDIZIONI DI LAVORO;+
2024;MNST;U;UTILIZZO;06H;CCNL 16-18 ART. 69 C. 1 L. F - IND. DI STRUTTURA COMPLESSA;+
2024;AGID;F;FINANZIA;00O;ALTRE RISORSE NON COMPRESE FRA LE PRECEDENTI;+
2024;AFAM;F;FINANZIA;00O;ALTRE RISORSE NON COMPRESE FRA LE PRECEDENTI;+
2024;SCLA;F;FINANZIA;00O;ALTRE RISORSE NON COMPRESE FRA LE PRECEDENTI;+
2024;REVA;F;FINANZIA;17K;ART 155BIS C 2 TUDC - ALIM FUA ESERCIZIO ASSOCIATO FUNZIONI;+
2024;UCAM;F;FINANZIA;23Q;ART 63 C 2 L D) CCNL 16-18 - RIDUZ STAB STRAORD A FAV FONDO;-
2024;PCMD;F;FINANZIA;24B;SPEC. DISP. DI LEGGE (ART. 38 C. 3 CCNL 16-18);+
2024;EPNE;F;FINANZIA;24O;ART 1 DL 80/2021 - INCREM. ASS TD FINANZ DIRETTO PNRR;+
2024;RALN;F;FINANZIA;24O;ART 1 DL 80/2021 - INCREM. ASS TD FINANZ DIRETTO PNRR;+
2024;AGFI;F;FINANZIA;24O;ART 1 DL 80/2021 - INCREM. ASS TD FINANZ DIRETTO PNRR;+
2024;AGFI;F;FINANZIA;24T;ART 1 C 604 L 234/2021 - INCREM 0,22% M.S. 2018 DAL 1.1.2022;+
2024;MNST;F;FINANZIA;24T;ART 1 C 604 L 234/2021 - INCREM 0,22% M.S. 2018 DAL 1.1.2022;+
2024;UNIV;F;FINANZIA;24T;ART 1 C 604 L 234/2021 - INCREM 0,22% M.S. 2018 DAL 1.1.2022;+
2024;SSNA;F;FINANZIA;24V;ART 75 C 3 CCNL 19-21 - RISORSE INAIL ART 1 C 527 L 145/2018;+
2024;RALN;F;FINANZIA;25Y;ART 79 C 2 L D CCNL 19-21 -RISP. STRAORD. CONS. ANNO PREC.;+
2024;RALN;F;FINANZIA;26L;ART 7 C 4 L U CCNL 19-21 - INCREM. RISORSE DESTINATE INC. EQ;+
2024;SCLA;F;FINANZIA;09P;ART 40 C 1 L A) CCNL 16-18 - FONDO ISTITUZIONE SCOLASTICA;+
2024;UCAM;F;FINANZIA;22N;ART 63 C 1 CCNL 16-18 - UNICO IMPORTO CONSOLIDATO 2018;+
2024;UCAM;F;FINANZIA;23M;ART 64BIS C 1 L E) CCNL 16-18 - RIA PERS. CESSATO ANNO PREC;+
2024;CNEL;F;FINANZIA;09O;ART 92 C 2 L C) CCNL 16-18 - RIS ART 22 C 3 CCNL 02-05;+
2024;ERIC;U;UTILIZZO;03T;PROGRESSIONI ECONOMICHE DI LIVELLO STORICHE;+
2024;SSNA;F;FINANZIA;12U;ART 94 C 3 L D CCNL 16-18 - INCR DOTAZ ORG (MOD RAMI AZ.LI);+
2024;RALN;F;FINANZIA;15N;ART 14 CCNL 98-01 - RIS STRAORDINARIO ORDINARIO ANNO 2017;+
2024;UNIV;F;FINANZIA;23A;INCARICHI AGG.VI E COMP. PROF.LI (ART.62 C.3 L.D CCNL02-05);+
2024;REFR;F;FINANZIA;63A;INTEGRAZIONE ANNUALE (ART. 55 C. 3 CCRL 02-05);+
2024;REFR;F;FINANZIA;68A;IMPORTO CONSOLIDATO 1998 (ART. 47, C. 1 L. A CCRL 02-05);+
2024;SSNA;U;UTILIZZO;281;ALTRI ISTITUTI FONDO RISULTATO;+
2024;UNIV;F;FINANZIA;17A;INCREMENTI CCNL 04-05 (ART. 7 C. 1 ALINEA 2 E 3);+
2024;ENAC;U;UTILIZZO;998;ALTRI ISTITUTI NON COMPRESI FRA I PRECEDENTI;+
2024;CPRE;U;UTILIZZO;448;RETRIBUZIONE DI POSIZIONE;+
2024;MNST;U;UTILIZZO;448;RETRIBUZIONE DI POSIZIONE;+
2024;EPNE;F;FINANZIA;998;ALTRE RISORSE FISSE CON CARATTERE DI CERTEZZA E STABILITÀ;+
2024;EPNE;F;FINANZIA;999;SOMME NON UTILIZZATE FONDO/I ANNO PRECEDENTE;+
2024;UCAM;F;FINANZIA;999;SOMME NON UTILIZZATE FONDO/I ANNO PRECEDENTE;+
2024;EPNE;U;UTILIZZO;554;INDENNITÀ PROFESSIONISTI LEGALI;+
2024;AGFI;F;FINANZIA;42D;RIA PERS. CESS. RATEO ANNO CESS (ART59 C.4 P.2,3 CCNL 02-05);+
2024;EPNE;F;FINANZIA;18C;NUOVI SERVIZI/RIORG/INCR DOT ORG (ART. 2 C. 2 CCNL 08.01.03);+
2024;ENAC;F;FINANZIA;01F;NUOVI SERV. O RIORG. - VAR. (ART. 82 C. 6 CCNL 02-05);+
2024;ENAC;U;UTILIZZO;781;INCENTIVI SPECIFICHE DISPOSIZIONI DI LEGGE;+
2024;AGID;F;FINANZIA;77C;RIA CESS. ANNO PREC. ACC. (ART. 51 C. 4 PP. 2-3 CCNL 02-05);+
2024;SSNA;F;FINANZIA;949;ASS. PERSONALI PERS. CESS. (ART. 50 C. 2 L. D CCNL 98-01);+
2024;SSNA;F;FINANZIA;996;ALTRE RISORSE FONDO POSIZIONE / PARTE FISSA;+
2024;MNST;F;FINANZIA;89C;RIA PERS. CESSATO MISURA INTERA (ART58 C4 P1 CCNL02-05);+
2024;CNEL;F;FINANZIA;91C;RATEO RIA CESS ANNO PREC. ACC. (ART 58 C 4 PP 2-3 CCNL02-05);+
2024;CNEL;F;FINANZIA;59E;RIS. DA TERZI INCARICHI AGG.VI (ART.51 C. 3 L. A CCNL 02-03);+
2024;SCLA;F;FINANZIA;75F;RIA PERS. CESS. (ART. 55 C. 3 L. A CCNL 02-05);+
2024;CPRE;F;FINANZIA;36F;QUOTA SOMME CONS. ELETTORALI  (ART. 20 C. 1 L. E DPR 316/01);+
2024;ERIC;F;FINANZIA;42C;RIA PERS CESS ANNO PREC MENS RES. (ART62 C4 P2-3 CCNL 02-05);+
2024;UNIV;F;FINANZIA;19A;INCR DOT ORG O RIORG STABILE SERVIZI (ART.62 C.7 CCNL 02-05);+
2024;REFR;F;FINANZIA;58A;RISP. ABOL. IND. TRASFERTA (ART. 55 C. 1 L. E CCRL 02-05);+
2024;REFR;F;FINANZIA;73A;ONNICOMPRENSIVITÀ (ART. 47, C. 1 L. H CCRL 02-05);+
2024;ERIC;U;UTILIZZO;612;DISAGIO PERICOLO DANNO - FONDO B;+
2024;EPNE;F;FINANZIA;63B;RIS. DA TERZI PER INCAR. AGG.VI (ART 59 C 3 L. A CCNL02-05);+
2024;ENAC;F;FINANZIA;10F;RIA CESS ANNO PREC MENS RES(ART.14C.3 L.F P2-3 CCNL02-05SUC);+
2024;ERIC;U;UTILIZZO;597;INDENNITÀ RESPONSABILITÀ PROFESSIONALE;+
2024;ERIC;U;UTILIZZO;598;INDENNITÀ SPECIFICHE DISPOSIZIONI NORMATIVE;+
2024;EPNE;F;FINANZIA;15H;NUOVI SERVIZI / RIORGANIZZAZIONE (ART. 52 C. 7 CCNL 02-05);+
2024;AGFI;F;FINANZIA;15H;NUOVI SERVIZI / RIORGANIZZAZIONE (ART. 52 C. 7 CCNL 02-05);+
2024;AGID;F;FINANZIA;51H;ART 43 L 449/1997 - RISPARMI DI GESTIONE;+
2024;SCLA;F;FINANZIA;51H;ART 43 L 449/1997 - RISPARMI DI GESTIONE;+
2024;ENAC;F;FINANZIA;75H;RATEO RIS. PASSAGGI ECON. CESS. (ART.82 C.3 L. I CCNL 02-05);+
2024;MNST;F;FINANZIA;07H;ART 4 C 1 CCNL 08-09 - INCREMENTI;+
2024;SCLA;U;UTILIZZO;405;ART 88 C 2 L A) CCNL 06-09 - DOC PART. IMP. PROF.LE AULA;+
2024;ERIC;F;FINANZIA;59G;(SOLO ASI) INCREMENTI CCNL 08-09 (ARTT. 4, 5 C. 2);+
2024;ERIC;F;FINANZIA;76G;FONDO 2004 CERT ORG CONTR./PARTE FISSA (ART1 C189 L266/05);+
2024;UNIV;F;FINANZIA;76G;FONDO 2004 CERT ORG CONTR./PARTE FISSA (ART1 C189 L266/05);+
2024;MNST;F;FINANZIA;11H;INCREMENTI CCNL 04-05 (ART. 7 C. 1 ALINEA 2 E 3);+
2024;EPNE;F;FINANZIA;12H;INCREMENTI CCNL 06-09 (ART. 21 C. 1);+
2024;ERIC;F;FINANZIA;52G;(SOLO ASI) INCREMENTI CCNL 04-05 (ART. 9 C. 1);+
2024;EPNE;F;FINANZIA;01H;INCREMENTI CCNL 06-09 (ART. 39 C. 1);+
2024;EPNE;F;FINANZIA;10H;RIA PERS. CESSATO RATEO ANNO PREC(ART 52 C.4 P.2 CCNL 02-05);+
2024;ERIC;F;FINANZIA;23H;(EVENT.) RIS. NON UTILIZ. ART64 CCNL98-01(ART8 C3 CCNL00-01);+
2024;ERIC;F;FINANZIA;25H;(EVENT.) RIS. NON UTILIZZ. ART 9 CCNL 04-05 (ART9 C.3 L.B);+
2024;CNEL;F;FINANZIA;50H;ART 43 L 449/1997 - ENTR. CONTO TERZI O UTENZA O SPONSOR.;+
2024;ERIC;F;FINANZIA;50H;ART 43 L 449/1997 - ENTR. CONTO TERZI O UTENZA O SPONSOR.;+
2024;UCAM;F;FINANZIA;50H;ART 43 L 449/1997 - ENTR. CONTO TERZI O UTENZA O SPONSOR.;+
2024;ERIC;F;FINANZIA;57H;(SOLO ASI) RISPARMI IND VALOR PROF.LE (ART 5 C 2 CCNL 06-09);+
2024;EPNE;U;UTILIZZO;09A;PRODUTTIVITÀ / PERFORMANCE COLLETTIVA;+
2024;ERIC;F;FINANZIA;28C;INCR. STAB. DOT. ORG. E REL. COP.RA (ART. 55 C.7 CCNL 02-05);+
2024;ENAC;F;FINANZIA;29C;RIS DA TERZI PER INCARICHI AGG.VI (ART 55 C3 L. A CCNL02-05);+
2024;ERIC;F;FINANZIA;50C;RIORDINO, NUOVI SERV. O RIORG. STAB (ART. 9 C. 3 CCNL 00-01);+
2024;SCLA;U;UTILIZZO;935;ART 88 C 2 L K) CCNL 06-09 - ATA COMP. ALTRE ATTIVITÀ POF;+
2024;CDIP;F;FINANZIA;27I;ART 1 C 456 L 147/2013 - DECURTAZIONE PERMANENTE;-
2024;RESI;F;FINANZIA;27I;ART 1 C 456 L 147/2013 - DECURTAZIONE PERMANENTE;-
2024;EPNE;U;UTILIZZO;99H;PRODUTTIVITÀ / PERFORMANCE INDIVIDUALE - STAB;+
2024;PCMD;U;UTILIZZO;61A;SVIL EC PO FLESS ART83 C4 P2 CCNL 02-05-VALORE ANNO CORRENTE;+
2024;AGFI;F;FINANZIA;96H;ART 16 CC 4-5-6 DL 98/11 - RISP. PIANI RAZIONALIZZAZIONE;+
2024;MNST;F;FINANZIA;96H;ART 16 CC 4-5-6 DL 98/11 - RISP. PIANI RAZIONALIZZAZIONE;+
2024;AGID;U;UTILIZZO;02I;RETRIBUZIONE DI RISULTATO (ONNICOMPRENSIVITÀ);+
2024;ENAC;U;UTILIZZO;02I;RETRIBUZIONE DI RISULTATO (ONNICOMPRENSIVITÀ);+
2024;PCMD;U;UTILIZZO;02I;RETRIBUZIONE DI RISULTATO (ONNICOMPRENSIVITÀ);+
2024;ENAC;F;FINANZIA;02Z;ART 73 C 1 CCNL 16-18 - RIDET PER INCREM STIP CCNL;+
2024;RALN;U;UTILIZZO;00R;COMPENSI AI MESSI NOTIFICATORI;+
2024;REFR;F;FINANZIA;00P;ART 23 C 2 DLGS 75/2017 - DEC. FONDO RISPETTO LIMITE 2016;-
2024;AGID;F;FINANZIA;00P;ART 23 C 2 DLGS 75/2017 - DEC. FONDO RISPETTO LIMITE 2016;-
2024;AGFI;F;FINANZIA;00P;ART 23 C 2 DLGS 75/2017 - DEC. FONDO RISPETTO LIMITE 2016;-
2024;RESA;U;UTILIZZO;22I;INCENTIVI FUNZIONI TECNICHE;+
2024;ENAC;F;FINANZIA;01P;ALTRE DECURTAZIONI NON COMPRESE FRA LE PRECEDENTI;-
2024;CDIP;F;FINANZIA;01P;ALTRE DECURTAZIONI NON COMPRESE FRA LE PRECEDENTI;-
2024;PCMD;F;FINANZIA;01P;ALTRE DECURTAZIONI NON COMPRESE FRA LE PRECEDENTI;-
2024;PCMD;F;FINANZIA;02P;ART 1 C 189 L 266/05 - DEC. FONDO RISPETTO LIMITE 2004-10%;-
2024;RALN;F;FINANZIA;00J;ART 67 C 2 L F CCNL 16-18 - RID. STAB. ORG. DIR. REGIONI;+
2024;RALN;F;FINANZIA;00K;ART 67 C 2 L G CCNL 16-18 - INCREM. RIDUZ. STAB. STRAORD.;+
2024;RALN;F;FINANZIA;00S;ART 70-TER CCNL 16-18 - CONTR ISTAT E ENTI PUBBL AUTORIZZ;+
2024;AGFI;F;FINANZIA;01S;ART 40 C 3-Q DLGS 165/2001 - DEC. ANNO PER PIANI DI RECUP.;-
2024;MNST;F;FINANZIA;01S;ART 40 C 3-Q DLGS 165/2001 - DEC. ANNO PER PIANI DI RECUP.;-
2024;RALN;U;UTILIZZO;00E;INCREMENTO INDENNITÀ PERSONALE ASILI NIDO;+
2024;CNEL;F;FINANZIA;05L;ART 76 C 2 CCNL 16-18 - UNICO IMPORTO CONSOLIDATO 2017;+
2024;ENAC;F;FINANZIA;05L;ART 76 C 2 CCNL 16-18 - UNICO IMPORTO CONSOLIDATO 2017;+
2024;MNST;F;FINANZIA;05L;ART 76 C 2 CCNL 16-18 - UNICO IMPORTO CONSOLIDATO 2017;+
2024;CNEL;F;FINANZIA;05O;ART 76 C 3 L C) CCNL 16-18 - IND AMM/ENTE PERS CESS NON RIUT;+
2024;AGFI;U;UTILIZZO;02M;PERFORMANCE INDIVIDUALE;+
2024;AGFI;U;UTILIZZO;02R;INCENTIVI ALLA MOBILITÀ TERRITORIALE;+
2024;MNST;U;UTILIZZO;02R;INCENTIVI ALLA MOBILITÀ TERRITORIALE;+
2024;AGFI;U;UTILIZZO;02S;WELFARE INTEGRATIVO A CARICO DEL FONDO;+
2024;CDIP;F;FINANZIA;09K;INCREMENTI ACCORDO 16-18 (ART. 19 C. 2 DPR 85/18);+
2024;CNEL;F;FINANZIA;11V;ART 48 C 1 CCNL 16-18 - INCREMENTI;+
2024;AGFI;F;FINANZIA;11V;ART 48 C 1 CCNL 16-18 - INCREMENTI;+
2024;RALN;F;FINANZIA;20N;ART 57 C 2 L C CCNL 16-18 - RIA CESS ANN PREC MISURA INTERA;+
2024;RALN;F;FINANZIA;18O;ART 208 CC 4 L C E 5 DLGS 285/92 - PROV.TI VIOLAZ COD STRADA;+
2024;CNEL;F;FINANZIA;11W;SPEC. DISP. DI LEGGE O REG.TI (ART. 48 C. 3 P. 2 CCNL 16-18);+
2024;CNEL;F;FINANZIA;11X;INCREMENTI CCNL 16-18 (ART. 51 C. 1);+
2024;EPNE;F;FINANZIA;11Z;INCREMENTI CCNL 16-18 (ART. 97 C. 1);+
2024;SSNA;F;FINANZIA;12Y;ART 1 C 435-BIS L 205/2017 - INCR VALORIZZ SERVIZI;+
2024;SSNA;F;FINANZIA;13P;ART 95 C 4 L B CCNL 16-18 - ATT NUOVI SERV A PARITÀ DI PERS;+
2024;SSNA;F;FINANZIA;14L;ART 1 C 435 L 205/2017 - INC VALORIZZ SERVIZI;+
2024;UCAM;F;FINANZIA;22Q;ART 63 C 2 L C) CCNL 16-18 - EL PER CESSATI ANNO PREC;+
2024;UCAM;F;FINANZIA;22S;ART 63 C 2 L E) CCNL 16-18 - INCREM 94,78 EURO;+
2024;RALN;U;UTILIZZO;08B;COMPENSO SEGRETARIO PER INC AD INTERIM ART. 64 CCNL 19-21;+
2024;UNIV;F;FINANZIA;32N;ART 121 C 1 CCNL 19-21 - UNICO IMPORTO CONSOLIDATO 2017;+
2024;RESI;F;FINANZIA;33R;ART 100 C 3 L C CCRL 19-21 - IND. AMM. ANNO PREC MENS RESID;+
2024;RALN;F;FINANZIA;18J;RIS TRATT ACCESS SEGRET COM.LE E PROV.LE ANNO DI RILEVAZIONE;+
2024;SSNA;F;FINANZIA;19K;ART 91 C 3 L B CCNL 16-18 INCR RID STABILE DOT ORG;+
2024;RESI;F;FINANZIA;33L;ART 100 C 2 L D CCRL 19-21 - RIS RIASS ART 2C 3 DLGS165/01;+
2024;EPNE;F;FINANZIA;20T;ART 49 C 3 CCNL 19-21 - INCREM (IN % M.S. 2018, TAB D CCNL);+
2024;CNEL;F;FINANZIA;20V;ART 49 C 8 CCNL 19-21 - INCREM 0,22% M.S. 2018 DAL 1.1.2022;+
2024;UNIV;F;FINANZIA;05J;ART 88 C 4 CCNL 06-09 - DEC PER PROGR ECONOM EP;-
2024;UNIV;F;FINANZIA;05K;DIFFERENZIALI STIPENDIALI A CARICO BILANCIO - RISORSE EP;+
2024;UNIV;U;UTILIZZO;01R;PREMI CORRELATI ALLA PERFORMANCE ORGANIZZATIVA;+
2024;ENAC;F;FINANZIA;08O;ART 90 C 6 CCNL 16-18 - INCREMENTO DA 1.1.18;+
2024;SSNA;F;FINANZIA;19R;ART 91 C 10 CCNL 16-18 - DEC. A FAVORE FONDO POSIZIONE;-
2024;SSNA;F;FINANZIA;25N;ART 103 C 3 CCNL 19-21 -  INCR DOTAZ ORG (NUOVE ASSUNZ.);+
2024;SSNA;F;FINANZIA;25S;ART 103 C 4 CCNL 19-21 -  DEC IND ART 32 C 5 NON PIÙ CORR;-
2024;SSNA;U;UTILIZZO;07M;INCARICO DI FUNZIONE ORGANIZZATIVA;+
2024;SSNA;U;UTILIZZO;07Q;ASSEGNI AD PERSONAM ART 23 E 37 CCNL 19-21;+
2024;UCAM;F;FINANZIA;24P;ART. 45 DLGS 36/2023 - INCENTIVI ALLE FUNZIONI TECNICHE;+
2024;RESA;F;FINANZIA;29U;ART 102 C 1 L E) CCRL 98-01 - RIS SPEC. DISP. LEGGE;+
2024;UNIV;F;FINANZIA;31S;ART 121 C 1 L C CCNL 19-21 RIS PER STABILI INCR DI PERS EP;+
2024;UNIV;F;FINANZIA;31V;ART 121 C 2 L C CCNL 19-21 - ALTRE SPEC. DISP. DI LEGGE;+
2024;UNIV;F;FINANZIA;31Z;ART 121 C 2 L E CCNL 19-21 - FINANZ INC AGGVI CONTO AMM.NE;+
2024;PCMD;F;FINANZIA;22M;ART 24 CCNL 16-18 - RIS. COMPENSI LAV. STRAORDINARIO;+
2024;CPRE;F;FINANZIA;09L;INCREMENTI ACCORDO 16-18 (ART. 22 C. 1 DPR 66/18);+
2024;EPNE;F;FINANZIA;27Q;ART 54 C 2 CCNL 19-21 - 2,23% M.S. 2018;+
2024;ENAC;F;FINANZIA;27R;ART 67 C 1 CCNL 19-21 - 1,10% M.S. 2018;+
2024;CPRE;F;FINANZIA;16L;ART 11 C 1 L B DL 135/18 - INCR ACC ASS DEROGA FAC ASS.LI;+
2024;ERIC;F;FINANZIA;16L;ART 11 C 1 L B DL 135/18 - INCR ACC ASS DEROGA FAC ASS.LI;+
2024;SCLA;U;UTILIZZO;07X;ART 78 C 7 L H) CCNL 19-21- DOC INDEN ART 1 C 770 L 234/2021;+
2024;UNIV;F;FINANZIA;31J;ART 119 C 1 L E CCNL 19-21 DIFF STIP CESS O PROG VERT;+
2024;AFAM;F;FINANZIA;26Q;ART 108 C 1 CCNL 16-18 - INCREMENTI INDENNITÀ FISSE;+
2024;UNIV;F;FINANZIA;32J;ART 121 C 2 L F CCNL 19-21 - INCR PER ESIGENZE ORG E GEST;+
2024;ENAC;F;FINANZIA;32W;ART 36 C 2 CCNL 22-24 - 0,75 % M.S. 2021;+
2024;AGFI;F;FINANZIA;26X;ART. 1 C 93 L 302/2017 - DEC. FONDO PER ISTITUZIONE POER;-
2024;AGFI;F;FINANZIA;26Y;ART 1 C 498 L 205/17 - POTENZ AG ENTRATE;+
2024;CNEL;F;FINANZIA;17X;ART 70 CCNL 98-01 E S.M.I. - RISORSE STRAORD. ANNO CORR.;+
2024;SCLA;F;FINANZIA;09R;ART 40 C 1 L C) CCNL 16-18 - RIS FUNZIONI STRUM.LI AL POF;+
2024;AGID;U;UTILIZZO;20S;DIFFERENZIALI STIPENDIALI IN ESSERE NON DISPONIBILI ALLA CI;+
2024;ENAC;U;UTILIZZO;20S;DIFFERENZIALI STIPENDIALI IN ESSERE NON DISPONIBILI ALLA CI;+
2024;SSNA;F;FINANZIA;28J;ART 102 C 5 CCNL 19-21 - 145,53 EURO ART 1 C 612 L 234/2021;+
2024;PCMD;F;FINANZIA;21M;ART 73 C 2 L A) CCNL 16-18 - 27,11 EURO;+
2024;PCMD;F;FINANZIA;21V;ART 73 C 3 L G) CCNL 16-18 - RISPARMI STRAORDIN. ANNO PREC;+
2024;MNST;F;FINANZIA;08J;ART 76 C 3 L D) RISORSE RIASS EX ART 2 C 3 DLGS 165/2001;+
2024;SCLA;F;FINANZIA;09Y;ART 1 C 126 L 107/2015 - VALORIZ MERITO PERS DOCENTE;+
2024;EPNE;F;FINANZIA;16K;ART 30 CCNL 98-01 - RIS STRAORDINARIO ORD STANZIATE BILANCIO;+
2024;MNST;F;FINANZIA;16P;CCNL 16-18 ART 68 C 2 L C - RIA E ASS PERS CESS ANNO PREC.TE;+
2024;MNST;F;FINANZIA;16Q;CCNL 16-18 ART 68 C 3 L D  - RATEO RIA CESS ANNO PREC. ACC.;+
2024;EPNE;F;FINANZIA;00O;ALTRE RISORSE NON COMPRESE FRA LE PRECEDENTI;+
2024;ENAC;F;FINANZIA;00O;ALTRE RISORSE NON COMPRESE FRA LE PRECEDENTI;+
2024;UCAM;F;FINANZIA;00O;ALTRE RISORSE NON COMPRESE FRA LE PRECEDENTI;+
2024;REVA;U;UTILIZZO;06L;ART 059 TUDC - PREST STR ELETT.LE EV STRAORD CAL NATURALI;+
2024;SCLA;U;UTILIZZO;06U;ART 40 C 4 L H) - DOC VALORIZZAZIONE EX ART 1 C 593 L 205/17;+
2024;SCLA;U;UTILIZZO;06W;ART 40 C 4 L E) CCNL 16-18 - ATA PROGETTI AREE A RISCHIO;+
2024;ERIC;F;FINANZIA;22J;(SOLO ASI) ART 94 C 1 L A) CCNL 16-18 - INCREM IND. ENTE;+
2024;UCAM;F;FINANZIA;23K;ART 64BIS C 1 L C) CCNL 16-18 - 9.100 EURO PRO-CAPITE 2018;+
2024;RESI;F;FINANZIA;23U;ART. 68 C 4 CCRL 16-18 -  INCREM. DOT ORG E RELAT COPERT;+
2024;RESI;F;FINANZIA;24O;ART 1 DL 80/2021 - INCREM. ASS TD FINANZ DIRETTO PNRR;+
2024;CNEL;F;FINANZIA;24T;ART 1 C 604 L 234/2021 - INCREM 0,22% M.S. 2018 DAL 1.1.2022;+
2024;AGID;F;FINANZIA;24T;ART 1 C 604 L 234/2021 - INCREM 0,22% M.S. 2018 DAL 1.1.2022;+
2024;UNIV;F;FINANZIA;25V;ART 1 C 297 LETT B L 234/21 E S.M.I. - PROGETTI FINALIZZATI;+
2024;SCLA;F;FINANZIA;09S;ART 40 C 1 L D) CCNL 16-18 - RIS INCARICHI SPEC. PERS. ATA;+
2024;SSNA;F;FINANZIA;10R;ART 1 C 429 L 205/17 - PROGETTI VINCITORI BANDI PUBBLICI;+
2024;AGID;F;FINANZIA;27W;ART 61 C 2 CCNL 19-21 - INCREM 0,98% M.S. 2018 DAL 1.1.2021;+
2024;REFR;U;UTILIZZO;07U;ELEMENTO DI GARANZIA DISTACCO SINDACALE;+
2024;ENAC;F;FINANZIA;08S;ART 90 C 3 L A) CCNL 16-18 - 1% M.S. 2001 ENTRATE PROPRIE;+
2024;ENAC;U;UTILIZZO;03V;ART 90 C 2 L H) - CCNL 16-18 -QUOTA ANNUALE TFR CARICO FONDO;+
2024;REFR;F;FINANZIA;10N;ART 9 C 6 DL 90/2014 - COMP AVVOCATI SPESE COMPENSATE;+
2024;RESI;U;UTILIZZO;04K;INDENNITÀ CONDIZIONI DI LAVORO;+
2024;RESI;U;UTILIZZO;04P;INCENTIVI ALLA MOBILITÀ TERRITORIALE;+
2024;CNEL;F;FINANZIA;09M;ART 92 C 2 L A) CCNL 16-18 - NUOVI SERVIZI O RIORG VARIAB.;+
2024;SSNA;U;UTILIZZO;273;STRAORDINARIO;+
2024;SSNA;U;UTILIZZO;274;INDENNITÀ CONDIZIONI DI LAVORO;+
2024;EPNE;U;UTILIZZO;257;INDENNITÀ TURNO, RISCHIO, DISAGIO ECC.;+
2024;SSNA;F;FINANZIA;958;INCR. DOT. ORG. O NUOVI SERV. (ART53 -RISULTATO- CCNL 98-01);+
2024;SSNA;F;FINANZIA;968;RIA PERSONALE CESSATO (ART 50 C 2 L E, C 3 L D CCNL 98-01);+
2024;EPNE;U;UTILIZZO;998;ALTRI ISTITUTI NON COMPRESI FRA I PRECEDENTI;+
2024;CDIP;U;UTILIZZO;998;ALTRI ISTITUTI NON COMPRESI FRA I PRECEDENTI;+
2024;RALN;U;UTILIZZO;998;ALTRI ISTITUTI NON COMPRESI FRA I PRECEDENTI;+
2024;UNIV;U;UTILIZZO;998;ALTRI ISTITUTI NON COMPRESI FRA I PRECEDENTI;+
2024;AGID;U;UTILIZZO;448;RETRIBUZIONE DI POSIZIONE;+
2024;AGFI;U;UTILIZZO;448;RETRIBUZIONE DI POSIZIONE;+
2024;ENAC;F;FINANZIA;999;SOMME NON UTILIZZATE FONDO/I ANNO PRECEDENTE;+
2024;RALN;F;FINANZIA;999;SOMME NON UTILIZZATE FONDO/I ANNO PRECEDENTE;+
2024;AGFI;F;FINANZIA;999;SOMME NON UTILIZZATE FONDO/I ANNO PRECEDENTE;+
2024;CDIP;F;FINANZIA;39F;RIS. STORICHE DPR 114/01 (ART. 17 C. 1 LL. A,B,G,H,I);+
2024;CDIP;F;FINANZIA;40F;INCREMENTI ACCORDO 02-03 (ART. 4 C. 1 DPR 144/03);+
2024;CDIP;F;FINANZIA;43F;RIA PERS. CESS. RAPP. AD ANNO (ART. 16 CC. 3-4 DPR 114/01);+
2024;UNIV;F;FINANZIA;21A;SPECIFICHE DISP. DI LEGGE (ART. 62 C. 3 L. B CCNL 02-05);+
2024;ENAC;U;UTILIZZO;782;INDENNITÀ PROFESSIONALE;+
2024;ENAC;F;FINANZIA;73C;INCREMENTI CCNL 08-09 (ART. 4 C. 1);+
2024;CNEL;F;FINANZIA;77C;RIA CESS. ANNO PREC. ACC. (ART. 51 C. 4 PP. 2-3 CCNL 02-05);+
2024;PCMD;F;FINANZIA;77C;RIA CESS. ANNO PREC. ACC. (ART. 51 C. 4 PP. 2-3 CCNL 02-05);+
2024;MNST;F;FINANZIA;87C;MIN. SALUTE INCREMENTI CCNL 06-09 (ART. 28 CC. 3-4);+
2024;SSNA;F;FINANZIA;989;ALTRE RISORSE FONDO RISULTATO / PARTE FISSA;+
2024;PCMD;F;FINANZIA;89C;RIA PERS. CESSATO MISURA INTERA (ART58 C4 P1 CCNL02-05);+
2024;MNST;F;FINANZIA;94C;RIS. DA TERZI INCARICHI AGG.VI (ART.58 C. 3 L. D CCNL 02-05);+
2024;AGID;F;FINANZIA;59E;RIS. DA TERZI INCARICHI AGG.VI (ART.51 C. 3 L. A CCNL 02-03);+
2024;EPNE;F;FINANZIA;04C;NUOVI SERVIZI/RIORG/INCR DOT ORG (ART. 1 C. 2 CCNL 8.1.03);+
2024;CPRE;F;FINANZIA;35F;SPEC. DISP. DI LEGGE O REG.TI (ART. 20 C. 1 L. D DPR 316/01);+
2024;AFAM;U;UTILIZZO;837;QUOTE CONTRATTATE PERSONALE DOCENTE;+
2024;REFR;U;UTILIZZO;449;RETRIBUZIONE DI RISULTATO;+
2024;RALN;U;UTILIZZO;449;RETRIBUZIONE DI RISULTATO;+
2024;CPRE;U;UTILIZZO;449;RETRIBUZIONE DI RISULTATO;+
2024;SSNA;U;UTILIZZO;449;RETRIBUZIONE DI RISULTATO;+
2024;REVA;U;UTILIZZO;449;RETRIBUZIONE DI RISULTATO;+
2024;ERIC;F;FINANZIA;36C;RIA PERS. CESSATO MISURA INTERA (ART.62 C. 4 P.1 CCNL 02-05);+
2024;ERIC;F;FINANZIA;40C;RIS DA TERZI PER INCARICHI AGG.VI  (ART62 C3 L. D CCNL02-05);+
2024;ERIC;F;FINANZIA;61C;RISP. ART. 2 C. 3 DLGS 165/01 (ART. 4 C. 1 L. F CCNL 00-01);+
2024;ERIC;F;FINANZIA;63C;ART 5 CC 4-5 CCNL 00-01 - DEC FONDO PROG ART 53 CCNL 98-01;-
2024;ERIC;F;FINANZIA;67C;EMERGENZA O STRAORD. NECESSITÀ (ART. 4 C. 4 CCNL 00-01);+
2024;ERIC;U;UTILIZZO;611;LAVORO STRAORDINARIO - FONDO A;+
2024;ERIC;F;FINANZIA;24H;(EVENT.) RIS. NON UTILIZZ. ART 15 CCNL 02-05 (C. 8 L. B);+
2024;AGFI;F;FINANZIA;57B;NUOVI SERVIZI / RIORGANIZZAZIONE (ART. 59 C. 9 CCNL 02-05);+
2024;EPNE;F;FINANZIA;85B;RISORSE ART. 18 L. 88/89 (ART. 31 C. 1 L. H CCNL 98-01);+
2024;PCMD;F;FINANZIA;37E;DECURTAZIONE PER PROGR. ORIZZ. (ART. 83 C. 4 CCNL 02-05);-
2024;ENAC;F;FINANZIA;08F;SPEC. DISP. NORMATIVE (ART. 14 C. 3 L. D CCNL 02-05SUC);+
2024;CDIP;F;FINANZIA;42F;INCREMENTI ACCORDO 06-07 (ART. 6 CC. 1,4 DPR 94/08);+
2024;CDIP;F;FINANZIA;45F;SPEC. DISP. DI LEGGE O REG.TI (ART. 17 C. 1 L. E DPR 114/01);+
2024;ERIC;U;UTILIZZO;596;INDENNITÀ DIREZIONE STRUTTURA;+
2024;SCLA;U;UTILIZZO;406;ART 88 C 2 L B) CCNL 06-09 - DOC ATT. AGG.VE INSEGNAMENTO;+
2024;SCLA;U;UTILIZZO;923;ART 88 C 2 L L) CCNL 06-09 - DOC PART. IMPEGNI VALUTAZIONE;+
2024;SCLA;U;UTILIZZO;931;ART 6 C 2 L L) CCNL 06-09 - DOC PROG. NAZ.LI E COMUNITARI;+
2024;ENAC;F;FINANZIA;51H;ART 43 L 449/1997 - RISPARMI DI GESTIONE;+
2024;UNIV;F;FINANZIA;51H;ART 43 L 449/1997 - RISPARMI DI GESTIONE;+
2024;ENAC;F;FINANZIA;86G;INCREMENTI CCNL 08-09 (ART. 7 C. 1);+
2024;UNIV;F;FINANZIA;87G;RIA PERS CESS. ANNO PREC MENS RES.(ART.62 C.4 P2 CCNL 02-05);+
2024;AGID;F;FINANZIA;05H;ART 4 C 1 ALINEA 2 E 3 CCNL 04-05 - INCREMENTI;+
2024;PCMD;F;FINANZIA;05H;ART 4 C 1 ALINEA 2 E 3 CCNL 04-05 - INCREMENTI;+
2024;EPNE;F;FINANZIA;94G;RIA PERS. CESSATO RATEO ANNO CESS (ART14 CC2-3 CCNL 14.4.97);+
2024;CNEL;F;FINANZIA;11H;INCREMENTI CCNL 04-05 (ART. 7 C. 1 ALINEA 2 E 3);+
2024;EPNE;F;FINANZIA;09H;NUOVI SERVIZI/RIORG/INCR DOT ORG  (ART. 52 C. 7 CCNL02-05);+
2024;AGFI;F;FINANZIA;09H;NUOVI SERVIZI/RIORG/INCR DOT ORG  (ART. 52 C. 7 CCNL02-05);+
2024;AGFI;F;FINANZIA;10H;RIA PERS. CESSATO RATEO ANNO PREC(ART 52 C.4 P.2 CCNL 02-05);+
2024;ERIC;U;UTILIZZO;43A;INDENNITÀ DI ENTE (MENSILE) - FONDO C;+
2024;PCMD;F;FINANZIA;50H;ART 43 L 449/1997 - ENTR. CONTO TERZI O UTENZA O SPONSOR.;+
2024;UNIV;F;FINANZIA;50H;ART 43 L 449/1997 - ENTR. CONTO TERZI O UTENZA O SPONSOR.;+
2024;SSNA;F;FINANZIA;02I;INCR. CCNL 06-09 (ART. 26 C. 2, ALINEA 2 - NETTO ALINEA 1);+
2024;SCLA;U;UTILIZZO;913;ART 88 C 2 L D) CCNL 06-09 - DOC ATT. AGG FUNZ. INSEGNAM.TO;+
2024;ERIC;F;FINANZIA;45C;INCREMENTI CCNL 06-09 (ART. 15 C. 1);+
2024;ERIC;F;FINANZIA;49C;RISP. ART. 2 C. 3 DLGS 165/01 (ART. 9 C. 2 L. C CCNL 00-01);+
2024;RESA;U;UTILIZZO;62A;PROGRESSIONI ORIZZONTALI A CARICO DEL BILANCIO - IMPIEGHI;+
2024;REFR;F;FINANZIA;27I;ART 1 C 456 L 147/2013 - DECURTAZIONE PERMANENTE;-
2024;CNEL;F;FINANZIA;27I;ART 1 C 456 L 147/2013 - DECURTAZIONE PERMANENTE;-
2024;AGFI;F;FINANZIA;27I;ART 1 C 456 L 147/2013 - DECURTAZIONE PERMANENTE;-
2024;EPNE;F;FINANZIA;90G;INCREMENTI CCNL 04-05 (ART. 14 C. 1 ALINEA 2 E 3);+
2024;PCMD;F;FINANZIA;48H;INCREMENTI CCNL 06-09 (ART. 25 C. 1);+
2024;CNEL;F;FINANZIA;96H;ART 16 CC 4-5-6 DL 98/11 - RISP. PIANI RAZIONALIZZAZIONE;+
2024;AGID;F;FINANZIA;96H;ART 16 CC 4-5-6 DL 98/11 - RISP. PIANI RAZIONALIZZAZIONE;+
2024;AFAM;F;FINANZIA;96H;ART 16 CC 4-5-6 DL 98/11 - RISP. PIANI RAZIONALIZZAZIONE;+
2024;SCLA;F;FINANZIA;96H;ART 16 CC 4-5-6 DL 98/11 - RISP. PIANI RAZIONALIZZAZIONE;+
2024;UNIV;F;FINANZIA;96H;ART 16 CC 4-5-6 DL 98/11 - RISP. PIANI RAZIONALIZZAZIONE;+
2024;UCAM;U;UTILIZZO;97H;PROGRESSIONI ORIZZONTALI FONDO ANNO DI RIF.TO;+
2024;RALN;U;UTILIZZO;02I;RETRIBUZIONE DI RISULTATO (ONNICOMPRENSIVITÀ);+
2024;MNST;U;UTILIZZO;02I;RETRIBUZIONE DI RISULTATO (ONNICOMPRENSIVITÀ);+
2024;UNIV;U;UTILIZZO;02I;RETRIBUZIONE DI RISULTATO (ONNICOMPRENSIVITÀ);+
2024;EPNE;F;FINANZIA;00H;DEC FONDO/PARTE FISSA RID PROP PERS (ART.1 C236 L.208/15);-
2024;RALN;U;UTILIZZO;00M;POLIZIA LOCALE - INCENTIVI PROV VIOLAZIONE CODICE STRADA;+
2024;CNEL;U;UTILIZZO;00Q;ALTRE SPECIFICHE DISPOSIZIONI DI LEGGE;+
2024;MNST;U;UTILIZZO;00Q;ALTRE SPECIFICHE DISPOSIZIONI DI LEGGE;+
2024;RALN;U;UTILIZZO;00S;COMPENSI AL PERSONALE CASE DA GIOCO;+
2024;ERIC;F;FINANZIA;00P;ART 23 C 2 DLGS 75/2017 - DEC. FONDO RISPETTO LIMITE 2016;-
2024;CPRE;F;FINANZIA;00P;ART 23 C 2 DLGS 75/2017 - DEC. FONDO RISPETTO LIMITE 2016;-
2024;MNST;F;FINANZIA;00P;ART 23 C 2 DLGS 75/2017 - DEC. FONDO RISPETTO LIMITE 2016;-
2024;RALN;F;FINANZIA;01P;ALTRE DECURTAZIONI NON COMPRESE FRA LE PRECEDENTI;-
2024;CNEL;F;FINANZIA;01P;ALTRE DECURTAZIONI NON COMPRESE FRA LE PRECEDENTI;-
2024;RESA;F;FINANZIA;33I;ART 102TER C 1, L A) CCRL 98-01 - RIA CESS ANNO PREC;+
2024;EPNE;F;FINANZIA;01S;ART 40 C 3-Q DLGS 165/2001 - DEC. ANNO PER PIANI DI RECUP.;-
2024;ENAC;F;FINANZIA;01S;ART 40 C 3-Q DLGS 165/2001 - DEC. ANNO PER PIANI DI RECUP.;-
2024;CNEL;F;FINANZIA;01S;ART 40 C 3-Q DLGS 165/2001 - DEC. ANNO PER PIANI DI RECUP.;-
2024;AGID;F;FINANZIA;01S;ART 40 C 3-Q DLGS 165/2001 - DEC. ANNO PER PIANI DI RECUP.;-
2024;PCMD;F;FINANZIA;01S;ART 40 C 3-Q DLGS 165/2001 - DEC. ANNO PER PIANI DI RECUP.;-
2024;RALN;U;UTILIZZO;00G;PREMI CORRELATI ALLA PERFORMANCE ORGANIZZATIVA;+
2024;CNEL;F;FINANZIA;05M;ART 76 C 3 L A) CCNL 16-18 - INCREMENTO DA 1.1.18;+
2024;CNEL;F;FINANZIA;05S;ART 76 C 4 L D) CCNL 16-18 - RIA IND AMM/ENTE CES MENS RESID;+
2024;ENAC;U;UTILIZZO;02M;PERFORMANCE INDIVIDUALE;+
2024;AGID;U;UTILIZZO;02N;INDENNITÀ CONDIZIONI DI LAVORO;+
2024;AGFI;U;UTILIZZO;02N;INDENNITÀ CONDIZIONI DI LAVORO;+
2024;MNST;U;UTILIZZO;02N;INDENNITÀ CONDIZIONI DI LAVORO;+
2024;RESI;U;UTILIZZO;02P;PROGRESSIONI ECONOMICHE ANNO DI RIFER.TO;+
2024;CNEL;U;UTILIZZO;02Q;INDENNITÀ POSIZIONI ORGANIZZATIVE;+
2024;EPNE;U;UTILIZZO;02Q;INDENNITÀ POSIZIONI ORGANIZZATIVE;+
2024;RALN;U;UTILIZZO;02S;WELFARE INTEGRATIVO A CARICO DEL FONDO;+
2024;ENAC;U;UTILIZZO;02S;WELFARE INTEGRATIVO A CARICO DEL FONDO;+
2024;RESI;F;FINANZIA;19W;ART 87 C 1 CCRL 16-18 - DEC. FONDO PEREQ IND AMM 31.12.2018;-
2024;REVA;F;FINANZIA;29O;ART 062 C 1 L G TU 5-10-11 - RIS DISP RETRIB RISULTATO 25%;+
2024;ERIC;F;FINANZIA;12M;INCREMENTI CCNL 16-18 2,14% M.S. 2015 (ART. 37 C. 1);+
2024;RALN;F;FINANZIA;18N;ART 57 C 2 L E CCNL 16-18 - RIS ADEG FONDO SCELTE ORG E GEST;+
2024;AGID;F;FINANZIA;11X;INCREMENTI CCNL 16-18 (ART. 51 C. 1);+
2024;MNST;F;FINANZIA;11Y;SPEC. DISP. DI LEGGE O REG.TI (ART. 51 C. 3 P. 2 CCNL 16-18);+
2024;EPNE;F;FINANZIA;12J;INCREMENTI CCNL 16-18 (ART. 89 C. 1);+
2024;SSNA;F;FINANZIA;12X;ART 94 C 4 L A CCNL 16-18 - ATT NUOVI SERV A PARITÀ DI PERS;+
2024;SSNA;F;FINANZIA;13J;ART 95 C 2 CCNL 16-18 - UNICO IMPORTO CONSOLIDATO 2019;+
2024;SSNA;F;FINANZIA;14J;ART 96 C 3 L C CCNL 16-18 - INCR DOTAZ ORG (MOD RAMI AZ.LI);+
2024;AGID;F;FINANZIA;27X;ART 29 C 2 CCNL 19-21 - 2,40% M.S. 2018;+
2024;REFR;F;FINANZIA;28O;ART 45 C 9 CCRL 19-21 - RIS PER INCR STABILE DOT. ORGANICA;+
2024;RESI;F;FINANZIA;33J;ART 100 C 2 L B CCRL 19-21 - RIA PERS. CESSATO;+
2024;RESI;F;FINANZIA;33K;ART 100 C 2 L C CCRL 19-21 - INDEN. AMM. CESSATO NON UTILIZ.;+
2024;SSNA;F;FINANZIA;18Z;ART 91 C 2 CCNL 16-18 - UNICO IMPORTO CONSOLIDATO 2020;+
2024;MNST;F;FINANZIA;05V;ART 1 C 193 L 266/05 - DEC. PER PROGR EC ORIZZ ANNO RIFER.TO;-
2024;RESI;U;UTILIZZO;04L;INDENNITÀ PARTICOLARI RESPONSABILITÀ E SPEC. DISP. NORM.;+
2024;UNIV;U;UTILIZZO;01Y;COMPENSI PREVISTI DA ALTRE SPECIFICHE DISPOSIZIONI DI LEGGE;+
2024;MNST;F;FINANZIA;16S;CCNL 16-18 ART. 68 C. 1 - DEC. FONDO DIRIGENTI SANITARI;-
2024;PCMD;F;FINANZIA;21O;ART 73 C 2 L C) CCNL 16-18 - IND PRESID PERS CESS NON RIUT;+
2024;RESA;F;FINANZIA;17V;ART 87 CCRL 98-01 - RISORSE MAGGIORAZIONI RETRIBUTIVE;+
2024;SSNA;U;UTILIZZO;07R;INDENNITÀ DI QUALIFICAZIONE PROFESSIONALE;+
2024;RESA;F;FINANZIA;24P;ART. 45 DLGS 36/2023 - INCENTIVI ALLE FUNZIONI TECNICHE;+
2024;REFR;F;FINANZIA;24P;ART. 45 DLGS 36/2023 - INCENTIVI ALLE FUNZIONI TECNICHE;+
2024;AGFI;F;FINANZIA;24P;ART. 45 DLGS 36/2023 - INCENTIVI ALLE FUNZIONI TECNICHE;+
2024;RESI;F;FINANZIA;24P;ART. 45 DLGS 36/2023 - INCENTIVI ALLE FUNZIONI TECNICHE;+
2024;RESA;F;FINANZIA;29T;ART 102 C 1 L D) CCRL 98-01 - RIS TRASF FUNZIONI E PERSONALE;+
2024;RESA;F;FINANZIA;29V;ART 102 C 2 L A) CCRL 98-01 - RIS DA CONTR. COLLETTIVA;+
2024;RESA;F;FINANZIA;30M;ART 102TER C 1 L C-BIS CCRL 98-01-ASS AD PERS CESS ANNO PREC;+
2024;UNIV;F;FINANZIA;30Z;ART 119 C 1 L D CCNL 19-21 RIS PER STABILI INCR DI PERSONALE;+
2024;UNIV;F;FINANZIA;31R;ART 121 C 1 L A CCNL 19-21 RIA PERS EP CESSATO MIS INTERA;+
2024;AFAM;U;UTILIZZO;08R;QUOTE VINCOLATE/STORICHE OPERATORI, ASSISTENTI E FUNZIONARI;+
2024;SSNA;F;FINANZIA;19T;ART 94 C 3 L D CCNL 16-18 - DEC. DOT ORG (MOD RAMI AZ.LI);-
2024;PCMD;U;UTILIZZO;07K;SPECIFICI COMP ECONOMICI ART. 73 C. 3 L C) CCNL 16-18;+
2024;RALN;F;FINANZIA;16L;ART 11 C 1 L B DL 135/18 - INCR ACC ASS DEROGA FAC ASS.LI;+
2024;AGFI;F;FINANZIA;16L;ART 11 C 1 L B DL 135/18 - INCR ACC ASS DEROGA FAC ASS.LI;+
2024;PCMD;F;FINANZIA;23Z;INCREMENTI CCNL 16-18 (ART. 38 C. 1);+
2024;SCLA;F;FINANZIA;30N;ART 1 C 770 L 234/2021 - RIS PLESSI PICCOLE ISOLE;+
2024;ERIC;F;FINANZIA;08P;(SOLO RICERCA) ART 90 C 2 L C) CCNL 16-18 - 0,2% MS 2003;+
2024;ERIC;F;FINANZIA;32P;ART 26 C 2 CCNL 19-21 - 2,41% M.S. 2018;+
2024;AGFI;F;FINANZIA;26V;ART 29 C 2 CCNL 19-21 - 2,71% M.S. 2018;+
2024;RESA;U;UTILIZZO;03X;ART. 12 CCRL 16-18 - WELFARE INT.VO CARICO FONDO;+
2024;SCLA;F;FINANZIA;09T;ART 40 C 1 L E) CCNL 16-18 - RIS PROGETTI AREE A RISCHIO;+
2024;EPNE;U;UTILIZZO;20S;DIFFERENZIALI STIPENDIALI IN ESSERE NON DISPONIBILI ALLA CI;+
2024;RALN;U;UTILIZZO;20S;DIFFERENZIALI STIPENDIALI IN ESSERE NON DISPONIBILI ALLA CI;+
2024;PCMD;F;FINANZIA;21K;RISORSE RIASS EX ART 2 C 3 DLGS 165/2001;+
2024;PCMD;F;FINANZIA;21Q;ART 73 C 2 L F) CCNL 16-18 - INCR. RID. STAB. STRAORDINARIO;+
2024;REFR;F;FINANZIA;00O;ALTRE RISORSE NON COMPRESE FRA LE PRECEDENTI;+
2024;RALN;F;FINANZIA;00O;ALTRE RISORSE NON COMPRESE FRA LE PRECEDENTI;+
2024;CDIP;F;FINANZIA;00O;ALTRE RISORSE NON COMPRESE FRA LE PRECEDENTI;+
2024;PCMD;F;FINANZIA;00O;ALTRE RISORSE NON COMPRESE FRA LE PRECEDENTI;+
2024;RESI;F;FINANZIA;00O;ALTRE RISORSE NON COMPRESE FRA LE PRECEDENTI;+
2024;RESA;F;FINANZIA;17Q;ART. 41 C 2 CCRL 06-09 - COMPENSI INCARICHI AMM.NE;+
2024;RESA;U;UTILIZZO;06X;ART.  85 C. 3 CCRL 98-01 - INDENNITÀ;+
2024;ERIC;F;FINANZIA;09J;(SOLO ASI) INCREMENTI CCNL 16-18 - ART. 94, C. 1, L B);+
2024;RALN;F;FINANZIA;10L;ART 1 C 1091 L 145/2018 - REC. EV. IMU E TARI;+
2024;SSNA;F;FINANZIA;20X;ART 96 C 3 L C CCNL 16-18 - DEC. DOT ORG (MOD RAMI AZ.LI);-
2024;RESA;F;FINANZIA;24O;ART 1 DL 80/2021 - INCREM. ASS TD FINANZ DIRETTO PNRR;+
2024;ERIC;F;FINANZIA;24T;ART 1 C 604 L 234/2021 - INCREM 0,22% M.S. 2018 DAL 1.1.2022;+
2024;AFAM;F;FINANZIA;24T;ART 1 C 604 L 234/2021 - INCREM 0,22% M.S. 2018 DAL 1.1.2022;+
2024;RALN;F;FINANZIA;25Z;ART 79 C 2 L B CCNL 19-21 - INTEGRAZIONE 1,2% M.S. 1997;+
2024;REVA;F;FINANZIA;07N;ART 155 C 1 TUDC - ALIM FUA ENTI CONVENZIONI SEGRETERIA;+
2024;REVA;F;FINANZIA;07Q;ART 143 C 3 TUDC - ALIM DA FONDO PROGR ANNO PREC;+
2024;UCAM;F;FINANZIA;23L;ART 64BIS C 1 L D) CCNL 16-18 - GRATICHE ANN. 2018;+
2024;SSNA;F;FINANZIA;24M;ART 8 C 5 DL 13/2023 - INCENT. FUNZ. TECNICHE PROGETTI PNRR;+
2024;SSNA;F;FINANZIA;25J;ART 102 C 3 L B CCNL 19-21 - IND. ART. 32 C 5 NON PIÙ CORR.;+
2024;RALN;U;UTILIZZO;07T;ASS. AD PERS. RIASS. PROGR. FRA LE AREE;+
2024;SSNA;F;FINANZIA;26T;ART 75 C 4 CCNL 19-21 - INCREM. ART 1 C 604 L 234/2021;+
2024;UCAM;F;FINANZIA;29M;ART. 12 C 1 CCNL 19-21 - INCREM 258,86 EURO;+
2024;SSNA;U;UTILIZZO;04F;PERFORMANCE COLLETTIVA;+
2024;ENAC;F;FINANZIA;08V;ART 90 C 3 L D) CCNL 16-18 - RIS AGG.VE ART64C3 CCNL98-01;+
2024;ENAC;U;UTILIZZO;03W;ART. 90 C. 2 LETT. I) CCNL 16-18 - INDENNITÀ DI ENTE;+
2024;RALN;F;FINANZIA;10N;ART 9 C 6 DL 90/2014 - COMP AVVOCATI SPESE COMPENSATE;+
2024;SSNA;F;FINANZIA;10N;ART 9 C 6 DL 90/2014 - COMP AVVOCATI SPESE COMPENSATE;+
2024;SSNA;F;FINANZIA;10J;ART 94 C 2 CCNL 16-18 - UNICO IMPORTO CONSOLIDATO 2019;+
2024;SSNA;F;FINANZIA;12S;ART 94 C 3 L B CCNL 16-18 - RIA E ASS PERS CESS ANNO PREC.TE;+
2024;SSNA;U;UTILIZZO;04Y;TRATTAMENTI ECONOMICI SPECIFICHE DISPOSIZIONI DI LEGGE;+
2024;UNIV;F;FINANZIA;10V;INCREMENTI CCNL 16-18 (ART. 47, C. 2);+
2024;RALN;F;FINANZIA;15K;ART 33 DL 34/19 - NUOVE ASSUNZIONI BASE SOSTENIBILITÀ;+
2024;RALN;F;FINANZIA;15O;ART 39 CCNL 14.9.00 - RIS STRAORD ELETTORALE;+
2024;RALN;F;FINANZIA;15P;ART 39 CCNL 14.9.00 - RIS STRAORD EVENTI STR E CAL NATURALI;+
2024;AGFI;F;FINANZIA;70A;ART 2 C 3 DLGS 165/2001 - RISP. TRATT. EC. PRE-CCNL 94-97;+
2024;UNIV;F;FINANZIA;70A;ART 2 C 3 DLGS 165/2001 - RISP. TRATT. EC. PRE-CCNL 94-97;+
2024;REFR;F;FINANZIA;74A;NUOVI SERV. / RIORG. - STAB. (ART. 47, C. 3 CCRL 02-05);+
2024;SSNA;U;UTILIZZO;280;RETRIBUZIONE PER SPECIFICHE DISPOSIZIONI DI LEGGE;+
2024;SSNA;U;UTILIZZO;264;INDENNITÀ DI SPECIFICITÀ MEDICA;+
2024;SSNA;F;FINANZIA;950;RIA PERSONALE CESSATO (ART. 47 C. 4 CCNL 94-97);+
2024;SSNA;F;FINANZIA;955;A F.DO POSIZ DECURT PER RAZ.STAB.SERV.(ART51 C4 CCNL 98-01);-
2024;AGFI;U;UTILIZZO;998;ALTRI ISTITUTI NON COMPRESI FRA I PRECEDENTI;+
2024;SSNA;U;UTILIZZO;998;ALTRI ISTITUTI NON COMPRESI FRA I PRECEDENTI;+
2024;RESI;U;UTILIZZO;998;ALTRI ISTITUTI NON COMPRESI FRA I PRECEDENTI;+
2024;CDIP;U;UTILIZZO;448;RETRIBUZIONE DI POSIZIONE;+
2024;UNIV;U;UTILIZZO;448;RETRIBUZIONE DI POSIZIONE;+
2024;AGID;F;FINANZIA;999;SOMME NON UTILIZZATE FONDO/I ANNO PRECEDENTE;+
2024;ENAC;F;FINANZIA;93E;INCREMENTI CCNL 06-09 (ART. 30 C. 1);+
2024;SSNA;U;UTILIZZO;265;RETRIBUZIONE DI POSIZIONE UNIFICATA;+
2024;RESI;U;UTILIZZO;509;RETRIBUZIONE DI POSIZIONE - PARTE VARIABILE;+
2024;EPNE;F;FINANZIA;11C;NUOVI SERVIZI / RIORGANIZZAZIONE (ART. 1 C 2 CCNL 8.1.03);+
2024;ENAC;F;FINANZIA;00F;RIA CESS ANNO PREC MENS. RES(ART.82 C.3 L.F P2 CCNL 02-05);+
2024;ENAC;F;FINANZIA;03F;INCREMENTI CCNL 06-09 (ART. 19);+
2024;ENAC;U;UTILIZZO;794;INDENNITÀ;+
2024;MNST;F;FINANZIA;79C;NUOVI SERV / RIORG. EVENTI ECCEZ.(ART. 51 C. 7 CCNL 02-05);+
2024;CNEL;F;FINANZIA;89C;RIA PERS. CESSATO MISURA INTERA (ART58 C4 P1 CCNL02-05);+
2024;MNST;F;FINANZIA;90C;NUOVI SERV. O RIORG. - STAB (ART. 58 C. 7 CCNL 02-05);+
2024;PCMD;F;FINANZIA;91C;RATEO RIA CESS ANNO PREC. ACC. (ART 58 C 4 PP 2-3 CCNL02-05);+
2024;PCMD;F;FINANZIA;93C;MAGG. ENTR. O EC. GEST. (ART. 58 C. 3 L. C CCNL 02-05);+
2024;MNST;F;FINANZIA;93C;MAGG. ENTR. O EC. GEST. (ART. 58 C. 3 L. C CCNL 02-05);+
2024;EPNE;F;FINANZIA;95B;INCREMENTI CCNL 06-09 (ART. 36 C. 2);+
2024;AFAM;F;FINANZIA;78F;ART. 8 C 1 CCNL 04-05 - INCREMENTI FONDO ISTITUTO;+
2024;SCLA;F;FINANZIA;71F;INCREMENTI CCNL 02-05 (ART. 55 C. 2);+
2024;SCLA;F;FINANZIA;72F;INCREMENTI CCNL 04-05 (ART. 4 C. 2);+
2024;CPRE;F;FINANZIA;38F;RIA CESS. ANNO PREC. ACC. (ART. 19 CC. 3-4 DPR 316/01);+
2024;AGID;U;UTILIZZO;449;RETRIBUZIONE DI RISULTATO;+
2024;PCMD;U;UTILIZZO;449;RETRIBUZIONE DI RISULTATO;+
2024;ERIC;F;FINANZIA;38C;SPEC. DISP. LEGGE (ART. 62 C. 3 L. B CCNL 02-05);+
2024;ERIC;F;FINANZIA;41C;NUOVI SERV. O RIORG. - VAR. (ART. 62 C. 7 CCNL 02-05);+
2024;REFR;F;FINANZIA;78A;INTEGRAZIONE ANNUALE (ART. 47, C. 4 CCRL 02-05);+
2024;REFR;F;FINANZIA;82A;INTEGR. 1,2% (ART. 47, C. 2 CCRL 02-05);+
2024;ERIC;F;FINANZIA;65C;EVENT. RISPARMI ART 54 CCNL98-01 (ART. 4 C.1 L. H CCNL00-01);+
2024;ERIC;U;UTILIZZO;614;POSIZIONE - FONDO D;+
2024;ENAC;F;FINANZIA;11F;NUOVI SERV. O RIORG. - VAR. (ART. 14 C. 6 CCNL 02-05SUC);+
2024;ENAC;F;FINANZIA;04F;INCREMENTI CCNL 08-09 (ART. 6);+
2024;SSNA;F;FINANZIA;09A;IMPORTO CONSOLIDATO AL 31.12.07 (ART. 8 C. 1 CCNL 08-09);+
2024;PCMD;F;FINANZIA;26E;RIS. DIRIGENTI DI PRESTITO (ART. 58 C. 7 CCNL 02-05);+
2024;CPRE;F;FINANZIA;27F;RISORSE STORICHE DPR 316/01 (ART. 20 C 1 LL. A,H);+
2024;CPRE;F;FINANZIA;37F;QUOTA SOMME EV. CAL. E EMRG. (ART. 20 C. 1 L. F DPR 316/01);+
2024;SCLA;F;FINANZIA;42G;ART 6 C 2 L L) CCNL 06-09 - ASS. PROG. NAZ.LI E COMUNITARI;+
2024;CDIP;F;FINANZIA;51H;ART 43 L 449/1997 - RISPARMI DI GESTIONE;+
2024;CNEL;F;FINANZIA;76G;FONDO 2004 CERT ORG CONTR./PARTE FISSA (ART1 C189 L266/05);+
2024;AGID;F;FINANZIA;76G;FONDO 2004 CERT ORG CONTR./PARTE FISSA (ART1 C189 L266/05);+
2024;EPNE;F;FINANZIA;13H;RIA PERSONALE CESSATO BASE ANNUA (ART59  C.4 P.1 CCNL 02-05);+
2024;EPNE;F;FINANZIA;14H;RIA PERS. CESSATO RATEO ANNO CESS (ART59 C.4 P.2 CCNL 02-05);+
2024;REFR;F;FINANZIA;22H;INCREMENTI CCRL 06-09 (ART. 6);+
2024;CPRE;F;FINANZIA;58H;INCREMENTI ACCORDO 08-09 (ART. 4 C. 1 DPR 105/11);+
2024;AGFI;F;FINANZIA;50H;ART 43 L 449/1997 - ENTR. CONTO TERZI O UTENZA O SPONSOR.;+
2024;ERIC;U;UTILIZZO;54A;INDENNITÀ SPECIFICA RESPONSABILITÀ;+
2024;EPNE;F;FINANZIA;54A;DECURT. PER LIMITE ART1 C189 L266/05 - RIS VAR (2004-10%);-
2024;AGID;F;FINANZIA;27I;ART 1 C 456 L 147/2013 - DECURTAZIONE PERMANENTE;-
2024;CPRE;F;FINANZIA;27I;ART 1 C 456 L 147/2013 - DECURTAZIONE PERMANENTE;-
2024;UNIV;F;FINANZIA;27I;ART 1 C 456 L 147/2013 - DECURTAZIONE PERMANENTE;-
2024;EPNE;F;FINANZIA;96H;ART 16 CC 4-5-6 DL 98/11 - RISP. PIANI RAZIONALIZZAZIONE;+
2024;RALN;F;FINANZIA;96H;ART 16 CC 4-5-6 DL 98/11 - RISP. PIANI RAZIONALIZZAZIONE;+
2024;ERIC;F;FINANZIA;96H;ART 16 CC 4-5-6 DL 98/11 - RISP. PIANI RAZIONALIZZAZIONE;+
2024;EPNE;U;UTILIZZO;11I;RETRIBUZIONE RISULTATO ALTRI PROFESSIONISTI;+
2024;EPNE;U;UTILIZZO;01I;ALTRI ISTITUTI NON COMPRESI FRA I PRECEDENTI - STAB;+
2024;EPNE;F;FINANZIA;00G;DEC FONDO/PARTE FISSA LIMITE 2015 (ART.1 C.236 L.208/15);-
2024;RALN;F;FINANZIA;00Z;ART 67 C 2 L B CCNL 16-18 - RIDET. INCREM. STIP. CCNL 16-18;+
2024;CNEL;F;FINANZIA;02Z;ART 73 C 1 CCNL 16-18 - RIDET PER INCREM STIP CCNL;+
2024;EPNE;F;FINANZIA;02Z;ART 73 C 1 CCNL 16-18 - RIDET PER INCREM STIP CCNL;+
2024;AGFI;F;FINANZIA;02Z;ART 73 C 1 CCNL 16-18 - RIDET PER INCREM STIP CCNL;+
2024;RALN;U;UTILIZZO;00K;IND TURNO, REPERIB E LAV FEST (ART 24 C 1 CCNL 14.09.2000);+
2024;RALN;U;UTILIZZO;00P;COMPENSI ISTAT ENTI E ORGANISMI PUBBLICI AUTORIZZATI;+
2024;RALN;U;UTILIZZO;00Q;ALTRE SPECIFICHE DISPOSIZIONI DI LEGGE;+
2024;RESA;F;FINANZIA;00P;ART 23 C 2 DLGS 75/2017 - DEC. FONDO RISPETTO LIMITE 2016;-
2024;RESI;F;FINANZIA;00P;ART 23 C 2 DLGS 75/2017 - DEC. FONDO RISPETTO LIMITE 2016;-
2024;UCAM;F;FINANZIA;00P;ART 23 C 2 DLGS 75/2017 - DEC. FONDO RISPETTO LIMITE 2016;-
2024;SSNA;U;UTILIZZO;27I;LIQUID. SENTENZE FAVOREVOLI ALL'ENTE (ART.52 C.8 CCNL 98-01);+
2024;PCMD;U;UTILIZZO;01F;INDENNITÀ CONDIZIONI DI LAVORO;+
2024;ERIC;F;FINANZIA;01P;ALTRE DECURTAZIONI NON COMPRESE FRA LE PRECEDENTI;-
2024;EPNE;F;FINANZIA;02P;ART 1 C 189 L 266/05 - DEC. FONDO RISPETTO LIMITE 2004-10%;-
2024;CNEL;F;FINANZIA;02P;ART 1 C 189 L 266/05 - DEC. FONDO RISPETTO LIMITE 2004-10%;-
2024;RESA;U;UTILIZZO;28I;PROGRESSIONI PROFESSIONALI ANNO DI RIFERIMENTO;+
2024;RALN;F;FINANZIA;00B;ART 67 C 1 CCNL 16-18 - UNICO IMPORTO CONSOLIDATO 2017;+
2024;RALN;F;FINANZIA;00V;ART 56-TER CCNL 16-18 - RISORSE SERV AGG PL INIZ PRIVATA;+
2024;AFAM;F;FINANZIA;01S;ART 40 C 3-Q DLGS 165/2001 - DEC. ANNO PER PIANI DI RECUP.;-
2024;UCAM;F;FINANZIA;01S;ART 40 C 3-Q DLGS 165/2001 - DEC. ANNO PER PIANI DI RECUP.;-
2024;AGFI;F;FINANZIA;05L;ART 76 C 2 CCNL 16-18 - UNICO IMPORTO CONSOLIDATO 2017;+
2024;AGID;F;FINANZIA;05M;ART 76 C 3 L A) CCNL 16-18 - INCREMENTO DA 1.1.18;+
2024;ENAC;F;FINANZIA;05N;ART 76 C 3 L B) CCNL 16-18 - RIA PERS CESSATO MISURA INTERA;+
2024;EPNE;F;FINANZIA;05O;ART 76 C 3 L C) CCNL 16-18 - IND AMM/ENTE PERS CESS NON RIUT;+
2024;ENAC;F;FINANZIA;05O;ART 76 C 3 L C) CCNL 16-18 - IND AMM/ENTE PERS CESS NON RIUT;+
2024;CNEL;F;FINANZIA;05R;ART 76 C 4 L C) CCNL 16-18 - ALTRE SPEC. DISP. DI LEGGE;+
2024;AGID;F;FINANZIA;05R;ART 76 C 4 L C) CCNL 16-18 - ALTRE SPEC. DISP. DI LEGGE;+
2024;AGFI;F;FINANZIA;05R;ART 76 C 4 L C) CCNL 16-18 - ALTRE SPEC. DISP. DI LEGGE;+
2024;ENAC;F;FINANZIA;05S;ART 76 C 4 L D) CCNL 16-18 - RIA IND AMM/ENTE CES MENS RESID;+
2024;AGID;U;UTILIZZO;02L;PERFORMANCE ORGANIZZATIVA;+
2024;AGFI;U;UTILIZZO;02L;PERFORMANCE ORGANIZZATIVA;+
2024;ENAC;U;UTILIZZO;02L;PERFORMANCE ORGANIZZATIVA;+
2024;AGID;U;UTILIZZO;02M;PERFORMANCE INDIVIDUALE;+
2024;MNST;U;UTILIZZO;02M;PERFORMANCE INDIVIDUALE;+
2024;MNST;U;UTILIZZO;02Q;INDENNITÀ POSIZIONI ORGANIZZATIVE;+
2024;UCAM;F;FINANZIA;29N;ART. 12 C 2 CCNL 19-21 - INCREM WELFARE;+
2024;RALN;F;FINANZIA;18K;ART 57 C 2 L A CCNL 16-18 - UNICO IMPORTO 2020;+
2024;RALN;F;FINANZIA;18M;ART 57 C 2 L B CCNL 16-18 - ALTRE SPEC DISP LEGGE;+
2024;RALN;F;FINANZIA;18P;ART 57 C 2 L B E D CCNL 16-18 - ALTRE SPEC DISP LEGGE;+
2024;EPNE;F;FINANZIA;11W;SPEC. DISP. DI LEGGE O REG.TI (ART. 48 C. 3 P. 2 CCNL 16-18);+
2024;MNST;F;FINANZIA;11W;SPEC. DISP. DI LEGGE O REG.TI (ART. 48 C. 3 P. 2 CCNL 16-18);+
2024;SSNA;F;FINANZIA;13Y;ART 96 C 3 L A CCNL 16-18 - INCREM 325,00 EURO DA 31.12.2018;+
2024;UCAM;F;FINANZIA;23O;ART 64BIS C 1 L G) CCNL 16-18 - INCREM 94,78 EURO;+
2024;REFR;F;FINANZIA;28P;ART 45 CC 12 CCRL 19-21 - RIS STABILI PERS TRASFERITO (IN);+
2024;RALN;F;FINANZIA;30O;ART 39 C 1 CCNL 19-21 - INCR 2,01% M.S. 2018;+
2024;SSNA;F;FINANZIA;19O;ART 91 C 4 L B CCNL 16-18 - ATT NUOVI SERV A PARITÀ DI PERS;+
2024;SSNA;F;FINANZIA;19P;ART 91 C 4 L C CCNL 16-18 - 1% M.S. 1997 PROG CONC REGIONALI;+
2024;SSNA;F;FINANZIA;19Q;ART 91 C 4 L F CCNL 16-18 - ALTRE SPEC DISP LEGGE;+
2024;RESI;F;FINANZIA;33M;ART 100 C 2 L E CCRL 19-21 - ECONOMIE DA PART TIME (70%);+
2024;RESI;U;UTILIZZO;04Q;WELFARE INTEGRATIVO;+
2024;MNST;F;FINANZIA;20T;ART 49 C 3 CCNL 19-21 - INCREM (IN % M.S. 2018, TAB D CCNL);+
2024;ERIC;F;FINANZIA;21Z;INCREMENTI CCNL 19-21 - ART. 11, C. 2;+
2024;SSNA;F;FINANZIA;25T;ART 103 C 12 CCNL 19-21 - DEC MAX 30% FAVORE FONDO ART 102;-
2024;SSNA;U;UTILIZZO;70I;ART. 1 DL 80/2021 ACCESSORIO PERS TD FIN. DIRETTO PNRR;+
2024;ENAC;F;FINANZIA;24P;ART. 45 DLGS 36/2023 - INCENTIVI ALLE FUNZIONI TECNICHE;+
2024;ERIC;F;FINANZIA;24P;ART. 45 DLGS 36/2023 - INCENTIVI ALLE FUNZIONI TECNICHE;+
2024;SSNA;F;FINANZIA;24P;ART. 45 DLGS 36/2023 - INCENTIVI ALLE FUNZIONI TECNICHE;+
2024;UNIV;F;FINANZIA;24P;ART. 45 DLGS 36/2023 - INCENTIVI ALLE FUNZIONI TECNICHE;+
2024;REVA;U;UTILIZZO;07W;ART 154 C 1 L G) TUDC - IND LAVORI SOMMA URG E AMM DIRETTA;+
2024;SSNA;F;FINANZIA;30S;ART. 18 C 2 L A CCNL 19-21 - 22% MS 2021;+
2024;REFR;U;UTILIZZO;02W;INCENTIVI ALTRE SPEC. DISP. NORMATIVE;+
2024;SSNA;F;FINANZIA;18R;ART 90 C 2 CCNL 16-18 - UNICO IMPORTO CONSOLIDATO 2020;+
2024;MNST;F;FINANZIA;27V;ART 42 C 2 CCNL 19-21 - 1,44% M.S. 2018;+
2024;SSNA;U;UTILIZZO;08D;INDENNITÀ DI FUNZIONE COLLABORATORI ALLA RICERCA SANITARIA;+
2024;SSNA;U;UTILIZZO;05K;ATTIVITÀ DIDATTICA;+
2024;EPNE;F;FINANZIA;27L;ART 32 C 2 CCNL 19-21 - 2,57% M.S. 2018;+
2024;REFR;F;FINANZIA;28R;ART 45 C 12 CCRL 19-21 - RIS VAR PERS TRASFERITO (IN);+
2024;REFR;F;FINANZIA;28T;ART 45 C 8 L A) CCRL 19-21 - ALTRE SPEC DISP NORMATIVE;+
2024;ENAC;F;FINANZIA;32X;ART 36 C 1 CCNL 22-24 - 1,08% M.S. 2021;+
2024;SCLA;U;UTILIZZO;04U;RETRIBUZIONE DI RISULTATO (INCARICHI AGGIUNTIVI);+
2024;ENAC;F;FINANZIA;16L;ART 11 C 1 L B DL 135/18 - INCR ACC ASS DEROGA FAC ASS.LI;+
2024;AGID;F;FINANZIA;16L;ART 11 C 1 L B DL 135/18 - INCR ACC ASS DEROGA FAC ASS.LI;+
2024;RALN;F;FINANZIA;24K;INCREMENTO PER LATTUAZIONE DEI PROGETTI PNRR;+
2024;REVA;U;UTILIZZO;03K;ART 143 C 2 TUDC - VALORE POSIZ 4^ E 5^ PROGR (ANNO RIF.TO);+
2024;UNIV;F;FINANZIA;31M;ART 119 C 2 L D CCNL 19-21 - RIA CESS ANNO PREC RATEO;+
2024;UNIV;F;FINANZIA;31O;ART 119 C 2 L E CCNL 19-21 - RISP STRAORD CONS ANNO PREC;+
2024;UNIV;U;UTILIZZO;08L;ART 1 C 297 LETT B L 234/21 E S.M.I. - PROGETTI FINALIZZATI;+
2024;REFR;U;UTILIZZO;03D;ARTT 16 E 21 C 3 CCRL 98-01 - IND SPECIFICA E DI STAFF;+
2024;UNIV;U;UTILIZZO;08J;INDENNITÀ SPECIFICHE RESPONS AREA COLLABORATORI E OPERATORI;+
2024;REVA;F;FINANZIA;07L;ART 153 TUDC - ALIM FUA PROPORZ DIP 31.12 ANNO PREC;+
2024;REVA;F;FINANZIA;07O;ART 155 C 3 TUDC - ALIM FUA EC AGG.VE ART 4-5 L 111/2011;+
2024;REVA;F;FINANZIA;07P;ART 155 C 4 TUDC - ALIM FUA SPEC. DISP. DI LEGGE;+
2024;AGFI;F;FINANZIA;20S;ART 49 C 2 CCNL 19-21 - RIS DIFF STIP PRECED CARICO BILANCIO;+
2024;CNEL;F;FINANZIA;21K;RISORSE RIASS EX ART 2 C 3 DLGS 165/2001;+
2024;PCMD;F;FINANZIA;21N;ART 73 C 2 L B) CCNL 16-18 - RIA PERS CESSATO MISURA INTERA;+
2024;UCAM;F;FINANZIA;22T;ART 63 C 4 L A) CCNL 16-18 - INCREM. DOT ORG E RELAT COPERT;+
2024;REFR;U;UTILIZZO;02Y;ARTT 3-4-5-6 CCRL 16-18 - IND CONDIZIONI DI LAVORO DIVERSE;+
2024;MNST;F;FINANZIA;08K;ART 6 C 1 AL 2 CCNL 00-01 RISPARMI PEO PERSONALE CESSATO;+
2024;AGFI;F;FINANZIA;15Y;ART 1 C 4 DL 35/2005 - MAGGIORI ENTRATE UE;+
2024;CNEL;U;UTILIZZO;06B;PRESTAZIONI LAVORO STRAORDINARIO;+
2024;EPNE;U;UTILIZZO;06B;PRESTAZIONI LAVORO STRAORDINARIO;+
2024;MNST;U;UTILIZZO;06B;PRESTAZIONI LAVORO STRAORDINARIO;+
2024;CNEL;F;FINANZIA;00O;ALTRE RISORSE NON COMPRESE FRA LE PRECEDENTI;+
2024;UNIV;F;FINANZIA;00O;ALTRE RISORSE NON COMPRESE FRA LE PRECEDENTI;+
2024;REVA;F;FINANZIA;17J;ART 059 TUDC - STRAORD ELETT.LE EV STRAORD CAL NATURALI;+
2024;RESA;F;FINANZIA;17M;ART 8 C 2 CCRL 16-18 - RIA CESSATI DAL SERVIZIO;+
2024;RESA;F;FINANZIA;17N;ART 8 C 2 CCRL 16-18 - EC. CONTRATTO DI ASSICURAZIONE;+
2024;RESA;F;FINANZIA;17O;ART 8 C 2 CCRL 16-18 - EC. POSIZ. POSTI VACANTI O AD INTERIM;+
2024;UCAM;F;FINANZIA;23R;ART 63 C 3 L D) CCNL 16-18 - RISP STRAORD NON UTILIZ A CORR;-
2024;RESI;F;FINANZIA;23T;ART. 68 C 1 CCRL 16-18 -  UNICO IMPORTO CONSOLIDATO 2018;+
2024;RESI;F;FINANZIA;23V;ART. 68 C 9 CCRL 16-18 -  INCREM SPEC DISP LEGGE O REGOLAM;+
2024;ENAC;F;FINANZIA;24O;ART 1 DL 80/2021 - INCREM. ASS TD FINANZ DIRETTO PNRR;+
2024;UNIV;F;FINANZIA;24O;ART 1 DL 80/2021 - INCREM. ASS TD FINANZ DIRETTO PNRR;+
2024;RALN;F;FINANZIA;25X;ART 98 C 1 L C CCNL 19-21 - PROV VIOLAZ CODICE STRADA;+
2024;RALN;F;FINANZIA;26B;ART 79 C 2 L C CCNL 19-21 - SCELTE ORG. GEST., RETRIB. ECC.;+
2024;RALN;F;FINANZIA;26J;ART 7 C 4 L U CCNL 19-21 - DEC. RISORSE DESTINATE E.Q.;-
2024;REVA;U;UTILIZZO;03M;ART 154 C 1 L B) TUDC - PARTICOLARI POSIZIONI ORGANIZZATIVE;+
2024;REVA;U;UTILIZZO;03Q;ART 154 C 1 L F) TUDC - INDENNITÀ STATO CIVILE ART. 18;+
2024;SSNA;F;FINANZIA;10P;FINANZ REG.LE VALORIZZAZIONE SERVIZIO (ART 1 C 435 L 205/17);+
2024;REFR;U;UTILIZZO;07T;ASS. AD PERS. RIASS. PROGR. FRA LE AREE;+
2024;RALN;F;FINANZIA;27N;ART 17 CCNL 19-21 - RIS. DEST. E.Q. ANNO DI RILEVAZIONE;+
2024;RESI;F;FINANZIA;11J;ART 88 C 3 L A CCRL 16-18 - INCR 104,00 EURO DAL 31.12.2018;+
2024;SCLA;F;FINANZIA;12N;INCREMENTI CCNL 16-18 (ART. 41 C. 1);+
2024;ENAC;F;FINANZIA;08T;ART 90 C 3 L B) CCNL 16-18 - QUOTA TARIFFAZIONE INCARICHI;+
2024;RALN;F;FINANZIA;10K;ART 1 C 800 L 205/2017 - ARMONIZZ PERS PROVINCE TRANSITATO;+
2024;UNIV;F;FINANZIA;10M;ART 9 C 3 DL 90/2014 - COMP AVVOCATI CARICO CONTROPARTI;+
2024;SSNA;F;FINANZIA;12R;ART 94 C 3 L A CCNL 16-18 - INCREM 248,30 EURO DA 31.12.2018;+
2024;SSNA;F;FINANZIA;12T;ART 94 C 3 L C CCNL 16-18 - INCR. RID. STABILE DOT. ORG;+
2024;RALN;F;FINANZIA;10Y;ART 67 C 2 L A CCNL 16-18 - INCREM 83,20 EURO DAL 31.12.2018;+
2024;ENAC;F;FINANZIA;12P;INCREMENTI CCNL 16-18 (ART. 80 C. 1);+
2024;PCMD;F;FINANZIA;17A;INCREMENTI CCNL 04-05 (ART. 7 C. 1 ALINEA 2 E 3);+
2024;SSNA;F;FINANZIA;948;DA F.DO  COND LAV RAZ.STAB.SERVIZI(ART50 C2 L C CCNL 98-01);+
2024;REVA;U;UTILIZZO;998;ALTRI ISTITUTI NON COMPRESI FRA I PRECEDENTI;+
2024;REFR;F;FINANZIA;60A;NUOVI SERV. / RIORG. - STAB. (ART. 55 C. 2 CCRL 02-05);+
2024;REFR;U;UTILIZZO;448;RETRIBUZIONE DI POSIZIONE;+
2024;ENAC;U;UTILIZZO;448;RETRIBUZIONE DI POSIZIONE;+
2024;SCLA;U;UTILIZZO;448;RETRIBUZIONE DI POSIZIONE;+
2024;REFR;F;FINANZIA;999;SOMME NON UTILIZZATE FONDO/I ANNO PRECEDENTE;+
2024;CPRE;F;FINANZIA;999;SOMME NON UTILIZZATE FONDO/I ANNO PRECEDENTE;+
2024;CNEL;F;FINANZIA;999;SOMME NON UTILIZZATE FONDO/I ANNO PRECEDENTE;+
2024;CDIP;F;FINANZIA;44F;RISP. GEST. SPESA PERS. (ART. 17 C. 1 L. C DPR 114/01);+
2024;ENAC;F;FINANZIA;99E;QUOTA TARIFFAZ. INCARICHI (ART. 82 C. 3 L. E CCNL 02-05);+
2024;PCMD;F;FINANZIA;74C;RIA PERS. CESSATO BASE ANNUA (ART.51 C. 4 P. 1 CCNL 02-05);+
2024;MNST;F;FINANZIA;75C;NUOVI SERV. O RIORG. - STAB (ART. 51 C. 7 CCNL 02-05);+
2024;MNST;F;FINANZIA;77C;RIA CESS. ANNO PREC. ACC. (ART. 51 C. 4 PP. 2-3 CCNL 02-05);+
2024;MNST;F;FINANZIA;84C;INCREMENTI CCNL 08-09 (ART. 7 C. 1);+
2024;CNEL;F;FINANZIA;90C;NUOVI SERV. O RIORG. - STAB (ART. 58 C. 7 CCNL 02-05);+
2024;MNST;F;FINANZIA;91C;RATEO RIA CESS ANNO PREC. ACC. (ART 58 C 4 PP 2-3 CCNL02-05);+
2024;CNEL;F;FINANZIA;94C;RIS. DA TERZI INCARICHI AGG.VI (ART.58 C. 3 L. D CCNL 02-05);+
2024;MNST;F;FINANZIA;95C;NUOVI SERV / RIORG. EVENTI ECCEZ.(ART. 58 C. 7 CCNL 02-05);+
2024;EPNE;F;FINANZIA;06C;RISPARMI INCENTIVAZIONE (ART. 42 C. 2 L. C CCNL 98-01);+
2024;ENAC;F;FINANZIA;89E;RIS. AGG.VE (ART. 55 C. 3 L. E CCNL 02-05);+
2024;SCLA;F;FINANZIA;74F;INCREMENTI CCNL 08-09 (ART. 4 C. 2);+
2024;AFAM;F;FINANZIA;80F;RISORSE CARATTERE CERTEZZA E STABILITÀ DA EELL E ALTRI ENTI;+
2024;AFAM;F;FINANZIA;81F;RISORSE VARIABILI DA EELL E ALTRI ENTI;+
2024;AFAM;U;UTILIZZO;841;QUOTE VINCOLATE/STORICHE PERSONALE DOCENTE;+
2024;AGFI;U;UTILIZZO;449;RETRIBUZIONE DI RISULTATO;+
2024;ERIC;F;FINANZIA;37C;NUOVI SERV O INCR DOT.ORG - STAB (ART. 62 C. 7 CCNL 02-05);+
2024;REFR;F;FINANZIA;71A;PROCESSI DI DECENTRAMENTO (ART. 47, C. 1 L. F CCRL 02-05);+
2024;EPNE;F;FINANZIA;54B;RIS. DA TERZI PER INCAR. AGG.VI (ART 52 C 3 L. A CCNL 02-05);+
2024;EPNE;F;FINANZIA;65B;RIS ART3 C2 CCNL 5.4.01 AREA I (ART 59 C 3 L E CCNL 02-05);+
2024;AGFI;F;FINANZIA;64B;MAGG. ENTR. O EC. GEST. (ART. 59 C. 3 L. D CCNL 02-05);+
2024;EPNE;F;FINANZIA;74B;INCREMENTI CCNL 18.02.09 (ART. 1 C. 2);+
2024;ENAC;F;FINANZIA;09F;QUOTA TARIFFAZ. INCARICHI (ART. 14 C. 3 L. E CCNL 02-05SUC;+
2024;EPNE;F;FINANZIA;62B;NUOVI SERVIZI/RIORG/INCR DOT ORG  (ART. 59 C. 9 CCNL 02-05);+
2024;CNEL;F;FINANZIA;63E;NUOVI SERV / RIORG. EVENTI ECCEZ. (ART 58 CC 7, 9 CCNL02-05);+
2024;PCMD;F;FINANZIA;24E;EMERG. O STRAORD. NECESSITÀ (ART. 51 C. 9 CCNL 02-05);+
2024;CPRE;F;FINANZIA;30F;INCREMENTI ACCORDO 04-05 (ART. 5 C. 1 DPR 293/05);+
2024;SSNA;F;FINANZIA;72G;INCREMENTI CCNL 08-09 (ART. 11 C. 2);+
2024;EPNE;F;FINANZIA;08H;RIA PERSONALE CESSATO BASE ANNUA (ART52  C.4 P.1 CCNL 02-05);+
2024;CPRE;F;FINANZIA;51H;ART 43 L 449/1997 - RISPARMI DI GESTIONE;+
2024;ENAC;F;FINANZIA;05H;ART 4 C 1 ALINEA 2 E 3 CCNL 04-05 - INCREMENTI;+
2024;EPNE;F;FINANZIA;91G;INCREMENTI CCNL 06-07 (ART. 40 C. 1);+
2024;ERIC;U;UTILIZZO;05A;INCENT RISORSE EX ART19 C1 CCNL02-05 (PREST COMM EST);+
2024;PCMD;F;FINANZIA;76G;FONDO 2004 CERT ORG CONTR./PARTE FISSA (ART1 C189 L266/05);+
2024;MNST;F;FINANZIA;76G;FONDO 2004 CERT ORG CONTR./PARTE FISSA (ART1 C189 L266/05);+
2024;EPNE;F;FINANZIA;93G;RIA PERSONALE CESSATO BASE ANNUA (ART14 CC 2-3 CCNL 14.4.97);+
2024;EPNE;F;FINANZIA;99G;ART 12 C 1 AL 2 CCNL 04-05 - 0,80% M.S. 2003;+
2024;EPNE;F;FINANZIA;11H;INCREMENTI CCNL 04-05 (ART. 7 C. 1 ALINEA 2 E 3);+
2024;AGID;U;UTILIZZO;14A;PROG. ORIZZ. EX C. 193 L. 266/05 - VALORE ANNO CORRENTE;+
2024;ERIC;U;UTILIZZO;42A;INDENNITÀ DI ENTE (ANNUALE) - FONDO C;+
2024;SSNA;U;UTILIZZO;45A;RETRIBUZIONE DI POSIZIONE PARTE VARIABILE AZIENDALE;+
2024;ERIC;F;FINANZIA;28H;INCREMENTI CCNL 04-05 (ART. 7 C. 1 ALINEA 2-3);+
2024;EPNE;F;FINANZIA;50H;ART 43 L 449/1997 - ENTR. CONTO TERZI O UTENZA O SPONSOR.;+
2024;REFR;F;FINANZIA;50H;ART 43 L 449/1997 - ENTR. CONTO TERZI O UTENZA O SPONSOR.;+
2024;SSNA;F;FINANZIA;50H;ART 43 L 449/1997 - ENTR. CONTO TERZI O UTENZA O SPONSOR.;+
2024;SCLA;F;FINANZIA;50H;ART 43 L 449/1997 - ENTR. CONTO TERZI O UTENZA O SPONSOR.;+
2024;CDIP;F;FINANZIA;59H;INCREMENTI ACCORDO 08-09 (ART. 6 C. 1 DPR 206/10);+
2024;SSNA;F;FINANZIA;01I;RISORSE REGIONALI NON CONSOLIDATE;+
2024;EPNE;F;FINANZIA;84B;SPEC. DISP. DI LEGGE (ART. 31 C. 1 L. G CCNL 98-01);+
2024;ENAC;F;FINANZIA;27C;RIA PERSONALE CESSATO (ART. 55 C. 4 P. 1 CCNL 02-05);+
2024;RESA;F;FINANZIA;27I;ART 1 C 456 L 147/2013 - DECURTAZIONE PERMANENTE;-
2024;PCMD;F;FINANZIA;27I;ART 1 C 456 L 147/2013 - DECURTAZIONE PERMANENTE;-
2024;AFAM;F;FINANZIA;27I;ART 1 C 456 L 147/2013 - DECURTAZIONE PERMANENTE;-
2024;UCAM;U;UTILIZZO;10A;PRODUTTIVITÀ / PERFORMANCE INDIVIDUALE;+
2024;RESA;F;FINANZIA;96H;ART 16 CC 4-5-6 DL 98/11 - RISP. PIANI RAZIONALIZZAZIONE;+
2024;RESA;F;FINANZIA;22I;PROGRESSIONI ORIZZONTALI A CARICO BILANCIO - RISORSE;+
2024;CDIP;U;UTILIZZO;02I;RETRIBUZIONE DI RISULTATO (ONNICOMPRENSIVITÀ);+
2024;AGFI;U;UTILIZZO;02I;RETRIBUZIONE DI RISULTATO (ONNICOMPRENSIVITÀ);+
2024;RALN;U;UTILIZZO;00J;INDENNITÀ CONDIZIONI DI LAVORO;+
2024;EPNE;F;FINANZIA;00P;ART 23 C 2 DLGS 75/2017 - DEC. FONDO RISPETTO LIMITE 2016;-
2024;ENAC;U;UTILIZZO;22I;INCENTIVI FUNZIONI TECNICHE;+
2024;REFR;U;UTILIZZO;22I;INCENTIVI FUNZIONI TECNICHE;+
2024;AGID;U;UTILIZZO;22I;INCENTIVI FUNZIONI TECNICHE;+
2024;EPNE;U;UTILIZZO;22I;INCENTIVI FUNZIONI TECNICHE;+
2024;SSNA;U;UTILIZZO;22I;INCENTIVI FUNZIONI TECNICHE;+
2024;RALN;U;UTILIZZO;01B;POLIZIA LOCALE - SERVIZI AGGIUNTIVI INIZIATIVA PRIVATA;+
2024;SSNA;U;UTILIZZO;01F;INDENNITÀ CONDIZIONI DI LAVORO;+
2024;AGID;F;FINANZIA;01P;ALTRE DECURTAZIONI NON COMPRESE FRA LE PRECEDENTI;-
2024;SSNA;F;FINANZIA;01P;ALTRE DECURTAZIONI NON COMPRESE FRA LE PRECEDENTI;-
2024;AFAM;F;FINANZIA;01P;ALTRE DECURTAZIONI NON COMPRESE FRA LE PRECEDENTI;-
2024;UNIV;F;FINANZIA;01P;ALTRE DECURTAZIONI NON COMPRESE FRA LE PRECEDENTI;-
2024;SCLA;F;FINANZIA;01P;ALTRE DECURTAZIONI NON COMPRESE FRA LE PRECEDENTI;-
2024;ENAC;F;FINANZIA;02P;ART 1 C 189 L 266/05 - DEC. FONDO RISPETTO LIMITE 2004-10%;-
2024;RALN;F;FINANZIA;00C;ART 67 C 2 L C CCNL 16-18 - RIA E ASS. AD PERS. CESSATO;+
2024;RALN;F;FINANZIA;00D;ART 67 C 2 L E CCNL 16-18-INCREM. PERS. TRASF. DISP. LEGGE;+
2024;RESA;F;FINANZIA;01S;ART 40 C 3-Q DLGS 165/2001 - DEC. ANNO PER PIANI DI RECUP.;-
2024;RALN;F;FINANZIA;01S;ART 40 C 3-Q DLGS 165/2001 - DEC. ANNO PER PIANI DI RECUP.;-
2024;EPNE;F;FINANZIA;05M;ART 76 C 3 L A) CCNL 16-18 - INCREMENTO DA 1.1.18;+
2024;AGFI;F;FINANZIA;05M;ART 76 C 3 L A) CCNL 16-18 - INCREMENTO DA 1.1.18;+
2024;MNST;F;FINANZIA;05N;ART 76 C 3 L B) CCNL 16-18 - RIA PERS CESSATO MISURA INTERA;+
2024;AGFI;F;FINANZIA;05O;ART 76 C 3 L C) CCNL 16-18 - IND AMM/ENTE PERS CESS NON RIUT;+
2024;MNST;F;FINANZIA;05R;ART 76 C 4 L C) CCNL 16-18 - ALTRE SPEC. DISP. DI LEGGE;+
2024;CNEL;U;UTILIZZO;02K;DIFFERENZIALI PROGRESSIONI ECONOMICHE STORICHE;+
2024;RALN;U;UTILIZZO;02P;PROGRESSIONI ECONOMICHE ANNO DI RIFER.TO;+
2024;UNIV;U;UTILIZZO;02P;PROGRESSIONI ECONOMICHE ANNO DI RIFER.TO;+
2024;ENAC;U;UTILIZZO;02R;INCENTIVI ALLA MOBILITÀ TERRITORIALE;+
2024;UCAM;U;UTILIZZO;02S;WELFARE INTEGRATIVO A CARICO DEL FONDO;+
2024;REFR;F;FINANZIA;28W;ART 45 C 12 CCRL 19-21 - DEC STAB PERS TRASFERITO (OUT);-
2024;REFR;F;FINANZIA;28Y;ART 45 C 13 CCRL 19-21 - FORME ASSOCIATIVE (OUT);-
2024;REFR;F;FINANZIA;28Z;ART 45 C 10 CCRL 19-21 - RIS BILANCIO PRESTAZ. STRAORDINARIO;+
2024;SSNA;F;FINANZIA;20R;ART 90 C 3 L B CCNL 16-18 - RIA CESS ANN PREC MISURA INTERA;+
2024;AGID;F;FINANZIA;11W;SPEC. DISP. DI LEGGE O REG.TI (ART. 48 C. 3 P. 2 CCNL 16-18);+
2024;AGFI;F;FINANZIA;11X;INCREMENTI CCNL 16-18 (ART. 51 C. 1);+
2024;CNEL;F;FINANZIA;11Y;SPEC. DISP. DI LEGGE O REG.TI (ART. 51 C. 3 P. 2 CCNL 16-18);+
2024;AGFI;F;FINANZIA;11Y;SPEC. DISP. DI LEGGE O REG.TI (ART. 51 C. 3 P. 2 CCNL 16-18);+
2024;SSNA;F;FINANZIA;13K;ART 95 C 3 L A CCNL 16-18 - INCREM 162,50 EURO DA 31.12.2018;+
2024;SSNA;F;FINANZIA;13L;ART 95 C 3 L B CCNL 16-18 - INCR. RID. STABILE DOT. ORG;+
2024;SSNA;F;FINANZIA;13M;ART 95 C 3 L C CCNL 16-18 - INCR DOTAZ ORG (MOD RAMI AZ.LI);+
2024;AGID;F;FINANZIA;27Y;ART 32 C 2 CCNL 19-21 - 2,08% M.S. 2018;+
2024;RESI;F;FINANZIA;32Z;ART. 101 C 1 CCRL 19-21- 0,22% MS 2018 - LR 1/2024;+
2024;RESI;F;FINANZIA;33S;ART 100 C 4  CCRL 19-21 - MIGL. SERVIZ E PRESTAZ. PERS.;+
2024;SSNA;F;FINANZIA;18X;ART 90 C 4 L A CCNL 16-18 - ATT NUOVI SERV A PARITÀ DI PERS;+
2024;SSNA;F;FINANZIA;19J;ART 91 C 3 L A CCNL 16-18 - INCR. 559,00 EURO DA 31.12.2018;+
2024;RESI;U;UTILIZZO;04H;DIFFERENZIALI PROGR. ECONOMICHE STORICHE;+
2024;RESI;U;UTILIZZO;04R;PRODUTTIVITÀ / PERFORMANCE COLLETTIVA;+
2024;AGFI;F;FINANZIA;20U;ART 49 C 7 CCNL 19-21 - RISPARMI STRAORDINARIO ANNO RIF.TO;+
2024;MNST;U;UTILIZZO;07H;PERFORMANCE NUOVI MODELLI ORGANIZZATIVI (LAVORO AGILE);+
2024;UNIV;U;UTILIZZO;02E;RETRIBUZIONE DI RISULTATO;+
2024;UNIV;F;FINANZIA;15Z;ART 86 CCNL 06-09 - RIS STRAORDINARIO;+
2024;RESA;U;UTILIZZO;06O;ART 87 C 1 LL ABC CCRL 98-01 - LAVORO STRAORDINARIO;+
2024;ENAC;F;FINANZIA;17Y;ART 44 CCNL 98-01 E S.M.I. - RISORSE STRAORD. ANNO CORR.;+
2024;SSNA;U;UTILIZZO;07L;INCARICO DI POSIZIONE EQ;+
2024;RESA;F;FINANZIA;21J;ART 102TER C 3 CCRL 98-01 - SOMME NON SPESE REGIME ANNO PREC;+
2024;AGID;F;FINANZIA;24P;ART. 45 DLGS 36/2023 - INCENTIVI ALLE FUNZIONI TECNICHE;+
2024;RALN;F;FINANZIA;24P;ART. 45 DLGS 36/2023 - INCENTIVI ALLE FUNZIONI TECNICHE;+
2024;MNST;F;FINANZIA;24P;ART. 45 DLGS 36/2023 - INCENTIVI ALLE FUNZIONI TECNICHE;+
2024;SSNA;F;FINANZIA;30Q;ART 52 C 1 CCNL 19-21 - INCR. 964,55 EURO DA 1.1.2021;+
2024;AFAM;U;UTILIZZO;08Q;QUOTE VINCOLATE/STORICHE PERSONALE EQ;+
2024;SSNA;U;UTILIZZO;05F;INDENNITÀ PER SOSTITUZIONI;+
2024;ENAC;F;FINANZIA;20Z;ART 49 C 7 CCNL 19-21 - RISP STRAORD NON UTILIZ ANNO CORR.;-
2024;REFR;F;FINANZIA;28S;ART 45 C 13 CCRL 19-21 - FORME ASSOCIATIVE (IN);+
2024;SSNA;F;FINANZIA;18U;ART 90 C 3 L D CCNL 16-18 - INCR DOT ORG - MOD RAMI AZ.LI;+
2024;SSNA;F;FINANZIA;18V;ART 90 C 3 L D CCNL 16-18 - INCR DOT ORG - NUOVE ASS.NI;+
2024;ENAC;F;FINANZIA;27T;ART 60 C 3 CCNL 19-21 - 0,81% M.S. 2018;+
2024;UNIV;F;FINANZIA;16L;ART 11 C 1 L B DL 135/18 - INCR ACC ASS DEROGA FAC ASS.LI;+
2024;RESA;F;FINANZIA;29X;ART 102 C 2 L D) CCRL 98-01 - RATEO RIA CESS ANNO IN CORSO;+
2024;RESA;F;FINANZIA;30J;ART 102 C 2 L G) CCRL 98-01 - RIS VAR. SPEC. DISP. LEGGE;+
2024;REVA;F;FINANZIA;07R;ART 153 C 2 TUDC - DECURT FUA ENTI MINORI CORSO D'ANNO;-
2024;REVA;U;UTILIZZO;03J;ART 143 C 2 TUDC - VALORE POSIZ 4^ E 5^ PROGR (STORICO);+
2024;AFAM;F;FINANZIA;26R;ARTT 173-174 CCNL 19-21 - INCREMENTI INDENNITÀ FISSE;+
2024;UNIV;F;FINANZIA;31K;ART 119 C 1 L F CCNL 19-21 - INCR. 0,1% M.S. 2015 - BCD;+
2024;UNIV;U;UTILIZZO;08M;PROGRESSIONI ECONOMICHE A CARICO BILANCIO - IMPIEGHI AREE;+
2024;UNIV;U;UTILIZZO;08N;DIFFERENZIALI STIPEND. IN ESSERE EP NON DISPONIBILI ALLA CI;+
2024;AGFI;F;FINANZIA;26U;ART 11 C 1 L B DL 135/18 - INCR ACC ASS TD DEROGA FAC ASS.LI;+
2024;MNST;F;FINANZIA;26U;ART 11 C 1 L B DL 135/18 - INCR ACC ASS TD DEROGA FAC ASS.LI;+
2024;AGFI;F;FINANZIA;27B;ART 31 C 1 DL 23/2020 - POTENZ AG. DOGANE E MONOPOLI;+
2024;RALN;U;UTILIZZO;07Z;GALLEGGIAMENTO FUNZIONE DIRIGENZIALE O E.Q. PIÙ ELEVATA;+
2024;CNEL;U;UTILIZZO;20S;DIFFERENZIALI STIPENDIALI IN ESSERE NON DISPONIBILI ALLA CI;+
2024;CNEL;F;FINANZIA;20S;ART 49 C 2 CCNL 19-21 - RIS DIFF STIP PRECED CARICO BILANCIO;+
2024;PCMD;F;FINANZIA;21L;ART 73 C 1 CCNL 16-18 - UNICO IMPORTO CONSOLIDATO 2021;+
2024;CPRE;F;FINANZIA;21W;INCREMENTI ACCORDO 19-21 (ART. 4 C. 1 L O) DPR 70/22);+
2024;UCAM;F;FINANZIA;23J;ART 64BIS C 1 L B) CCNL 16-18 - RESTANTE ACC. 2018;+
2024;ERIC;F;FINANZIA;08R;ART 90 C 5 CCNL 16-18 - SOMME UTILIZZATE PROGR. ART. 54;-
2024;ERIC;U;UTILIZZO;03S;PROGRESSIONI ECONOMICHE DI LIVELLO ANNO CORRENTE;+
2024;SCLA;U;UTILIZZO;04B;ART 88 C 2 L I) CCNL 06-09 - ATA COMP. SOST. DSGA;+
2024;AGFI;U;UTILIZZO;05Y;ART 77 C 2 L F) CCNL 16-18 - RETR RISULTATO P.O.P.;+
2024;AGFI;U;UTILIZZO;06B;PRESTAZIONI LAVORO STRAORDINARIO;+
2024;MNST;F;FINANZIA;16K;ART 30 CCNL 98-01 - RIS STRAORDINARIO ORD STANZIATE BILANCIO;+
2024;RESA;F;FINANZIA;00O;ALTRE RISORSE NON COMPRESE FRA LE PRECEDENTI;+
2024;SSNA;F;FINANZIA;00O;ALTRE RISORSE NON COMPRESE FRA LE PRECEDENTI;+
2024;MNST;F;FINANZIA;00O;ALTRE RISORSE NON COMPRESE FRA LE PRECEDENTI;+
2024;RESA;F;FINANZIA;17P;ART 9 C 2 CCRL 16-18 - EC. MANCATA ATT. STRUM. WELFARE;+
2024;RESA;U;UTILIZZO;06N;ONORARI AVVOCATI E PROVENTI ATTIV. PROFESSIONALI;+
2024;SCLA;U;UTILIZZO;06V;ART 40 C 4 L D) CCNL 16-18 - ATA INCARICHI SPECIFICI;+
2024;RALN;U;UTILIZZO;04C;INCENTIVI RECUPERO EVASIONE IMU E TARI;+
2024;SCLA;F;FINANZIA;22K;ART 5 C 2 L A) CCNL 19-21 - DEC INCR RETRIB PROF.LE PERS DOC;-
2024;RALN;F;FINANZIA;23Y;ART 79 C 1 L C CCNL 19-21 - INCR. STABILE CONSIST. PERSONALE;+
2024;REFR;F;FINANZIA;24O;ART 1 DL 80/2021 - INCREM. ASS TD FINANZ DIRETTO PNRR;+
2024;REVA;U;UTILIZZO;03N;ART 154 C 1 L C) TUDC - PROGETTI DI GRUPPO;+
2024;SSNA;F;FINANZIA;24X;ART 102 C 3 L C CCNL 19-21 - INCR PER RID STAB DOTAZ. ORGANI;+
2024;RALN;F;FINANZIA;25W;ART 79 C 1-BIS CCNL 19-21 - DIFF STIP B3-B1, D3-D1;+
2024;RALN;F;FINANZIA;26M;ART 11BIS C2 DL135/18 - INCREM POS E RIS E.Q. RINUNCE ASS.LI;+
2024;RALN;F;FINANZIA;26N;ART 33 DL34/19 - QUOTA PARTE DESTINATA ALLE E.Q.;+
2024;AGFI;F;FINANZIA;07T;ART 76 C 4 L F) CCNL 16-18 - RIS ART 59 C 4 DLGS 300/99;+
2024;EPNE;F;FINANZIA;10N;ART 9 C 6 DL 90/2014 - COMP AVVOCATI SPESE COMPENSATE;+
2024;RESI;F;FINANZIA;10Z;ART 88 C 2 CCRL 16-18 - UNICO IMPORTO CONSOLIDATO 2018;+
2024;SCLA;U;UTILIZZO;04T;RETRIBUZIONE DI RISULTATO (INCARICHI DI REGGENZA);+
2024;SSNA;F;FINANZIA;12W;ART 94 C 3 L E CCNL 16-18 - INCR STAB DA FONDO RISULTATO;+
2024;ERIC;F;FINANZIA;08M;ART 90 C 2 L A) CCNL 16-18 - 2% MS 99 ART 54 C3 CCNL 98-01;+
2024;SSNA;F;FINANZIA;14S;ART 95 C 3 L C CCNL 16-18 - INCR DOTAZ ORG (NUOVE ASS.NI);+
2024;RALN;F;FINANZIA;15R;ART 67 C 2 L G CCNL 16-18 - RIDUZ STAB STRAORD A FAV FONDO;-
2024;AGFI;F;FINANZIA;15W;ART. 40-BIS C 1 PERIODO 1 DL 162/2019 - POTENZ AG. FISCALI;+
2024;EPNE;F;FINANZIA;70A;ART 2 C 3 DLGS 165/2001 - RISP. TRATT. EC. PRE-CCNL 94-97;+
2024;REFR;F;FINANZIA;79A;NUOVI SERV. / RIORG. - EVENTI ECCEZZ (ART.47 C.3 CCRL 02-05);+
2024;REFR;F;FINANZIA;85A;SOMME NON UTILIZZATE FONDO EELL ANNO PRECEDENTE;+
2024;UNIV;F;FINANZIA;22A;MAGG. ENTR. O EC. GEST. (ART. 62 C. 3 L. C CCNL 02-05);+
2024;SSNA;F;FINANZIA;991;ALTRE RISORSE FONDO CONDIZIONI LAVORO / PARTE FISSA;+
2024;SSNA;F;FINANZIA;965;INCR. RID. STABILE DOT. ORG (ART50 C2 L.A-C3 L.A CCNL 98-01);+
2024;CNEL;U;UTILIZZO;998;ALTRI ISTITUTI NON COMPRESI FRA I PRECEDENTI;+
2024;EPNE;F;FINANZIA;49A;DECURT. PER LIMITE ART1 C189 L266/05-RIS.FISSE (2004-10%);-
2024;RALN;U;UTILIZZO;448;RETRIBUZIONE DI POSIZIONE;+
2024;PCMD;U;UTILIZZO;448;RETRIBUZIONE DI POSIZIONE;+
2024;SSNA;U;UTILIZZO;448;RETRIBUZIONE DI POSIZIONE;+
2024;CDIP;F;FINANZIA;999;SOMME NON UTILIZZATE FONDO/I ANNO PRECEDENTE;+
2024;SSNA;F;FINANZIA;999;SOMME NON UTILIZZATE FONDO/I ANNO PRECEDENTE;+
2024;PCMD;F;FINANZIA;999;SOMME NON UTILIZZATE FONDO/I ANNO PRECEDENTE;+
2024;RESI;F;FINANZIA;999;SOMME NON UTILIZZATE FONDO/I ANNO PRECEDENTE;+
2024;EPNE;U;UTILIZZO;552;INDENNITÀ COORDINAMENTO;+
2024;EPNE;F;FINANZIA;94B;INCREMENTI CCNL 04-05 (ART. 5 C. 2 ART. 6 C. 2);+
2024;EPNE;F;FINANZIA;22C;DISP. LEGGE/REG./ATTI AMM. (ART. 43 C. 2 L. E CCNL 98-01);+
2024;ENAC;F;FINANZIA;97E;NUOVI SERV. O RIORG. - STAB (ART 82 C 3 L H CCNL 02-05);+
2024;ENAC;F;FINANZIA;98E;SPEC. DISP. NORMATIVE (ART. 82 C. 3 L. D CCNL 02-05);+
2024;ENAC;U;UTILIZZO;783;PASSAGGI DI LIVELLO ECONOMICO STORICI;+
2024;CNEL;F;FINANZIA;73C;INCREMENTI CCNL 08-09 (ART. 4 C. 1);+
2024;CNEL;F;FINANZIA;74C;RIA PERS. CESSATO BASE ANNUA (ART.51 C. 4 P. 1 CCNL 02-05);+
2024;MNST;F;FINANZIA;83C;INCREMENTI CCNL (06-09 ART. 22 C. 1);+
2024;SSNA;F;FINANZIA;947;INCR. RID. STABILE DOT. ORG (ART.50 C.2 L.A CCNL 98-01);+
2024;AGID;F;FINANZIA;93C;MAGG. ENTR. O EC. GEST. (ART. 58 C. 3 L. C CCNL 02-05);+
2024;PCMD;F;FINANZIA;94C;RIS. DA TERZI INCARICHI AGG.VI (ART.58 C. 3 L. D CCNL 02-05);+
2024;CPRE;F;FINANZIA;29F;INCREMENTI ACCORDO 02-05 (ART. 15 C. 1 DPR 252/03);+
2024;EPNE;F;FINANZIA;05C;RISPARMI DI GESTIONE PERSONALE(ART. 42 C. 2 L. B CCNL 98-01);+
2024;SCLA;F;FINANZIA;76F;RIS. INCARICHI AGG.VI (ART. 55 C. 3 L. C CCNL 02-05);+
2024;SCLA;F;FINANZIA;80F;RISORSE CARATTERE CERTEZZA E STABILITÀ DA EELL E ALTRI ENTI;+
2024;ENAC;U;UTILIZZO;449;RETRIBUZIONE DI RISULTATO;+
2024;CDIP;U;UTILIZZO;449;RETRIBUZIONE DI RISULTATO;+
2024;UCAM;U;UTILIZZO;449;RETRIBUZIONE DI RISULTATO;+
2024;EPNE;U;UTILIZZO;542;MOBILITÀ;+
2024;REFR;F;FINANZIA;59A;MATUR. ECON. DIR. CESSATI (ART. 55, C. 1, L. B CCRL 02-05);+
2024;REFR;F;FINANZIA;81A;SPEC. DISP. DI LEGGE (ART. 47, C. 1 L. E CCRL 02-05);+
2024;EPNE;F;FINANZIA;19C;RISPARMI DI GESTIONE PERSONALE(ART. 43 C. 2 L. B CCNL 98-01);+
2024;EPNE;F;FINANZIA;23C;NUOVI SERVIZI / RIORGANIZZAZIONE (ART. 2 C. 2 CCNL 08.01.03);+
2024;ERIC;F;FINANZIA;58C;(NO ASI) INCREMENTI CCNL 06-09 (ART. 10, ART 11 C. 2);+
2024;ERIC;F;FINANZIA;59C;(NO ASI) INCREMENTI CCNL 08-09 (ART. 5, ART. 6 C. 2);+
2024;ERIC;F;FINANZIA;60C;RIA PERS. CESS. MIS. INTERA (ART 4 C 1 L. C  P 3 CCNL 00-01);+
2024;ENAC;F;FINANZIA;06F;RIA PERS. CESS. MIS INTERA(ART.14 C.3 L.F P.3 CCNL 02-05SUC);+
2024;CPRE;F;FINANZIA;34F;RISP. GEST. SPESA PERS. (ART. 20 C. 1 L. B DPR 316/01);+
2024;SCLA;U;UTILIZZO;949;ART 6 C 2 L L) CCNL 06-09 - ATA PROG. NAZ.LI E COMUNITARI;+
2024;MNST;F;FINANZIA;27H;ART 19 C 1 CCNL 06-09 - INCREMENTI;+
2024;PCMD;F;FINANZIA;49H;INCREMENTI CCNL 06-09 (ART. 28 C. 1);+
2024;EPNE;F;FINANZIA;51H;ART 43 L 449/1997 - RISPARMI DI GESTIONE;+
2024;UNIV;F;FINANZIA;86G;INCREMENTI CCNL 08-09 (ART. 7 C. 1);+
2024;CNEL;F;FINANZIA;05H;ART 4 C 1 ALINEA 2 E 3 CCNL 04-05 - INCREMENTI;+
2024;MNST;F;FINANZIA;05H;ART 4 C 1 ALINEA 2 E 3 CCNL 04-05 - INCREMENTI;+
2024;SSNA;F;FINANZIA;74G;INCREMENTI CCNL 08-09 (ART. 10 C. 2);+
2024;SCLA;U;UTILIZZO;941;ART 88 C 2 L G) CCNL 06-09 - ATA IND. TURNO;+
2024;ERIC;U;UTILIZZO;04A;(SOLO ASI) SPECIALE TRATTAMENTO ECONOMICO;+
2024;UCAM;U;UTILIZZO;08A;INDENNITÀ DI RESPONSABILITÀ / PROFESSIONALITÀ;+
2024;ENAC;F;FINANZIA;11H;INCREMENTI CCNL 04-05 (ART. 7 C. 1 ALINEA 2 E 3);+
2024;AGFI;F;FINANZIA;13H;RIA PERSONALE CESSATO BASE ANNUA (ART59  C.4 P.1 CCNL 02-05);+
2024;AGFI;F;FINANZIA;06H;INCREMENTI CCNL 06-09 (ART. 18 C. 1);+
2024;REFR;F;FINANZIA;21H;INCREMENTI CCRL 06-09 (ART. 7 C. 5);+
2024;SSNA;F;FINANZIA;73G;INCREMENTI CCNL 08-09 (ART. 8 C. 2);+
2024;ENAC;F;FINANZIA;50H;ART 43 L 449/1997 - ENTR. CONTO TERZI O UTENZA O SPONSOR.;+
2024;RESA;F;FINANZIA;50H;ART 43 L 449/1997 - ENTR. CONTO TERZI O UTENZA O SPONSOR.;+
2024;RALN;F;FINANZIA;50H;ART 43 L 449/1997 - ENTR. CONTO TERZI O UTENZA O SPONSOR.;+
2024;SCLA;U;UTILIZZO;917;ART 88 C 2 L G) CCNL 06-09 - DOC IND. TURNO;+
2024;SCLA;U;UTILIZZO;921;ART 88 C 2 L K) CCNL 06-09 - DOC COMP. ALTRE ATTIVITÀ POF;+
2024;ERIC;F;FINANZIA;57G;(SOLO ASI) INCREMENTI CCNL 04-05 (ART. 4, ART 5 CC. 2-3-4);+
2024;EPNE;F;FINANZIA;27I;ART 1 C 456 L 147/2013 - DECURTAZIONE PERMANENTE;-
2024;EPNE;U;UTILIZZO;98H;PRODUTTIVITÀ / PERFORMANCE COLLETTIVA - STAB;+
2024;CPRE;F;FINANZIA;96H;ART 16 CC 4-5-6 DL 98/11 - RISP. PIANI RAZIONALIZZAZIONE;+
2024;RESI;F;FINANZIA;96H;ART 16 CC 4-5-6 DL 98/11 - RISP. PIANI RAZIONALIZZAZIONE;+
2024;UCAM;F;FINANZIA;96H;ART 16 CC 4-5-6 DL 98/11 - RISP. PIANI RAZIONALIZZAZIONE;+
2024;ERIC;U;UTILIZZO;02I;RETRIBUZIONE DI RISULTATO (ONNICOMPRENSIVITÀ);+
2024;EPNE;F;FINANZIA;00I;DEC FONDO/PARTE VARIAB. LIMITE 2015(ART.1 C.236 L.208/15);-
2024;EPNE;U;UTILIZZO;00L;SPECIFICHE RESPONSABILITÀ;+
2024;UNIV;U;UTILIZZO;00N;ART 9, CC 3,6 DL 90/2014 - COMP. AVVOCATI;+
2024;EPNE;U;UTILIZZO;00Q;ALTRE SPECIFICHE DISPOSIZIONI DI LEGGE;+
2024;RALN;U;UTILIZZO;00X;RETRIBUZIONE DI RISULTATO PER INCARICHI AD INTERIM;+
2024;RALN;F;FINANZIA;00P;ART 23 C 2 DLGS 75/2017 - DEC. FONDO RISPETTO LIMITE 2016;-
2024;CNEL;F;FINANZIA;00P;ART 23 C 2 DLGS 75/2017 - DEC. FONDO RISPETTO LIMITE 2016;-
2024;CDIP;F;FINANZIA;00P;ART 23 C 2 DLGS 75/2017 - DEC. FONDO RISPETTO LIMITE 2016;-
2024;PCMD;F;FINANZIA;00P;ART 23 C 2 DLGS 75/2017 - DEC. FONDO RISPETTO LIMITE 2016;-
2024;SCLA;F;FINANZIA;00P;ART 23 C 2 DLGS 75/2017 - DEC. FONDO RISPETTO LIMITE 2016;-
2024;CNEL;U;UTILIZZO;22I;INCENTIVI FUNZIONI TECNICHE;+
2024;UCAM;U;UTILIZZO;22I;INCENTIVI FUNZIONI TECNICHE;+
2024;CPRE;F;FINANZIA;01P;ALTRE DECURTAZIONI NON COMPRESE FRA LE PRECEDENTI;-
2024;UNIV;F;FINANZIA;02P;ART 1 C 189 L 266/05 - DEC. FONDO RISPETTO LIMITE 2004-10%;-
2024;RALN;F;FINANZIA;00U;ART 67 C 3 L D CCNL 16-18-RIA CESS ANNO PREC MENSIL RESIDUE;+
2024;RALN;F;FINANZIA;00X;ART 67 C 3 L F CCNL 16-18 - MESSI NOTIFICATORI;+
2024;RALN;F;FINANZIA;01R;ART 67 C 2 L E CCNL 16-18 -DEC. ALTRO PERS. TRASF.;-
2024;RESI;F;FINANZIA;01S;ART 40 C 3-Q DLGS 165/2001 - DEC. ANNO PER PIANI DI RECUP.;-
2024;EPNE;F;FINANZIA;05R;ART 76 C 4 L C) CCNL 16-18 - ALTRE SPEC. DISP. DI LEGGE;+
2024;MNST;U;UTILIZZO;02L;PERFORMANCE ORGANIZZATIVA;+
2024;CNEL;U;UTILIZZO;02M;PERFORMANCE INDIVIDUALE;+
2024;EPNE;U;UTILIZZO;02N;INDENNITÀ CONDIZIONI DI LAVORO;+
2024;ENAC;U;UTILIZZO;02N;INDENNITÀ CONDIZIONI DI LAVORO;+
2024;AGID;U;UTILIZZO;02P;PROGRESSIONI ECONOMICHE ANNO DI RIFER.TO;+
2024;AGID;U;UTILIZZO;02Q;INDENNITÀ POSIZIONI ORGANIZZATIVE;+
2024;EPNE;U;UTILIZZO;02R;INCENTIVI ALLA MOBILITÀ TERRITORIALE;+
2024;EPNE;U;UTILIZZO;02S;WELFARE INTEGRATIVO A CARICO DEL FONDO;+
2024;EPNE;U;UTILIZZO;02T;QUOTA ANNUALE TFR CARICO FONDO;+
2024;EPNE;F;FINANZIA;11V;ART 48 C 1 CCNL 16-18 - INCREMENTI;+
2024;AGID;F;FINANZIA;11V;ART 48 C 1 CCNL 16-18 - INCREMENTI;+
2024;REFR;F;FINANZIA;28X;ART 45 C 12 CCRL 19-21 - DEC VAR PERS TRASFERITO (OUT);-
2024;AGID;U;UTILIZZO;07G;6,91% IND QUAL PROF.LE A CARICO DEL FONDO;+
2024;RALN;F;FINANZIA;20O;ART 57 C 2 L C CCNL 16-18 - RIA CESS ANNO PREC MENS RESIDUE;+
2024;AGFI;F;FINANZIA;11W;SPEC. DISP. DI LEGGE O REG.TI (ART. 48 C. 3 P. 2 CCNL 16-18);+
2024;EPNE;F;FINANZIA;11Y;SPEC. DISP. DI LEGGE O REG.TI (ART. 51 C. 3 P. 2 CCNL 16-18);+
2024;SSNA;F;FINANZIA;13X;ART 96 C 2 CCNL 16-18 - UNICO IMPORTO CONSOLIDATO 2019;+
2024;SSNA;U;UTILIZZO;01N;WELFARE INTEGRATIVO;+
2024;SSNA;U;UTILIZZO;01P;ALTRE SPECIFICHE DISPOSIZIONI DI LEGGE;+
2024;UCAM;F;FINANZIA;22O;ART 63 C 2 L A) CCNL 16-18 - RIDET. PER INCREM. STIP. CCNL;+
2024;UCAM;F;FINANZIA;22V;ART 63 C 3 L C) CCNL 16-18 - RIA CESS ANNO PREC MENS RESIDUE;+
2024;UCAM;F;FINANZIA;22W;ART 63 C 3 L D) CCNL 16-18 - RISPARMI A CONS. STRAORD;+
2024;SSNA;F;FINANZIA;32T;ART 12 C 2 L A  DLGS 32/2021- RIS CONTROLLI UFFICIALI VETER;+
2024;REFR;U;UTILIZZO;02V;PROGR ECON ORIZZONTALI (ANNO RIF.TO);+
2024;SSNA;F;FINANZIA;14M;ART 96 C 4 L A CCNL 16-18 - ATT NUOVI SERV A PARITÀ DI PERS;+
2024;SSNA;F;FINANZIA;19N;ART 91 C 4 L A CCNL 16-18 - RATEI RIA ASS PERS CESS ANNO PR;+
2024;SSNA;F;FINANZIA;24Q;ART 72 C 2 L A CCNL 19-21 - INCREM 1.109,31 EURO DA 31.12.21;+
2024;RESI;F;FINANZIA;33N;ART 100 C 2 L F CCRL 19-21 - SPEC DISP LEGGE RANGO NAZ.LE;+
2024;CNEL;F;FINANZIA;20U;ART 49 C 7 CCNL 19-21 - RISPARMI STRAORDINARIO ANNO RIF.TO;+
2024;AGID;F;FINANZIA;20U;ART 49 C 7 CCNL 19-21 - RISPARMI STRAORDINARIO ANNO RIF.TO;+
2024;EPNE;F;FINANZIA;20U;ART 49 C 7 CCNL 19-21 - RISPARMI STRAORDINARIO ANNO RIF.TO;+
2024;CNEL;U;UTILIZZO;07H;PERFORMANCE NUOVI MODELLI ORGANIZZATIVI (LAVORO AGILE);+
2024;ENAC;U;UTILIZZO;07H;PERFORMANCE NUOVI MODELLI ORGANIZZATIVI (LAVORO AGILE);+
2024;UNIV;F;FINANZIA;04N;DIFFERENZIALI STIPENDIALI A CARICO BILANCIO - RISORSE AREE;+
2024;UNIV;U;UTILIZZO;06C;ART 86 CCNL 06-09 - PRESTAZIONI LAVORO STRAORDINARIO;+
2024;SSNA;F;FINANZIA;25M;ART 103 C 3 CCNL 19-21 - INCR DOTAZ ORG (MOD RAMI AZ.LI);+
2024;SSNA;F;FINANZIA;30U;ART. 17 C 1 LETT C - ART 103 C 7 CCNL 19-21;+
2024;SSNA;U;UTILIZZO;08G;INDENNITÀ DI PRONTA DISPONIBILITÀ;+
2024;UNIV;F;FINANZIA;31X;ART 121 C 2 L D CCNL 19-21 - DIFF STIP CESS ANNO PREC RATEO;+
2024;REFR;F;FINANZIA;32V;INCREMENTI RETRIB RISULTATO 1% MS 2015 (ART. 51 CCRL 16-18);+
2024;CNEL;F;FINANZIA;20Z;ART 49 C 7 CCNL 19-21 - RISP STRAORD NON UTILIZ ANNO CORR.;-
2024;AGID;F;FINANZIA;20Z;ART 49 C 7 CCNL 19-21 - RISP STRAORD NON UTILIZ ANNO CORR.;-
2024;MNST;F;FINANZIA;20Z;ART 49 C 7 CCNL 19-21 - RISP STRAORD NON UTILIZ ANNO CORR.;-
2024;MNST;F;FINANZIA;27M;ART 32 C 2 CCNL 19-21 - 1,94% M.S. 2018;+
2024;REFR;F;FINANZIA;28U;ART 45 C 8 L C) CCRL 19-21 - QUOTA RISORSE DIP. T.D.;+
2024;PCMD;F;FINANZIA;16L;ART 11 C 1 L B DL 135/18 - INCR ACC ASS DEROGA FAC ASS.LI;+
2024;SSNA;F;FINANZIA;28K;ART 103 C 8 CCNL 19-21 - FINANZ P.S. ART 1 C 293 L 234/2021;+
2024;REVA;F;FINANZIA;07J;ART 141 TUDC - ALIM PROPORZ DIP 31.12 ANNO PREC.;+
2024;AFAM;F;FINANZIA;26S;ASSEGNAZIONE FONDO M.O.F.;+
2024;UNIV;F;FINANZIA;31T;ART 121 C 1 L D CCNL 19-21 DIFF STIP CESS E IND ATEN AD PERS;+
2024;ERIC;F;FINANZIA;32S;ART 147 C 1 CCNL 19-21 - INCREM IND. ENTE;+
2024;MNST;F;FINANZIA;16N;CCNL 16-18 ART 68 C 2 L A - INCR 647,00 EURO DA 01.01.2018;+
2024;MNST;F;FINANZIA;16O;CCNL 16-18 ART 68 C 2 L B - INCR ART 1 C 376 L N. 145/2018;+
2024;AGID;F;FINANZIA;19Z;ART 69 C 3 CCNL 4/2011 - PROV DA RICERCA, CONS E FORMAZIONE;+
2024;AGFI;F;FINANZIA;26W;ART 32 C 2 CCNL 19-21 - 2,30% M.S. 2018;+
2024;AFAM;U;UTILIZZO;08S;QUOTE CONTRATTATE PERSONALE EQ;+
2024;MNST;U;UTILIZZO;20S;DIFFERENZIALI STIPENDIALI IN ESSERE NON DISPONIBILI ALLA CI;+
2024;PCMD;F;FINANZIA;21P;ART 73 C 2 L D) CCNL 16-18 - DIFF STIP CESS A PREC MIS INT;+
2024;ENAC;U;UTILIZZO;06B;PRESTAZIONI LAVORO STRAORDINARIO;+
2024;MNST;F;FINANZIA;16R;CCNL 16-18 ART 68 C 3 L E  - SPEC. DISP. DI LEGGE O REG.TI;+
2024;REVA;F;FINANZIA;00O;ALTRE RISORSE NON COMPRESE FRA LE PRECEDENTI;+
2024;REVA;U;UTILIZZO;06M;ART. 6 CCRL 16-18 - MAGG SAL RISULTATO DIP VAL PIÙ ELEVATE;+
2024;SSNA;F;FINANZIA;20W;ART 95 C 3 L C CCNL 16-18 - DEC. DOT ORG (MOD RAMI AZ.LI);-
2024;RESI;F;FINANZIA;23W;ART 3 C 3 L.R. 13/2022 - DEC FONDO DIRIGENTI 2022-24;-
2024;CNEL;F;FINANZIA;24O;ART 1 DL 80/2021 - INCREM. ASS TD FINANZ DIRETTO PNRR;+
2024;ERIC;F;FINANZIA;24O;ART 1 DL 80/2021 - INCREM. ASS TD FINANZ DIRETTO PNRR;+
2024;SSNA;F;FINANZIA;24O;ART 1 DL 80/2021 - INCREM. ASS TD FINANZ DIRETTO PNRR;+
2024;AFAM;F;FINANZIA;24O;ART 1 DL 80/2021 - INCREM. ASS TD FINANZ DIRETTO PNRR;+
2024;PCMD;F;FINANZIA;24O;ART 1 DL 80/2021 - INCREM. ASS TD FINANZ DIRETTO PNRR;+
2024;RALN;F;FINANZIA;24T;ART 1 C 604 L 234/2021 - INCREM 0,22% M.S. 2018 DAL 1.1.2022;+
2024;ENAC;F;FINANZIA;24T;ART 1 C 604 L 234/2021 - INCREM 0,22% M.S. 2018 DAL 1.1.2022;+
2024;SSNA;F;FINANZIA;24U;ART 74 C 2 L A CCNL 19-21 - INCREM 99,97 EURO DA 31.12.2021;+
2024;ERIC;F;FINANZIA;08L;(NO ASI) INCREMENTI CCNL 16-18 - ART. 89, C. 1, L B);+
2024;RALN;F;FINANZIA;20K;ART 79 C 1 L B CCNL 19-21 - INCREM 84,50 EURO DAL 1.1.2021;+
2024;SSNA;F;FINANZIA;24W;ART 102 C 2 CCNL 19-21 - UNICO IMPORTO CONSOLIDATO 2022;+
2024;SSNA;F;FINANZIA;24Y;ART 102 C 3 L C CCNL 19-21 - INCR DOTAZ ORG (MOD RAMI AZ.LI);+
2024;SSNA;F;FINANZIA;24Z;ART 102 C 3 L C CCNL 19-21 - INCR DOTAZ ORG (NUOVE ASS.NI);+
2024;SSNA;F;FINANZIA;25B;ART 102 C 3 L A CCNL 19-21 - RIA PERSONALE CESSATO;+
2024;ENAC;F;FINANZIA;08U;ART 90 C 3 L C) CCNL 16-18 - RIS AGG.VE ART64C2 CCNL98-01;+
2024;RESI;F;FINANZIA;10N;ART 9 C 6 DL 90/2014 - COMP AVVOCATI SPESE COMPENSATE;+
2024;REFR;U;UTILIZZO;02U;PROGR ECON ORIZZONTALI (STORICHE);+
2024;SSNA;F;FINANZIA;14R;ART 94 C 3 L D CCNL 16-18 - INCR DOTAZ ORG (NUOVE ASS.NI);+
2024;AGFI;F;FINANZIA;15X;ART 85 C 2 AL 1 CCNL 02-05 - RIS STRAORDINARIO ORD STANZIATE;+
2024;REFR;F;FINANZIA;70A;ART 2 C 3 DLGS 165/2001 - RISP. TRATT. EC. PRE-CCNL 94-97;+
2024;RALN;F;FINANZIA;70A;ART 2 C 3 DLGS 165/2001 - RISP. TRATT. EC. PRE-CCNL 94-97;+
2024;EPNE;U;UTILIZZO;264;INDENNITÀ DI SPECIFICITÀ MEDICA;+
2024;SSNA;F;FINANZIA;01A;IMPORTO CONSOLIDATO AL 31.12.07 (ART. 9 C. 1 CCNL 08-09);+
2024;RESA;U;UTILIZZO;998;ALTRI ISTITUTI NON COMPRESI FRA I PRECEDENTI;+
2024;REFR;U;UTILIZZO;998;ALTRI ISTITUTI NON COMPRESI FRA I PRECEDENTI;+
2024;CPRE;U;UTILIZZO;998;ALTRI ISTITUTI NON COMPRESI FRA I PRECEDENTI;+
2024;PCMD;U;UTILIZZO;998;ALTRI ISTITUTI NON COMPRESI FRA I PRECEDENTI;+
2024;REFR;F;FINANZIA;57A;INCREMENTI CCRL 02-05 (ART. 55 C. 1 LL. C-D);+
2024;MNST;F;FINANZIA;999;SOMME NON UTILIZZATE FONDO/I ANNO PRECEDENTE;+
2024;AGFI;F;FINANZIA;41D;RIS ART 59 C 4 L. C DLGS 300/99 (ART 59 C 3 L F CCNL 02-05);+
2024;EPNE;U;UTILIZZO;524;INDENNITÀ DI ENTE;+
2024;PCMD;F;FINANZIA;25E;NUOVI SERV. O RIORG. - STAB (ART 58 C 8 CCNL 02-05);+
2024;ENAC;F;FINANZIA;02F;RIS. ALL'1.1.07 (ART 14 C. 2, C. 3 L. G, C. 8 CCNL 02-05SUC);+
2024;ENAC;U;UTILIZZO;791;INDENNITÀ DI POSIZIONE;+
2024;CNEL;F;FINANZIA;75C;NUOVI SERV. O RIORG. - STAB (ART. 51 C. 7 CCNL 02-05);+
2024;AGID;F;FINANZIA;75C;NUOVI SERV. O RIORG. - STAB (ART. 51 C. 7 CCNL 02-05);+
2024;SSNA;F;FINANZIA;962;ECONOMIE DI GESTIONE (ART. 52 C. 4 L. B CCNL 98-01);+
2024;CNEL;F;FINANZIA;84C;INCREMENTI CCNL 08-09 (ART. 7 C. 1);+
2024;AGID;F;FINANZIA;84C;INCREMENTI CCNL 08-09 (ART. 7 C. 1);+
2024;AGID;F;FINANZIA;89C;RIA PERS. CESSATO MISURA INTERA (ART58 C4 P1 CCNL02-05);+
2024;AGID;F;FINANZIA;57E;INCREMENTI CCNL 06-09 (ART. 20 C. 1);+
2024;PCMD;F;FINANZIA;49E;NUOVI SERV. INCR. DO - VAR (ART. 82 C. 6 CCNL 02-05);+
2024;SCLA;F;FINANZIA;69F;RISORSE STORICHE (ART. 42 CC. 1, 3, 4 CCNL 00-01);+
2024;SCLA;F;FINANZIA;70F;INCREMENTI CCNL 00-01 (ART. 42 C. 2 L. A E C. 5);+
2024;MNST;U;UTILIZZO;449;RETRIBUZIONE DI RISULTATO;+
2024;ERIC;F;FINANZIA;39C;MAGG. ENTR. O EC. DI GESTIONE (ART. 62 C. 3 L. C CCNL 02-05);+
2024;UNIV;F;FINANZIA;18A;RIA PERSONALE CESSATO INTERO IMPORTO(ART62 C4 P1 CCNL 02-05);+
2024;REFR;F;FINANZIA;56A;IMPORTO CONSOLIDATO AL 31.12.03 (ART.55 C.1 L. A CCRL 02-05);+
2024;ERIC;F;FINANZIA;57C;(NO ASI) INCREMENTI CCNL 04-05 (ART. 4 C. 1, ART. 5 CC. 2-3);+
2024;ERIC;F;FINANZIA;62C;RIORDINO, NUOVI SERV. O RIORG. STAB (ART. 4 C. 3 CCNL 00-01);+
2024;ERIC;F;FINANZIA;64C;EVENT. RISPARMI ART 53 CCNL98-01 (ART4 C1 L C P.4 CCNL00-01);+
2024;ERIC;F;FINANZIA;68C;RIA CESS ANNO PREC RATEO ACC. (ART 4 C 1 L C P.2 CCNL00-01);+
2024;ERIC;F;FINANZIA;69C;PROGR. ECONOMICHE ORIZZ. (ART. 53 CCNL 98-01 E SUCC. MOD.);+
2024;AGFI;F;FINANZIA;54B;RIS. DA TERZI PER INCAR. AGG.VI (ART 52 C 3 L. A CCNL 02-05);+
2024;EPNE;F;FINANZIA;86B;NUOVI SERVIZI / RIORGANIZZAZIONE (ART. 4 C. 10 CCNL 00-01);+
2024;SSNA;U;UTILIZZO;267;SPECIFICO TRATTAMENTO ECONOMICO;+
2024;EPNE;F;FINANZIA;20C;RISPARMI INCENTIVAZIONE (ART. 43 C. 2 L. C CCNL 98-01);+
2024;AGFI;F;FINANZIA;62B;NUOVI SERVIZI/RIORG/INCR DOT ORG  (ART. 59 C. 9 CCNL 02-05);+
2024;PCMD;F;FINANZIA;27E;EMERG. O STRAORD. NECESSITÀ (ART. 58 C. 9 CCNL 02-05);+
2024;CPRE;F;FINANZIA;31F;INCREMENTI ACCORDO 04-05 INTEGR. (ART. 2 C. 1 DPR 179/06);+
2024;ERIC;U;UTILIZZO;593;INDENNITÀ PROFESSIONALE MENSILE;+
2024;SCLA;U;UTILIZZO;943;ART 88 C 2 L H) CCNL 06-09 - ATA IND. BILINGUISMO E TRIL.;+
2024;SSNA;F;FINANZIA;69G;INCREMENTI CCNL 08-09 (ART. 9 CC. 2,3);+
2024;AGFI;F;FINANZIA;08H;RIA PERSONALE CESSATO BASE ANNUA (ART52  C.4 P.1 CCNL 02-05);+
2024;ERIC;F;FINANZIA;27H;ART 19 C 1 CCNL 06-09 - INCREMENTI;+
2024;AGFI;F;FINANZIA;51H;ART 43 L 449/1997 - RISPARMI DI GESTIONE;+
2024;MNST;F;FINANZIA;51H;ART 43 L 449/1997 - RISPARMI DI GESTIONE;+
2024;ERIC;F;FINANZIA;86G;INCREMENTI CCNL 08-09 (ART. 7 C. 1);+
2024;PCMD;F;FINANZIA;86G;INCREMENTI CCNL 08-09 (ART. 7 C. 1);+
2024;EPNE;F;FINANZIA;07H;ART 4 C 1 CCNL 08-09 - INCREMENTI;+
2024;AGFI;F;FINANZIA;07H;ART 4 C 1 CCNL 08-09 - INCREMENTI;+
2024;MNST;F;FINANZIA;37H;MIN. SALUTE INCREMENTI CCNL 04-05 (ART. 9 C. 3 L. B, C. 4);+
2024;AGFI;F;FINANZIA;45H;INCREMENTI CCNL 06-09 (ART. 21 C. 2);+
2024;SCLA;U;UTILIZZO;939;ART 89 C 1 L B) CCNL 06-09 - DSGA COMP PROG UE E. PUB E PRIV;+
2024;EPNE;F;FINANZIA;76G;FONDO 2004 CERT ORG CONTR./PARTE FISSA (ART1 C189 L266/05);+
2024;ERIC;F;FINANZIA;58G;(SOLO ASI) INCR. CCNL 06-09 (ARTT. 10, 11 CC. 2-3);+
2024;EPNE;F;FINANZIA;06H;INCREMENTI CCNL 06-09 (ART. 18 C. 1);+
2024;CDIP;F;FINANZIA;50H;ART 43 L 449/1997 - ENTR. CONTO TERZI O UTENZA O SPONSOR.;+
2024;RESI;F;FINANZIA;50H;ART 43 L 449/1997 - ENTR. CONTO TERZI O UTENZA O SPONSOR.;+
2024;SCLA;U;UTILIZZO;919;ART 88 C 2 L H) CCNL 06-09 - DOC IND. BILINGUISMO E TRIL.;+
2024;UCAM;U;UTILIZZO;09A;PRODUTTIVITÀ / PERFORMANCE COLLETTIVA;+
2024;ENAC;F;FINANZIA;28C;INCR. STAB. DOT. ORG. E REL. COP.RA (ART. 55 C.7 CCNL 02-05);+
2024;ERIC;F;FINANZIA;31C;RIA PERS CESS ANNO PREC MENS RES. (ART55 C4 P2-3 CCNL 02-05);+
2024;ERIC;F;FINANZIA;51C;SPEC. DISP. LEGGE (ART. 9 C. 2 L. D CCNL 00-01);+
2024;ERIC;F;FINANZIA;53C;RISORSE EX ART. 19 C. 1 CCNL 02-05 (PREST. COMM. EST.);+
2024;SSNA;F;FINANZIA;71G;IMPORTO CONSOLIDATO AL 31.12.07 (ART. 11 C. 1 CCNL 08-09);+
2024;UCAM;F;FINANZIA;27I;ART 1 C 456 L 147/2013 - DECURTAZIONE PERMANENTE;-
2024;ENAC;F;FINANZIA;96H;ART 16 CC 4-5-6 DL 98/11 - RISP. PIANI RAZIONALIZZAZIONE;+
2024;SSNA;F;FINANZIA;96H;ART 16 CC 4-5-6 DL 98/11 - RISP. PIANI RAZIONALIZZAZIONE;+
2024;PCMD;F;FINANZIA;96H;ART 16 CC 4-5-6 DL 98/11 - RISP. PIANI RAZIONALIZZAZIONE;+
2024;RALN;U;UTILIZZO;00V;POLIZIA LOCALE - INDENNITÀ DI SERVIZIO ESTERNO;+
2024;CNEL;U;UTILIZZO;00L;SPECIFICHE RESPONSABILITÀ;+
2024;AGID;U;UTILIZZO;00L;SPECIFICHE RESPONSABILITÀ;+
2024;AGFI;U;UTILIZZO;00Q;ALTRE SPECIFICHE DISPOSIZIONI DI LEGGE;+
2024;RALN;U;UTILIZZO;00Y;POLIZIA LOCALE - INDENNITÀ DI FUNZIONE;+
2024;SSNA;F;FINANZIA;00P;ART 23 C 2 DLGS 75/2017 - DEC. FONDO RISPETTO LIMITE 2016;-
2024;UNIV;F;FINANZIA;00P;ART 23 C 2 DLGS 75/2017 - DEC. FONDO RISPETTO LIMITE 2016;-
2024;ERIC;U;UTILIZZO;22I;INCENTIVI FUNZIONI TECNICHE;+
2024;RALN;U;UTILIZZO;22I;INCENTIVI FUNZIONI TECNICHE;+
2024;MNST;U;UTILIZZO;22I;INCENTIVI FUNZIONI TECNICHE;+
2024;ENAC;U;UTILIZZO;63A;PASSAGGI DI LIVELLO ECONOMICO A VALERE FONDO ANNO DI RIF.TO;+
2024;SSNA;U;UTILIZZO;01H;INDENNITÀ DI COORDINAMENTO AD ESAURIMENTO;+
2024;REVA;F;FINANZIA;01P;ALTRE DECURTAZIONI NON COMPRESE FRA LE PRECEDENTI;-
2024;CDIP;F;FINANZIA;02P;ART 1 C 189 L 266/05 - DEC. FONDO RISPETTO LIMITE 2004-10%;-
2024;CPRE;F;FINANZIA;02P;ART 1 C 189 L 266/05 - DEC. FONDO RISPETTO LIMITE 2004-10%;-
2024;MNST;F;FINANZIA;02P;ART 1 C 189 L 266/05 - DEC. FONDO RISPETTO LIMITE 2004-10%;-
2024;ERIC;F;FINANZIA;01S;ART 40 C 3-Q DLGS 165/2001 - DEC. ANNO PER PIANI DI RECUP.;-
2024;RALN;F;FINANZIA;01T;ART 4 DL 16/2014 - DEC. ANNO PER PIANI DI RECUP.;-
2024;RALN;U;UTILIZZO;00F;INDENNITÀ PERSONALE EX VIII QUALIFICA FUNZIONALE;+
2024;EPNE;F;FINANZIA;05L;ART 76 C 2 CCNL 16-18 - UNICO IMPORTO CONSOLIDATO 2017;+
2024;EPNE;F;FINANZIA;05S;ART 76 C 4 L D) CCNL 16-18 - RIA IND AMM/ENTE CES MENS RESID;+
2024;MNST;F;FINANZIA;05S;ART 76 C 4 L D) CCNL 16-18 - RIA IND AMM/ENTE CES MENS RESID;+
2024;CNEL;U;UTILIZZO;02L;PERFORMANCE ORGANIZZATIVA;+
2024;EPNE;U;UTILIZZO;02M;PERFORMANCE INDIVIDUALE;+
2024;AGFI;U;UTILIZZO;02P;PROGRESSIONI ECONOMICHE ANNO DI RIFER.TO;+
2024;ENAC;U;UTILIZZO;02P;PROGRESSIONI ECONOMICHE ANNO DI RIFER.TO;+
2024;MNST;U;UTILIZZO;02P;PROGRESSIONI ECONOMICHE ANNO DI RIFER.TO;+
2024;CNEL;U;UTILIZZO;02S;WELFARE INTEGRATIVO A CARICO DEL FONDO;+
2024;ERIC;U;UTILIZZO;02S;WELFARE INTEGRATIVO A CARICO DEL FONDO;+
2024;SSNA;U;UTILIZZO;07C;COMPENSI CORRELATI ALLE CONDIZIONI DI LAVORO;+
2024;EPNE;F;FINANZIA;19S;RISORSE ART. 18 L. 88/89;+
2024;EPNE;F;FINANZIA;27J;ART 29 C 2 CCNL 19-21 - 2,75% M.S. 2018;+
2024;MNST;F;FINANZIA;27K;ART 29 C 2 CCNL 19-21 - 2,60% M.S. 2018;+
2024;REFR;F;FINANZIA;29J;ART 45 C 10 CCRL 19-21 - RIS BILANCIO INDENNITÀ;+
2024;REFR;U;UTILIZZO;07V;ART 43 CCRL19-21 IND MULTIDISCIPLINARE PICCOLI COMUNI;+
2024;REFR;U;UTILIZZO;03E;ART 21 C 2 L E CCRL 98-01 - IND PARTICOLARI RESPONSABILITÀ;+
2024;REFR;U;UTILIZZO;03G;ART 48 CCRL 04-05 - IND FORME ASSOCIATIVE;+
2024;REFR;U;UTILIZZO;03H;INCENTIVI PRODUTTIVITÀ - PERFORMANCE;+
2024;AGID;F;FINANZIA;11Y;SPEC. DISP. DI LEGGE O REG.TI (ART. 51 C. 3 P. 2 CCNL 16-18);+
2024;SSNA;F;FINANZIA;13O;ART 95 C 4 L A CCNL 16-18 - RATEI RIA ASS PERS CESS ANNO PR;+
2024;SSNA;F;FINANZIA;13Z;ART 96 C 3 L B CCNL 16-18 - INCR. RID. STABILE DOT. ORG;+
2024;SSNA;U;UTILIZZO;01L;PREMI CORRELATI ALLA PERFORMANCE INDIVIDUALE;+
2024;UCAM;F;FINANZIA;22P;ART 63 C 2 L B) CCNL 16-18 - RIA PERS. CESSATO ANNO PREC;+
2024;SSNA;F;FINANZIA;25K;ART 102 C 3 L D CCNL 19-21 - INCR MAX 30% FONDO ART 103;+
2024;REFR;F;FINANZIA;27Z;ART.45 C 1 CCRL 19-21 - RIS. STABILI CONSOLIDATE AL 31.12.18;+
2024;SSNA;F;FINANZIA;14O;ART 96 C 4 L B CCNL16-18 - ALTRE SPEC DISPOSIZ DI LEGGE;+
2024;SSNA;F;FINANZIA;19L;ART 91 C 3 L C CCNL 16-18 - INCR DOT ORG - MOD RAMI AZ.LI;+
2024;RESI;F;FINANZIA;32Y;ART 101 C 1 CCRL 19-21 INCR 50,00 EURO PERS IN SERV 31.12.18;+
2024;RESI;F;FINANZIA;33P;ART 100 C 2 L G CCRL 19-21 - PERS. A TEMPO DETERM. STABILIZ.;+
2024;RALN;U;UTILIZZO;05R;STRAORDINARIO PER EVENTI STRAORDINARI E CALAMITÀ NATURALI;+
2024;CNEL;F;FINANZIA;20T;ART 49 C 3 CCNL 19-21 - INCREM (IN % M.S. 2018, TAB D CCNL);+
2024;UCAM;F;FINANZIA;23S;RIS STRAORDINARIO ORDINARIO ANNO 2018;+
2024;UNIV;U;UTILIZZO;01X;WELFARE INTEGRATIVO A CARICO DEL FONDO;+
2024;SSNA;F;FINANZIA;10O;ART 11 C 1 DL 35/19 - FINANZ REG.LE PER NUOVE ASSUNZIONI;+
2024;REVA;F;FINANZIA;17Z;ART 020 TU 5-10-11 - RIS INCARICHI AGGIUNTIVI;+
2024;SSNA;F;FINANZIA;25R;ART 103 C 3 CCNL 19-21 - DEC DOTAZ ORG (CESS RAMI AZ.LI);-
2024;SSNA;U;UTILIZZO;07P;DEP (DIFFERENZIALI ECON. DI PROF.TÀ) ANNO DI RILEVAZIONE;+
2024;EPNE;F;FINANZIA;24P;ART. 45 DLGS 36/2023 - INCENTIVI ALLE FUNZIONI TECNICHE;+
2024;PCMD;F;FINANZIA;24P;ART. 45 DLGS 36/2023 - INCENTIVI ALLE FUNZIONI TECNICHE;+
2024;RESA;F;FINANZIA;29Q;ARTT 2-3-4 ACCORDO 15.5.2023 - INCREM FONDO POSIZIONE;+
2024;SSNA;F;FINANZIA;30P;ART 11 C 1 DL 35/19 E ART 5 DL 73/24 FINANZ REG.LE NUOVE ASS;+
2024;SSNA;F;FINANZIA;30R;ART 52 C 2 CCNL 19-21 - INCR. 270,42 EURO DA 31.12.2021;+
2024;ERIC;F;FINANZIA;08N;ART 90 C 2 L B) CCNL 16-18 - 0,25% MS01 ART 8 C 5 CCNL 02-05;+
2024;SSNA;F;FINANZIA;30V;ART. 17 C 1 LETT D - ALTRE SPEC. DISP. DI LEGGE;+
2024;AGID;F;FINANZIA;32O;ART 32 C 1 CCNL 22-24 - INCREM (IN % M.S. 2021, TAB 7 CCNL);+
2024;EPNE;F;FINANZIA;32O;ART 32 C 1 CCNL 22-24 - INCREM (IN % M.S. 2021, TAB 7 CCNL);+
2024;MNST;F;FINANZIA;32O;ART 32 C 1 CCNL 22-24 - INCREM (IN % M.S. 2021, TAB 7 CCNL);+
2024;SSNA;F;FINANZIA;19U;ART 90 C 3 L D CCNL 16-18  DEC. DOT ORG (MOD RAMI AZ.LI);-
2024;AGFI;F;FINANZIA;20Z;ART 49 C 7 CCNL 19-21 - RISP STRAORD NON UTILIZ ANNO CORR.;-
2024;PCMD;F;FINANZIA;22L;ART 73 C 2 L F) CCNL 16-18 - RID. STAB. STRAORDINARIO;-
2024;REFR;F;FINANZIA;28Q;ART 45 C 3 CCRL 19-21 - RIS VAR DIP T.I. AL 31.12.2020;+
2024;EPNE;F;FINANZIA;16L;ART 11 C 1 L B DL 135/18 - INCR ACC ASS DEROGA FAC ASS.LI;+
2024;SSNA;F;FINANZIA;16L;ART 11 C 1 L B DL 135/18 - INCR ACC ASS DEROGA FAC ASS.LI;+
2024;RESI;F;FINANZIA;16L;ART 11 C 1 L B DL 135/18 - INCR ACC ASS DEROGA FAC ASS.LI;+
2024;CNEL;F;FINANZIA;29K;ART 32 C 2 CCNL 19-21 - 1,87% M.S. 2018;+
2024;RESA;F;FINANZIA;29W;ART 102 C 2 L B) CCRL 98-01 - ECONOMIE RINN CONTRATT;+
2024;AFAM;F;FINANZIA;26P;ART 4 C 1 CCNL 08-09 - INCREMENTI FONDO ISTITUTO;+
2024;UNIV;U;UTILIZZO;08O;PROGRESSIONI ECONOMICHE EP - ANNO DI RIFER.TO;+
2024;ERIC;F;FINANZIA;32Q;ART 35 C 2 CCNL 19-21 - 2,17% M.S. 2018;+
2024;AGID;F;FINANZIA;17X;ART 70 CCNL 98-01 E S.M.I. - RISORSE STRAORD. ANNO CORR.;+
2024;ERIC;U;UTILIZZO;03U;PROCEDURE ART. 53 CCNL 98-01;+
2024;SCLA;F;FINANZIA;09X;ART 40 C 3 CCNL 16-18 - DEC INCR RETRIB PROF.LE PERS DOCENTE;-
2024;ENAC;F;FINANZIA;20S;ART 49 C 2 CCNL 19-21 - RIS DIFF STIP PRECED CARICO BILANCIO;+
2024;SSNA;F;FINANZIA;28L;ART 103 C 7 CCNL 19-21 - 68,41 EURO ART 1 C 604 L 234/2021;+
2024;AGID;F;FINANZIA;21K;RISORSE RIASS EX ART 2 C 3 DLGS 165/2001;+
2024;PCMD;F;FINANZIA;21R;ART 73 C 2 L G) CCNL 16-18 - RIS. ART 1 C 143 UP L 160/2019;+
2024;PCMD;F;FINANZIA;21S;ART 73 C 2 L H) CCNL 16-18 - REC. TRATT. FOND.LE NETTO CESS.;+
2024;UCAM;F;FINANZIA;22U;ART 62 C 4 CCNL 16-18 - ASS PEREQ PV CESS;+
2024;REFR;U;UTILIZZO;02Z;ART 24 CCRL 16-18 - INDENNITÀ FUNZIONI PROTEZIONE CIVILE;+
2024;SCLA;U;UTILIZZO;03Y;ART 88 C 2 L J) CCNL 06-09 - DSGA QUOTA VARIAB IND DIREZIONE;+
2024;AGID;U;UTILIZZO;06B;PRESTAZIONI LAVORO STRAORDINARIO;+
2024;REVA;F;FINANZIA;16Z;ART 062 C 3 TU 5-10-11 - ECON ART 16 CC 4 E 5 DL 98/2011;+
2024;CPRE;F;FINANZIA;00O;ALTRE RISORSE NON COMPRESE FRA LE PRECEDENTI;+
2024;AGFI;F;FINANZIA;00O;ALTRE RISORSE NON COMPRESE FRA LE PRECEDENTI;+
2024;REVA;F;FINANZIA;01O;ART 058 C 5 TUDC - FONDO LAVORO STRAORDINARIO;+
2024;REVA;U;UTILIZZO;06K;ART 058 TUDC - PRESTAZIONI DI LAVORO STRAORDINARIO;+
2024;RESA;F;FINANZIA;17R;ART. 41 C 2 CCRL 06-09 - COMPENSI INCARICHI DA TERZI;+
2024;RESA;F;FINANZIA;17W;ART 85 CCRL 98-01 - RISORSE INDENNITÀ;+
2024;SCLA;U;UTILIZZO;06R;ART 40 C 4 L E) CCNL 16-18 - DOC PROGETTI AREE A RISCHIO;+
2024;UCAM;F;FINANZIA;23P;ART 64BIS C 2 L A) CCNL 16-18 - RIA CESS A PREC MENS RESIDUE;+
2024;RALN;F;FINANZIA;23X;ART 79 C 1 L D CCNL 19-21 - RIDET. INCREM. STIP. CCNL 19-21;+
2024;RALN;F;FINANZIA;24N;ART. 31-BIS CC 1,5 DL 152/21 - INCREM. ASS TD PNRR (COMUNI);+
2024;AGID;F;FINANZIA;24O;ART 1 DL 80/2021 - INCREM. ASS TD FINANZ DIRETTO PNRR;+
2024;UCAM;F;FINANZIA;24O;ART 1 DL 80/2021 - INCREM. ASS TD FINANZ DIRETTO PNRR;+
2024;REVA;F;FINANZIA;07M;ART 153 TUDC - ALIM FUA ENTI MINORI CORSO D'ANNO;+
2024;SCLA;F;FINANZIA;09Q;ART 40 C 1 L B) CCNL 16-18 - RIS ORE ECCEDENTI ED FISICA;+
2024;RALN;F;FINANZIA;24M;ART 8 C 5 DL 13/2023 - INCENT. FUNZ. TECNICHE PROGETTI PNRR;+
2024;RALN;F;FINANZIA;26O;ART 17 C 6 CCNL 19-21 - RIDUZIONE RISORSE DESTINATE INC. EQ;-
2024;PCMD;F;FINANZIA;12N;INCREMENTI CCNL 16-18 (ART. 41 C. 1);+
2024;REFR;F;FINANZIA;10M;ART 9 C 3 DL 90/2014 - COMP AVVOCATI CARICO CONTROPARTI;+
2024;RALN;F;FINANZIA;10M;ART 9 C 3 DL 90/2014 - COMP AVVOCATI CARICO CONTROPARTI;+
2024;EPNE;F;FINANZIA;10M;ART 9 C 3 DL 90/2014 - COMP AVVOCATI CARICO CONTROPARTI;+
2024;RESI;U;UTILIZZO;04O;POSIZIONI ORGANIZZATIVE;+
2024;SSNA;U;UTILIZZO;05B;ASSEGNI PERSONALI CARICO FONDO;+
2024;ERIC;F;FINANZIA;08Q;ART 90 C 5 CCNL 16-18 - REC RISORSE PERS CESS PARTIRE 2009;+
2024;CNEL;F;FINANZIA;09N;ART 92 C 2 L B) CCNL 16-18 - 1% M.S. 1999;+
2024;ERIC;F;FINANZIA;10V;INCREMENTI CCNL 16-18 (ART. 47, C. 2);+
2024;SSNA;F;FINANZIA;14T;ART 96 C 3 L C CCNL 16-18 -- INCR DOTAZ ORG (NUOVE ASS.NI);+
2024;RALN;F;FINANZIA;15J;ART 33 DL 34/19 - ASSUNZ. SU BASE DI SOSTENIBILITÀ;+
2024;AGFI;F;FINANZIA;15U;ART. 40-BIS C 1 PERIODO 2 DL 162/2019 - POTENZ AG. FISCALI;+
2024;SSNA;F;FINANZIA;967;ASSEGNI E MAT. EC. PERS CESS (ART50 C2 LD, C3 LB CCNL 98-01);+
2024;ERIC;U;UTILIZZO;998;ALTRI ISTITUTI NON COMPRESI FRA I PRECEDENTI;+
2024;UCAM;U;UTILIZZO;998;ALTRI ISTITUTI NON COMPRESI FRA I PRECEDENTI;+
2024;CNEL;U;UTILIZZO;448;RETRIBUZIONE DI POSIZIONE;+
2024;ERIC;U;UTILIZZO;448;RETRIBUZIONE DI POSIZIONE;+
2024;ERIC;F;FINANZIA;999;SOMME NON UTILIZZATE FONDO/I ANNO PRECEDENTE;+
2024;AFAM;F;FINANZIA;999;SOMME NON UTILIZZATE FONDO/I ANNO PRECEDENTE;+
2024;UNIV;F;FINANZIA;999;SOMME NON UTILIZZATE FONDO/I ANNO PRECEDENTE;+
2024;PCMD;F;FINANZIA;21E;RIS. DA TERZI PER INCAR. AGG.VI (ART 51 C 3 L. A CCNL 02-05);+
2024;ENAC;F;FINANZIA;96E;RIA PERS. CESS. MISURA INTERA(ART.82 C.3 L.F P.3 CCNL 02-05);+
2024;ENAC;F;FINANZIA;72C;INCREMENTI CCNL 06-09 (ART. 19 C. 1);+
2024;MNST;F;FINANZIA;74C;RIA PERS. CESSATO BASE ANNUA (ART.51 C. 4 P. 1 CCNL 02-05);+
2024;ENAC;F;FINANZIA;88E;SPEC. DISP. DI LEGGE O REG.TI (ART. 55 C. 3 L. B CCNL 02-05);+
2024;ENAC;F;FINANZIA;90E;RIA CESS. ANNO PREC. RATEO ACC.(ART.55 C.4 P.2-3 CCNL 02-05);+
2024;AGID;F;FINANZIA;91C;RATEO RIA CESS ANNO PREC. ACC. (ART 58 C 4 PP 2-3 CCNL02-05);+
2024;CPRE;F;FINANZIA;33F;RIA PERS. CESS. RAPPORTATO ANNO (ART. 19 CC. 3-4 DPR 316/01);+
2024;CDIP;F;FINANZIA;46F;RIA CESS. ANNO PREC. ACC. (ART. 16 CC. 3-4 DPR 114/01);+
2024;AFAM;F;FINANZIA;77F;ART 71 C 1 CCNL 02-05 - RISORSE STORICHE 2003 E INCREM CCNL;+
2024;SCLA;F;FINANZIA;73F;INCREMENTI CCNL 06-09 (ART. 25 C. 2);+
2024;AFAM;F;FINANZIA;82F;RISORSE VARIABILI DA PRIVATI;+
2024;CNEL;U;UTILIZZO;449;RETRIBUZIONE DI RISULTATO;+
2024;SCLA;U;UTILIZZO;449;RETRIBUZIONE DI RISULTATO;+
2024;RESI;U;UTILIZZO;449;RETRIBUZIONE DI RISULTATO;+
2024;PCMD;U;UTILIZZO;542;MOBILITÀ;+
2024;REFR;F;FINANZIA;69A;INCREMENTI CCRL 02-05 (ART. 47, C. 1 L. D-I-L);+
2024;REFR;F;FINANZIA;72A;RIA E MAT. ECON. CESSATI (ART. 47, C. 1 L. G CCRL 02-05);+
2024;ERIC;U;UTILIZZO;617;PROGRESSIONI ECONOMICHE (ART. 53 CCNL 98-01 E SUCC. MOD.);+
2024;EPNE;F;FINANZIA;57B;NUOVI SERVIZI / RIORGANIZZAZIONE (ART. 59 C. 9 CCNL 02-05);+
2024;EPNE;F;FINANZIA;64B;MAGG. ENTR. O EC. GEST. (ART. 59 C. 3 L. D CCNL 02-05);+
2024;EPNE;U;UTILIZZO;267;SPECIFICO TRATTAMENTO ECONOMICO;+
2024;CNEL;F;FINANZIA;61E;INCREMENTI CCNL 06-09 (ART. 23 C. 1);+
2024;ENAC;F;FINANZIA;05F;RISP ART 2 C 3 DLGS 165/01 (ART. 14 C. 3 L. C CCNL 02-05SUC);+
2024;ENAC;F;FINANZIA;07F;NUOVI SERV. O RIORG. - STAB (ART 14 C 5 CCNL 02-05SUC);+
2024;SSNA;F;FINANZIA;954;INCR. DOT. ORG. O NUOVI SERV (ART. 53 -COND LAV- CCNL 98-01);+
2024;PCMD;F;FINANZIA;23E;RIS. DIRIGENTI DI PRESTITO (ART. 51 C. 7 CCNL 02-05);+
2024;ENAC;F;FINANZIA;91E;NUOVI SERV. O RIORG. - VAR. (ART. 55 CC. 7-8 CCNL 02-05);+
2024;CDIP;F;FINANZIA;41F;INCREMENTI ACCORDO 04-07 (ART. 19 C. 1 DPR 107/06);+
2024;ERIC;U;UTILIZZO;594;INDENNITÀ ONERI SPECIFICI;+
2024;ERIC;F;FINANZIA;85G;INCREMENTI CCNL 06-09 (ART. 22 C. 1);+
2024;EPNE;F;FINANZIA;86G;INCREMENTI CCNL 08-09 (ART. 7 C. 1);+
2024;EPNE;F;FINANZIA;05H;ART 4 C 1 ALINEA 2 E 3 CCNL 04-05 - INCREMENTI;+
2024;PCMD;F;FINANZIA;07H;ART 4 C 1 CCNL 08-09 - INCREMENTI;+
2024;EPNE;F;FINANZIA;20I;DEC PER CESS. A FAVORE FONDO AREE (ART. 25 C. 4 CCNL 02-05);-
2024;EPNE;F;FINANZIA;02H;INCREMENTI CCNL 08-09 (ART. 10 C. 1);+
2024;EPNE;F;FINANZIA;03H;RIA PERS. CESSATO BASE ANNUA (ART 86 C 4 P 1 CCNL 94-97);+
2024;EPNE;F;FINANZIA;04H;RIA PERS. CESS. RATEO ANNO CESS (ART 86 C 4 P 2 CCNL 94-97);+
2024;CPRE;F;FINANZIA;50H;ART 43 L 449/1997 - ENTR. CONTO TERZI O UTENZA O SPONSOR.;+
2024;AGID;F;FINANZIA;50H;ART 43 L 449/1997 - ENTR. CONTO TERZI O UTENZA O SPONSOR.;+
2024;ERIC;F;FINANZIA;45G;(SOLO ASI) RIS SPEC TRATT. ECONOM - ART 3 CC. 2-3 CCNL 02-05;+
2024;ERIC;F;FINANZIA;54G;(SOLO ASI) RIS SPECIALE TRATT ECONOM (ART 43 C 2 CCNL 02-05);+
2024;PCMD;U;UTILIZZO;09A;PRODUTTIVITÀ / PERFORMANCE COLLETTIVA;+
2024;ERIC;F;FINANZIA;27C;RIA PERSONALE CESSATO (ART. 55 C. 4 P. 1 CCNL 02-05);+
2024;ERIC;F;FINANZIA;52C;EMERGENZA O STRAORD. NECESSITÀ (ART. 9 C. 4 CCNL 00-01);+
2024;SCLA;F;FINANZIA;27I;ART 1 C 456 L 147/2013 - DECURTAZIONE PERMANENTE;-
2024;EPNE;U;UTILIZZO;10A;PRODUTTIVITÀ / PERFORMANCE INDIVIDUALE;+
2024;SSNA;F;FINANZIA;05I;INCR. CCNL 06-09 (ART. 27 C. 2, ALINEA 2 - NETTO ALINEA 1);+
2024;EPNE;U;UTILIZZO;02I;RETRIBUZIONE DI RISULTATO (ONNICOMPRENSIVITÀ);+
2024;CNEL;U;UTILIZZO;02I;RETRIBUZIONE DI RISULTATO (ONNICOMPRENSIVITÀ);+
2024;EPNE;U;UTILIZZO;10I;RETRIBUZIONE RISULTATO PROFESSIONISTI LEGALI;+
2024;PCMD;F;FINANZIA;25I;SVIL EC PO FLESS ART83 C 4 P 2 CCNL 02-05 - RISORSE;+
2024;EPNE;F;FINANZIA;00L;DEC FONDO/PARTE VARIAB. RID PROP PERS(ART.1 C.236 L.208/15);-
2024;AGID;F;FINANZIA;02Z;ART 73 C 1 CCNL 16-18 - RIDET PER INCREM STIP CCNL;+
2024;MNST;U;UTILIZZO;00L;SPECIFICHE RESPONSABILITÀ;+
2024;RALN;U;UTILIZZO;00W;RETRIBUZIONE DI RISULTATO;+
2024;ENAC;F;FINANZIA;00P;ART 23 C 2 DLGS 75/2017 - DEC. FONDO RISPETTO LIMITE 2016;-
2024;PCMD;U;UTILIZZO;22I;INCENTIVI FUNZIONI TECNICHE;+
2024;RESI;U;UTILIZZO;22I;INCENTIVI FUNZIONI TECNICHE;+
2024;SSNA;U;UTILIZZO;01D;COMPENSI LAVORO STRAORDINARIO;+
2024;EPNE;F;FINANZIA;01P;ALTRE DECURTAZIONI NON COMPRESE FRA LE PRECEDENTI;-
2024;RESA;F;FINANZIA;01P;ALTRE DECURTAZIONI NON COMPRESE FRA LE PRECEDENTI;-
2024;REFR;F;FINANZIA;01P;ALTRE DECURTAZIONI NON COMPRESE FRA LE PRECEDENTI;-
2024;AGFI;F;FINANZIA;01P;ALTRE DECURTAZIONI NON COMPRESE FRA LE PRECEDENTI;-
2024;RESI;F;FINANZIA;01P;ALTRE DECURTAZIONI NON COMPRESE FRA LE PRECEDENTI;-
2024;UCAM;F;FINANZIA;01P;ALTRE DECURTAZIONI NON COMPRESE FRA LE PRECEDENTI;-
2024;ERIC;F;FINANZIA;02P;ART 1 C 189 L 266/05 - DEC. FONDO RISPETTO LIMITE 2004-10%;-
2024;RESA;F;FINANZIA;28I;ART 102 C 1 L A) CCRL 98-01 - QUOTA STORICA;+
2024;RALN;F;FINANZIA;00T;ART 67 C 3 L C CCNL 16-18 - ALTRE SPEC. DISP. DI LEGGE;+
2024;REFR;F;FINANZIA;01S;ART 40 C 3-Q DLGS 165/2001 - DEC. ANNO PER PIANI DI RECUP.;-
2024;CDIP;F;FINANZIA;01S;ART 40 C 3-Q DLGS 165/2001 - DEC. ANNO PER PIANI DI RECUP.;-
2024;CPRE;F;FINANZIA;01S;ART 40 C 3-Q DLGS 165/2001 - DEC. ANNO PER PIANI DI RECUP.;-
2024;RALN;U;UTILIZZO;00D;INDENNITÀ DI COMPARTO - QUOTA CARICO FONDO;+
2024;RALN;U;UTILIZZO;00H;PREMI CORRELATI ALLA PERFORMANCE INDIVIDUALE;+
2024;AGID;F;FINANZIA;05L;ART 76 C 2 CCNL 16-18 - UNICO IMPORTO CONSOLIDATO 2017;+
2024;ENAC;F;FINANZIA;05M;ART 76 C 3 L A) CCNL 16-18 - INCREMENTO DA 1.1.18;+
2024;EPNE;F;FINANZIA;05N;ART 76 C 3 L B) CCNL 16-18 - RIA PERS CESSATO MISURA INTERA;+
2024;AGFI;F;FINANZIA;05N;ART 76 C 3 L B) CCNL 16-18 - RIA PERS CESSATO MISURA INTERA;+
2024;AGFI;F;FINANZIA;05S;ART 76 C 4 L D) CCNL 16-18 - RIA IND AMM/ENTE CES MENS RESID;+
2024;EPNE;F;FINANZIA;05T;ART 76 C 4 L G CCNL 16-18 - NUOVI SERVIZI / PROCESSI RIORG;+
2024;EPNE;U;UTILIZZO;02L;PERFORMANCE ORGANIZZATIVA;+
2024;CNEL;U;UTILIZZO;02N;INDENNITÀ CONDIZIONI DI LAVORO;+
2024;CNEL;U;UTILIZZO;02P;PROGRESSIONI ECONOMICHE ANNO DI RIFER.TO;+
2024;AGID;U;UTILIZZO;02S;WELFARE INTEGRATIVO A CARICO DEL FONDO;+
2024;SCLA;U;UTILIZZO;06Q;ART 40 C 4 L C) CCNL 16-18 - DOC FUNZIONI STRUMENTALI AL POF;+
2024;SCLA;U;UTILIZZO;14;ART 40 C 4 L B) CCNL 16-18 - DOC ORE ECCED;+
2024;RALN;F;FINANZIA;20M;(EVENTUALI) QUOTE A RIMBORSO EX ART 43 C 2 CCNL 16-5-01;+
2024;RESI;F;FINANZIA;29P;ART 3 C 4 L.R. 13/2022 - DEC FONDO 2022-24;-
2024;REFR;U;UTILIZZO;03F;ART 21 C 2 L I CCRL 98-01 - IND STATO CIV ANAGR ELET TRIBUT;+
2024;EPNE;U;UTILIZZO;06J;INDENNITÀ CONDIZIONI DI LAVORO;+
2024;AGID;F;FINANZIA;20J;ART 70 C 2 AL 5 CCNL 4/2011 - DEC PEO ANNO PRECEDENTE;-
2024;EPNE;F;FINANZIA;11X;INCREMENTI CCNL 16-18 (ART. 51 C. 1);+
2024;MNST;F;FINANZIA;11X;INCREMENTI CCNL 16-18 (ART. 51 C. 1);+
2024;SSNA;F;FINANZIA;13Q;ART 95 C 4 L C CCNL 16-18 - 1% MS 1997 PROGR CONC REGIONALI;+
2024;SSNA;F;FINANZIA;13U;ART 95 C 4 L F CCNL16-18 - ALTRE SPEC DISPOSIZ DI LEGGE;+
2024;SSNA;F;FINANZIA;13W;ART 95 C 9 CCNL 16-18 - DEC STAB FAVORE FONDO INCARICHI;-
2024;RESA;F;FINANZIA;17L;ART 8 C 1 CCRL 16-18 - FONDO STANZ 2016 NETTO FIN POS FISSA;+
2024;REFR;F;FINANZIA;28N;ART 45 C 7 CCRL 19-21 - RIA E ASS AD PERS DIP CESS DA 1.1.22;+
2024;SSNA;F;FINANZIA;24R;ART 73  C 2 L A CCNL 19-21 - INCREM 136,56 EURO DA 31.12.21;+
2024;SSNA;F;FINANZIA;18Y;ART 90 C 4 L B CCNL 16-18 - SPEC DISP LEGGE;+
2024;SSNA;F;FINANZIA;19M;ART 91 C 3 L C CCNL 16-18 - INCR DOT ORG - NUOVE ASS.NI;+
2024;UCAM;U;UTILIZZO;05P;STRAORDINARIO ORDINARIO;+
2024;RALN;U;UTILIZZO;05Q;STRAORDINARIO ELETTORALE;+
2024;AGFI;F;FINANZIA;20T;ART 49 C 3 CCNL 19-21 - INCREM (IN % M.S. 2018, TAB D CCNL);+
2024;ENAC;F;FINANZIA;20U;ART 49 C 7 CCNL 19-21 - RISPARMI STRAORDINARIO ANNO RIF.TO;+
2024;MNST;F;FINANZIA;20U;ART 49 C 7 CCNL 19-21 - RISPARMI STRAORDINARIO ANNO RIF.TO;+
2024;AGFI;U;UTILIZZO;07H;PERFORMANCE NUOVI MODELLI ORGANIZZATIVI (LAVORO AGILE);+
2024;AGID;F;FINANZIA;19X;ART 69 C 2 AL 6 CCNL 4/2011 - DIFF STIP PERS CESS ANNO PREC;+
2024;UNIV;F;FINANZIA;04M;ART 88 C 4 CCNL 06-09 - DEC PER PROGR ECONOM;-
2024;UNIV;U;UTILIZZO;01T;INDENNITÀ CORRELATE ALLE CONDIZION DI LAVORO;+
2024;RESA;F;FINANZIA;17U;ART 41 C 5 CCRL 06-09 ONORARI AVVOCATI E PROV ATT PROF.LI;+
2024;RESA;U;UTILIZZO;06P;ART 87 C 1 L D CCRL 98-01 - TURNI;+
2024;RALN;U;UTILIZZO;06Z;MAGGIORAZIONE RETRIBUZIONE DI POSIZIONE;+
2024;SSNA;F;FINANZIA;255;ART 102 C 3 L C CCNL 19-21- DEC DOTAZ ORG (CESS RAMI AZ.LI);-
2024;SSNA;F;FINANZIA;25O;ART 103 C 5 L A CCNL 19-21 - RIS AGG REG (1,6% M.S. 1997);+
2024;SSNA;F;FINANZIA;25P;ART 103 C 5 L D CCNL 19-21 - ALTRE SPEC. DISP. DI LEGGE;+
2024;SSNA;F;FINANZIA;25Q;ART 103 C 5 L E CCNL 19-21 - RIA CESS ANNO PREC MENS RESIDUE;+
2024;SSNA;U;UTILIZZO;07N;INCARICO DI FUNZIONE PROFESSIONALE;+
2024;EPNE;F;FINANZIA;27P;ART 61 C 2 CCNL 19-21 - 2,06% M.S. 2018;+
2024;SSNA;F;FINANZIA;30T;ART. 18 C 2 L B CCNL 19-21 - RIS ART 102 C 5 CCNL 2.11.2022;+
2024;REFR;U;UTILIZZO;03B;ART 26 CCRL 16-18 - INDENNITÀ SERV. EST. POLIZIA LOCALE;+
2024;UNIV;F;FINANZIA;31W;ART 121 C 2 L D CCNL 19-21 - RIA CESS ANNO PREC RATEO;+
2024;UNIV;F;FINANZIA;31Y;ART 121 C 2 L E CCNL 19-21 - FINANZ INC AGGVI DA TERZI;+
2024;SSNA;U;UTILIZZO;05E;WELFARE INTEGRATIVO A CARICO DEL FONDO;+
2024;EPNE;F;FINANZIA;20Z;ART 49 C 7 CCNL 19-21 - RISP STRAORD NON UTILIZ ANNO CORR.;-
2024;SSNA;F;FINANZIA;24S;ART 73 C 3 L A CCNL 19-21 - FINANZ PS ART 1 C 293 L 234/2021;+
2024;CNEL;F;FINANZIA;16L;ART 11 C 1 L B DL 135/18 - INCR ACC ASS DEROGA FAC ASS.LI;+
2024;CDIP;F;FINANZIA;16L;ART 11 C 1 L B DL 135/18 - INCR ACC ASS DEROGA FAC ASS.LI;+
2024;AFAM;F;FINANZIA;16L;ART 11 C 1 L B DL 135/18 - INCR ACC ASS DEROGA FAC ASS.LI;+
2024;MNST;F;FINANZIA;16L;ART 11 C 1 L B DL 135/18 - INCR ACC ASS DEROGA FAC ASS.LI;+
2024;RESA;F;FINANZIA;29S;ART 102 C 1 L C) CCRL 98-01 - ECONOMIE  RINN CONTRATT;+
2024;RESA;F;FINANZIA;29Z;ART. 102 C 2 L F) CCRL 98-01 - SOMME NON UTIL F PROGR PROF;+
2024;REVA;U;UTILIZZO;03L;ART 154 C 1 L A) TUDC - SALARIO DI RISULTATO;+
2024;MNST;U;UTILIZZO;06E;CCNL 16-18 ART. 69 C. 1 L. C - RETRIBUZIONE DI RISULTATO;+
2024;MNST;U;UTILIZZO;06F;CCNL 16-18 ART. 69 C. 1 L. D  - IND. SPEC. MEDICO-VETER.;+
2024;UNIV;F;FINANZIA;31N;ART 119 C 2 L D CCNL 19-21 DIFF STIP CESS ANNO PREC RATEO;+
2024;UNIV;F;FINANZIA;31Q;ART 119 C 2 L H CCNL 19-21 RISORSE NON UTILIZZATE ANNO PREC;+
2024;UNIV;F;FINANZIA;32K;ART 121 C 2 L H CCNL 19-21- RISORSE NON UTILIZZATE ANNO PREC;+
2024;UNIV;F;FINANZIA;32L;ART 119 C 1 L B CCNL 19-21 RID STAB STRAORDINARIO;-
2024;ERIC;F;FINANZIA;32R;INCREMENTI CCNL 19-21 - ART. 147, C. 2;+
2024;MNST;F;FINANZIA;16M;UNICO IMPORTO CONSOLIDATO 2018;+
2024;ERIC;F;FINANZIA;21X;(NO ASI) ART 89 C 1 L A) CCNL 16-18 - INCREM IND ENTE;+
2024;AGFI;F;FINANZIA;26Z;ART 1 C 720 L 145/18 - POTENZ AG ENTRATE;+
2024;UNIV;F;FINANZIA;30W;ART. 35 C. 2 CCNL 19-21-1,91% M.S. 2018;+
2024;AFAM;U;UTILIZZO;08T;QUOTE CONTRATTATE OPERATORI, ASSISTENTI E FUNZIONARI;+
2024;SCLA;F;FINANZIA;09Z;ART 1 C 592 L 205/2017 - RIS PROF DOCENTI IST SCOL STATALI;+
2024;UNIV;U;UTILIZZO;20S;DIFFERENZIALI STIPENDIALI IN ESSERE NON DISPONIBILI ALLA CI;+
2024;AGID;F;FINANZIA;20S;ART 49 C 2 CCNL 19-21 - RIS DIFF STIP PRECED CARICO BILANCIO;+
2024;EPNE;F;FINANZIA;20S;ART 49 C 2 CCNL 19-21 - RIS DIFF STIP PRECED CARICO BILANCIO;+
2024;PCMD;F;FINANZIA;21T;ART 73 C 3 L C) CCNL 16-18 - SPEC. DISP. LEGGE ECC.;+
2024;PCMD;F;FINANZIA;21U;ART 73 C 3 L D) CCNL 16-18 - RIA IND PRES. CESSATI MENS RES;+
2024;AGFI;U;UTILIZZO;05Z;ART 77 C 2 L F) CCNL 16-18 - RETR POSIZIONE OLTRE MIN P.O.P.;+
2024;PCMD;U;UTILIZZO;06B;PRESTAZIONI LAVORO STRAORDINARIO;+
2024;MNST;U;UTILIZZO;06D;CCNL 16-18 ART. 69 C. 1 L. A-B - RETRIBUZIONE DI POSIZIONE;+
2024;ERIC;F;FINANZIA;00O;ALTRE RISORSE NON COMPRESE FRA LE PRECEDENTI;+
2024;SCLA;U;UTILIZZO;06T;ART 40 C 4 L G) - DOC VAL MERITO EX ART 1 C 128 L 107/15;+
2024;ERIC;F;FINANZIA;08Z;(SOLO ASI) ART 90 C 2 L C) CCNL 16-18 - 0,50% MS 2003;+
2024;SSNA;F;FINANZIA;20Y;ART 91 C 3 L C CCNL 16-18 - DEC. DOT ORG (MOD RAMI AZ.LI);-
2024;MNST;F;FINANZIA;24O;ART 1 DL 80/2021 - INCREM. ASS TD FINANZ DIRETTO PNRR;+
2024;EPNE;F;FINANZIA;24T;ART 1 C 604 L 234/2021 - INCREM 0,22% M.S. 2018 DAL 1.1.2022;+
2024;SSNA;F;FINANZIA;24T;ART 1 C 604 L 234/2021 - INCREM 0,22% M.S. 2018 DAL 1.1.2022;+
2024;SCLA;F;FINANZIA;09U;ART 40 C 1 L F) CCNL 16-18 - RIS ORE ECCED SOST COLL ASSENTI;+
2024;UCAM;F;FINANZIA;23N;ART 64BIS C 1 L F) CCNL 16-18 - EL PER CESSATI ANNO PREC;+
2024;ENAC;F;FINANZIA;27U;ART 60 2 C CCNL 19-21 - 0,81% M.S. 2018;+
2024;CDIP;F;FINANZIA;29L;INCREMENTI ACCORDO 19-21 (ART. 3 C.1 LETT G) DPR 195/22);+
2024;SSNA;F;FINANZIA;10T;ART 1 C 430 L 205/17 - 5% DEL 30% C 424 (RICERCATORI ESTERO);+
2024;SSNA;U;UTILIZZO;04E;PERFORMANCE INDIVIDUALE;+
2024;SSNA;U;UTILIZZO;04G;COMPENSI LAVORO STRAORDINARIO COLLABORATORI DI RICERCA;+
2024;ERIC;F;FINANZIA;10M;ART 9 C 3 DL 90/2014 - COMP AVVOCATI CARICO CONTROPARTI;+
2024;SSNA;F;FINANZIA;10M;ART 9 C 3 DL 90/2014 - COMP AVVOCATI CARICO CONTROPARTI;+
2024;RESI;F;FINANZIA;10M;ART 9 C 3 DL 90/2014 - COMP AVVOCATI CARICO CONTROPARTI;+
2024;ERIC;F;FINANZIA;10N;ART 9 C 6 DL 90/2014 - COMP AVVOCATI SPESE COMPENSATE;+
2024;UNIV;F;FINANZIA;10N;ART 9 C 6 DL 90/2014 - COMP AVVOCATI SPESE COMPENSATE;+
2024;RESI;U;UTILIZZO;04M;COMPENSI PER LAVORO STRAORDINARIO;+
2024;RESI;U;UTILIZZO;04S;PRODUTTIVITÀ / PERFORMANCE INDIVIDUALE;+
2024;ENAC;F;FINANZIA;12Q;INCREMENTI CCNL 16-18 (ART. 105 C. 1);+
2024;SSNA;U;UTILIZZO;04X;INDENNITÀ SPECIFICITÀ MEDICO-VETERINARIA;+
2024;SCLA;F;FINANZIA;12O;INCREMENTI CCNL 16-18 (ART. 41 C. 2);+
2024;AGFI;F;FINANZIA;15V;ART 28 C 2 CCNL 02-05 - ONERI CARICO BILANCIO P.O.P.;+
